fact,statistic,level,economies,median,p25,p75,pooled,frequency,sample,method,source,iso3
F01,"mean annual growth of real output, per cent",developed,65,3.266,2.524,4.352,,annual,"1950-2019, economies with 20 or more years",per economy the mean of 100 x annual log change of rgdpna,macro/pwt,ABW ARE ATG AUS AUT BEL BGR BHR BHS BMU BRB BRN CAN CHE CHL CRI CYM CYP CZE DEU DNK ESP EST FIN FRA GBR GRC GUY HKG HRV HUN IRL ISL ISR ITA JPN KNA KOR KWT LTU LUX LVA MAC MLT NLD NOR NZL OMN PAN POL PRT QAT ROU RUS SAU SGP SVK SVN SWE SYC TCA TTO URY USA VGB
F01,"mean annual growth of real output, per cent",emerging,51,3.784,2.865,4.751,,annual,"1950-2019, economies with 20 or more years",per economy the mean of 100 x annual log change of rgdpna,macro/pwt,ALB ARG ARM AZE BIH BLR BLZ BRA BWA CHN COL CPV DMA DOM DZA ECU FJI GAB GEO GNQ GRD GTM IDN IRN IRQ JAM JOR KAZ LCA LKA MDA MDV MEX MKD MNE MNG MUS MYS PER PHL PRY SLV SRB SUR THA TKM TUR UKR VCT VNM ZAF
F01,"mean annual growth of real output, per cent",developing,63,3.847,2.938,4.429,,annual,"1950-2019, economies with 20 or more years",per economy the mean of 100 x annual log change of rgdpna,macro/pwt,AGO BDI BEN BFA BGD BOL BTN CAF CIV CMR COD COG COM DJI EGY ETH GHA GIN GMB GNB HND HTI IND KEN KGZ KHM LAO LBN LBR LSO MAR MDG MLI MMR MOZ MRT MWI NAM NER NGA NIC NPL PAK PSE RWA SDN SEN SLE SOM STP SWZ SYR TCD TGO TJK TUN TZA UGA UZB VEN YEM ZMB ZWE
F01,mean expansion length over mean recession length,developed,39,4.615,2.274,6.716,,quarterly,"quarterly real GDP to 2019Q4, economies with 80 or more consecutive quarters","Harding-Pagan dating of log real GDP (window 2 quarters, phase 2, cycle 5, ends censored); unadjusted series deseasonalised by quarter means around a centred 2x4 moving average; economies with at least one complete expansion and recession","macro/qna (OECD QNA, IMF QNEA)",AUS AUT BEL BGR CAN CHE CHL CRI CYP CZE DEU DNK ESP EST FIN FRA GBR GRC HRV HUN IRL ISL ITA JPN KOR LTU LUX LVA MLT NLD NOR NZL POL PRT ROU SGP SVN SWE USA
F01,mean expansion length over mean recession length,emerging,13,4.1,2.75,6.308,,quarterly,"quarterly real GDP to 2019Q4, economies with 80 or more consecutive quarters","Harding-Pagan dating of log real GDP (window 2 quarters, phase 2, cycle 5, ends censored); unadjusted series deseasonalised by quarter means around a centred 2x4 moving average; economies with at least one complete expansion and recession","macro/qna (OECD QNA, IMF QNEA)",ALB BIH BRA DOM ECU JAM JOR KAZ MEX MKD PRY SRB TUR
F01,mean expansion length over mean recession length,developing,1,1.52,1.52,1.52,,quarterly,"quarterly real GDP to 2019Q4, economies with 80 or more consecutive quarters","Harding-Pagan dating of log real GDP (window 2 quarters, phase 2, cycle 5, ends censored); unadjusted series deseasonalised by quarter means around a centred 2x4 moving average; economies with at least one complete expansion and recession","macro/qna (OECD QNA, IMF QNEA)",HND
F01,"mean recession length, quarters",developed,41,4,3.167,6,,quarterly,"quarterly real GDP to 2019Q4, economies with 80 or more consecutive quarters","Harding-Pagan dating of log real GDP (window 2 quarters, phase 2, cycle 5, ends censored); unadjusted series deseasonalised by quarter means around a centred 2x4 moving average","macro/qna (OECD QNA, IMF QNEA)",AUS AUT BEL BGR CAN CHE CHL CRI CYP CZE DEU DNK ESP EST FIN FRA GBR GRC HRV HUN IRL ISL ISR ITA JPN KOR LTU LUX LVA MLT NLD NOR NZL POL PRT ROU SGP SVK SVN SWE USA
F01,"mean recession length, quarters",emerging,15,3.25,2.5,3.875,,quarterly,"quarterly real GDP to 2019Q4, economies with 80 or more consecutive quarters","Harding-Pagan dating of log real GDP (window 2 quarters, phase 2, cycle 5, ends censored); unadjusted series deseasonalised by quarter means around a centred 2x4 moving average","macro/qna (OECD QNA, IMF QNEA)",ALB BIH BRA DOM ECU JAM JOR KAZ MEX MKD PHL PRY SRB TUR ZAF
F01,"mean recession length, quarters",developing,1,12.5,12.5,12.5,,quarterly,"quarterly real GDP to 2019Q4, economies with 80 or more consecutive quarters","Harding-Pagan dating of log real GDP (window 2 quarters, phase 2, cycle 5, ends censored); unadjusted series deseasonalised by quarter means around a centred 2x4 moving average","macro/qna (OECD QNA, IMF QNEA)",HND
F01,coefficient of variation of expansion lengths,developed,33,0.7028,0.5957,0.8703,,quarterly,"quarterly real GDP to 2019Q4, economies with 80 or more consecutive quarters","Harding-Pagan dating of log real GDP (window 2 quarters, phase 2, cycle 5, ends censored); unadjusted series deseasonalised by quarter means around a centred 2x4 moving average; sample sd over mean, economies with two or more complete expansions","macro/qna (OECD QNA, IMF QNEA)",AUS AUT BEL BGR CAN CHE CHL CRI CYP CZE DEU DNK EST FIN FRA GBR GRC HRV HUN IRL ISL ITA JPN KOR LUX LVA MLT NOR NZL PRT ROU SGP USA
F01,coefficient of variation of expansion lengths,emerging,10,0.6049,0.5155,0.6881,,quarterly,"quarterly real GDP to 2019Q4, economies with 80 or more consecutive quarters","Harding-Pagan dating of log real GDP (window 2 quarters, phase 2, cycle 5, ends censored); unadjusted series deseasonalised by quarter means around a centred 2x4 moving average; sample sd over mean, economies with two or more complete expansions","macro/qna (OECD QNA, IMF QNEA)",BRA DOM ECU JAM JOR KAZ MEX PRY SRB TUR
F01,mean expansion length over mean recession length (annual dating),developed,64,5.619,3.181,7.612,,annual,"1950-2019, economies with 20 or more years","Harding-Pagan dating of annual log rgdpna (window 1 year, phase 1, cycle 2, ends censored); annual dating misses short recessions, so lengths run longer than quarterly",macro/pwt,ABW ARE ATG AUS AUT BEL BGR BHR BHS BMU BRB BRN CAN CHE CHL CRI CYP CZE DEU DNK ESP EST FIN FRA GBR GRC GUY HKG HRV HUN IRL ISL ISR ITA JPN KNA KOR KWT LTU LUX LVA MAC MLT NLD NOR NZL OMN PAN POL PRT QAT ROU RUS SAU SGP SVK SVN SWE SYC TCA TTO URY USA VGB
F01,mean expansion length over mean recession length (annual dating),emerging,50,4.778,3.028,8.25,,annual,"1950-2019, economies with 20 or more years","Harding-Pagan dating of annual log rgdpna (window 1 year, phase 1, cycle 2, ends censored); annual dating misses short recessions, so lengths run longer than quarterly",macro/pwt,ALB ARG ARM AZE BIH BLR BLZ BRA BWA CHN CPV DMA DOM DZA ECU FJI GAB GEO GNQ GRD GTM IDN IRN IRQ JAM JOR KAZ LCA LKA MDA MDV MEX MKD MNE MNG MUS MYS PER PHL PRY SLV SRB SUR THA TKM TUR UKR VCT VNM ZAF
F01,mean expansion length over mean recession length (annual dating),developing,59,3.2,2.52,4.938,,annual,"1950-2019, economies with 20 or more years","Harding-Pagan dating of annual log rgdpna (window 1 year, phase 1, cycle 2, ends censored); annual dating misses short recessions, so lengths run longer than quarterly",macro/pwt,AGO BDI BEN BFA BGD BOL CAF CIV CMR COD COG COM DJI EGY ETH GHA GIN GMB GNB HND HTI IND KEN KGZ KHM LAO LBN LBR LSO MAR MDG MLI MMR MOZ MRT MWI NAM NER NGA NIC NPL PSE RWA SDN SEN SLE SOM STP SWZ SYR TCD TGO TUN TZA UGA VEN YEM ZMB ZWE
F01,"mean recession length, quarters (annual dating, years x 4)",developed,65,6,4.571,6.8,,annual,"1950-2019, economies with 20 or more years","Harding-Pagan dating of annual log rgdpna (window 1 year, phase 1, cycle 2, ends censored); annual dating misses short recessions, so lengths run longer than quarterly",macro/pwt,ABW ARE ATG AUS AUT BEL BGR BHR BHS BMU BRB BRN CAN CHE CHL CRI CYM CYP CZE DEU DNK ESP EST FIN FRA GBR GRC GUY HKG HRV HUN IRL ISL ISR ITA JPN KNA KOR KWT LTU LUX LVA MAC MLT NLD NOR NZL OMN PAN POL PRT QAT ROU RUS SAU SGP SVK SVN SWE SYC TCA TTO URY USA VGB
F01,"mean recession length, quarters (annual dating, years x 4)",emerging,51,5.143,4,6,,annual,"1950-2019, economies with 20 or more years","Harding-Pagan dating of annual log rgdpna (window 1 year, phase 1, cycle 2, ends censored); annual dating misses short recessions, so lengths run longer than quarterly",macro/pwt,ALB ARG ARM AZE BIH BLR BLZ BRA BWA CHN COL CPV DMA DOM DZA ECU FJI GAB GEO GNQ GRD GTM IDN IRN IRQ JAM JOR KAZ LCA LKA MDA MDV MEX MKD MNE MNG MUS MYS PER PHL PRY SLV SRB SUR THA TKM TUR UKR VCT VNM ZAF
F01,"mean recession length, quarters (annual dating, years x 4)",developing,61,5.333,4.571,6.4,,annual,"1950-2019, economies with 20 or more years","Harding-Pagan dating of annual log rgdpna (window 1 year, phase 1, cycle 2, ends censored); annual dating misses short recessions, so lengths run longer than quarterly",macro/pwt,AGO BDI BEN BFA BGD BOL BTN CAF CIV CMR COD COG COM DJI EGY ETH GHA GIN GMB GNB HND HTI IND KEN KGZ KHM LAO LBN LBR LSO MAR MDG MLI MMR MOZ MRT MWI NAM NER NGA NIC NPL PAK PSE RWA SDN SEN SLE SOM STP SWZ SYR TCD TGO TUN TZA UGA VEN YEM ZMB ZWE
F01,"mean recession length, quarters (Calderón and Fuentes)",developed,6,3.15,3,3.675,,quarterly,1980Q1-2006Q2,"per-economy values typed from Calderón and Fuentes (2010) Table 1, grouped by current World Bank level",macro/typed_calderon_fuentes,CHL CRI HKG KOR SGP URY
F01,"mean recession length, quarters (Calderón and Fuentes)",emerging,13,3.7,3.2,4.5,,quarterly,1980Q1-2006Q2,"per-economy values typed from Calderón and Fuentes (2010) Table 1, grouped by current World Bank level",macro/typed_calderon_fuentes,ARG BRA COL ECU IDN MEX MYS PER PHL PRY THA TUR ZAF
F01,"mean recession length, quarters (Calderón and Fuentes)",developing,3,3,3,3.8,,quarterly,1980Q1-2006Q2,"per-economy values typed from Calderón and Fuentes (2010) Table 1, grouped by current World Bank level",macro/typed_calderon_fuentes,BOL IND VEN
F01,mean expansion length over mean recession length (Calderón and Fuentes),developed,5,4.533,3.6,5.079,,quarterly,1980Q1-2006Q2,"per-economy values typed from Calderón and Fuentes (2010) Table 1, grouped by current World Bank level",macro/typed_calderon_fuentes,CHL CRI HKG SGP URY
F01,mean expansion length over mean recession length (Calderón and Fuentes),emerging,12,3.263,2.057,5.147,,quarterly,1980Q1-2006Q2,"per-economy values typed from Calderón and Fuentes (2010) Table 1, grouped by current World Bank level",macro/typed_calderon_fuentes,ARG BRA COL ECU IDN MEX MYS PER PHL PRY TUR ZAF
F01,mean expansion length over mean recession length (Calderón and Fuentes),developing,2,5.685,3.527,7.842,,quarterly,1980Q1-2006Q2,"per-economy values typed from Calderón and Fuentes (2010) Table 1, grouped by current World Bank level",macro/typed_calderon_fuentes,IND VEN
F02,sd of cyclical fixed investment over sd of cyclical output,developed,43,3.184,2.566,3.893,,quarterly,"quarterly to 2019Q4, economies with 40 or more common consecutive quarters",HP 1600 on logs (the unemployment rate in levels) over each pair's common quarters; unadjusted series deseasonalised by quarter means around a centred 2x4 moving average,"macro/qna, macro/labour_q",AUS AUT BEL BGR CAN CHE CHL CRI CYP CZE DEU DNK ESP EST FIN FRA GBR GRC HRV HUN IRL ISL ISR ITA JPN KOR LTU LUX LVA MLT NLD NOR NZL POL PRT ROU RUS SAU SGP SVK SVN SWE USA
F02,sd of cyclical fixed investment over sd of cyclical output,emerging,24,3.215,2.615,4.03,,quarterly,"quarterly to 2019Q4, economies with 40 or more common consecutive quarters",HP 1600 on logs (the unemployment rate in levels) over each pair's common quarters; unadjusted series deseasonalised by quarter means around a centred 2x4 moving average,"macro/qna, macro/labour_q",ALB ARG ARM BIH BRA BWA COL CPV DOM ECU IDN LKA MEX MNE PER PHL PRY SLV SRB THA TUR UKR XKX ZAF
F02,sd of cyclical fixed investment over sd of cyclical output,developing,5,4.592,2.546,4.976,,quarterly,"quarterly to 2019Q4, economies with 40 or more common consecutive quarters",HP 1600 on logs (the unemployment rate in levels) over each pair's common quarters; unadjusted series deseasonalised by quarter means around a centred 2x4 moving average,"macro/qna, macro/labour_q",HND IND NGA NIC RWA
F02,"sd of cyclical household consumption of semi-durables, non-durables and services (their volumes summed) over sd of cyclical output",developed,34,0.7649,0.5845,0.9308,,quarterly,"quarterly to 2019Q4, economies with 40 or more common consecutive quarters",HP 1600 on logs (the unemployment rate in levels) over each pair's common quarters; unadjusted series deseasonalised by quarter means around a centred 2x4 moving average,"macro/qna, macro/labour_q",AUT BEL CAN CHL CRI CZE DEU DNK ESP EST FIN FRA GBR GRC HRV HUN IRL ISL ISR ITA JPN KOR LTU LUX LVA NLD NOR NZL POL ROU SVK SVN SWE USA
F02,"sd of cyclical household consumption of semi-durables, non-durables and services (their volumes summed) over sd of cyclical output",emerging,2,0.7414,0.7171,0.7656,,quarterly,"quarterly to 2019Q4, economies with 40 or more common consecutive quarters",HP 1600 on logs (the unemployment rate in levels) over each pair's common quarters; unadjusted series deseasonalised by quarter means around a centred 2x4 moving average,"macro/qna, macro/labour_q",COL TUR
F02,"sd of cyclical private consumption (households and NPISH, durables included) over sd of cyclical output",developed,43,0.9593,0.7481,1.217,,quarterly,"quarterly to 2019Q4, economies with 40 or more common consecutive quarters",HP 1600 on logs (the unemployment rate in levels) over each pair's common quarters; unadjusted series deseasonalised by quarter means around a centred 2x4 moving average,"macro/qna, macro/labour_q",AUS AUT BEL BGR CAN CHE CHL CRI CYP CZE DEU DNK ESP EST FIN FRA GBR GRC HRV HUN IRL ISL ISR ITA JPN KOR LTU LUX LVA MLT NLD NOR NZL POL PRT ROU RUS SAU SGP SVK SVN SWE USA
F02,"sd of cyclical private consumption (households and NPISH, durables included) over sd of cyclical output",emerging,25,1.096,0.9023,1.362,,quarterly,"quarterly to 2019Q4, economies with 40 or more common consecutive quarters",HP 1600 on logs (the unemployment rate in levels) over each pair's common quarters; unadjusted series deseasonalised by quarter means around a centred 2x4 moving average,"macro/qna, macro/labour_q",ALB ARG ARM BIH BRA BWA COL CPV DOM ECU IDN LKA MEX MKD MNE PER PHL PRY SLV SRB THA TUR UKR XKX ZAF
F02,"sd of cyclical private consumption (households and NPISH, durables included) over sd of cyclical output",developing,5,1.002,0.852,1.284,,quarterly,"quarterly to 2019Q4, economies with 40 or more common consecutive quarters",HP 1600 on logs (the unemployment rate in levels) over each pair's common quarters; unadjusted series deseasonalised by quarter means around a centred 2x4 moving average,"macro/qna, macro/labour_q",HND IND NGA NIC RWA
F03,"correlation of cyclical household consumption of semi-durables, non-durables and services (their volumes summed) with cyclical output",developed,34,0.6585,0.5545,0.7563,,quarterly,"quarterly to 2019Q4, economies with 40 or more common consecutive quarters",HP 1600 on logs (the unemployment rate in levels) over each pair's common quarters; unadjusted series deseasonalised by quarter means around a centred 2x4 moving average,"macro/qna, macro/labour_q",AUT BEL CAN CHL CRI CZE DEU DNK ESP EST FIN FRA GBR GRC HRV HUN IRL ISL ISR ITA JPN KOR LTU LUX LVA NLD NOR NZL POL ROU SVK SVN SWE USA
F03,"correlation of cyclical household consumption of semi-durables, non-durables and services (their volumes summed) with cyclical output",emerging,2,0.6868,0.632,0.7415,,quarterly,"quarterly to 2019Q4, economies with 40 or more common consecutive quarters",HP 1600 on logs (the unemployment rate in levels) over each pair's common quarters; unadjusted series deseasonalised by quarter means around a centred 2x4 moving average,"macro/qna, macro/labour_q",COL TUR
F03,"correlation of cyclical private consumption (households and NPISH, durables included) with cyclical output",developed,43,0.6663,0.5268,0.7761,,quarterly,"quarterly to 2019Q4, economies with 40 or more common consecutive quarters",HP 1600 on logs (the unemployment rate in levels) over each pair's common quarters; unadjusted series deseasonalised by quarter means around a centred 2x4 moving average,"macro/qna, macro/labour_q",AUS AUT BEL BGR CAN CHE CHL CRI CYP CZE DEU DNK ESP EST FIN FRA GBR GRC HRV HUN IRL ISL ISR ITA JPN KOR LTU LUX LVA MLT NLD NOR NZL POL PRT ROU RUS SAU SGP SVK SVN SWE USA
F03,"correlation of cyclical private consumption (households and NPISH, durables included) with cyclical output",emerging,25,0.741,0.4701,0.8307,,quarterly,"quarterly to 2019Q4, economies with 40 or more common consecutive quarters",HP 1600 on logs (the unemployment rate in levels) over each pair's common quarters; unadjusted series deseasonalised by quarter means around a centred 2x4 moving average,"macro/qna, macro/labour_q",ALB ARG ARM BIH BRA BWA COL CPV DOM ECU IDN LKA MEX MKD MNE PER PHL PRY SLV SRB THA TUR UKR XKX ZAF
F03,"correlation of cyclical private consumption (households and NPISH, durables included) with cyclical output",developing,5,0.7158,0.5487,0.7416,,quarterly,"quarterly to 2019Q4, economies with 40 or more common consecutive quarters",HP 1600 on logs (the unemployment rate in levels) over each pair's common quarters; unadjusted series deseasonalised by quarter means around a centred 2x4 moving average,"macro/qna, macro/labour_q",HND IND NGA NIC RWA
F03,correlation of cyclical fixed investment with cyclical output,developed,43,0.7116,0.5971,0.7917,,quarterly,"quarterly to 2019Q4, economies with 40 or more common consecutive quarters",HP 1600 on logs (the unemployment rate in levels) over each pair's common quarters; unadjusted series deseasonalised by quarter means around a centred 2x4 moving average,"macro/qna, macro/labour_q",AUS AUT BEL BGR CAN CHE CHL CRI CYP CZE DEU DNK ESP EST FIN FRA GBR GRC HRV HUN IRL ISL ISR ITA JPN KOR LTU LUX LVA MLT NLD NOR NZL POL PRT ROU RUS SAU SGP SVK SVN SWE USA
F03,correlation of cyclical fixed investment with cyclical output,emerging,24,0.7058,0.4404,0.799,,quarterly,"quarterly to 2019Q4, economies with 40 or more common consecutive quarters",HP 1600 on logs (the unemployment rate in levels) over each pair's common quarters; unadjusted series deseasonalised by quarter means around a centred 2x4 moving average,"macro/qna, macro/labour_q",ALB ARG ARM BIH BRA BWA COL CPV DOM ECU IDN LKA MEX MNE PER PHL PRY SLV SRB THA TUR UKR XKX ZAF
F03,correlation of cyclical fixed investment with cyclical output,developing,5,0.5916,0.4308,0.6669,,quarterly,"quarterly to 2019Q4, economies with 40 or more common consecutive quarters",HP 1600 on logs (the unemployment rate in levels) over each pair's common quarters; unadjusted series deseasonalised by quarter means around a centred 2x4 moving average,"macro/qna, macro/labour_q",HND IND NGA NIC RWA
F03,correlation of cyclical employment with cyclical output,developed,41,0.5457,0.3977,0.7325,,quarterly,"quarterly to 2019Q4, economies with 40 or more common consecutive quarters",HP 1600 on logs (the unemployment rate in levels) over each pair's common quarters; unadjusted series deseasonalised by quarter means around a centred 2x4 moving average,"macro/qna, macro/labour_q",AUS AUT BEL BGR CAN CHE CHL CYP CZE DEU DNK ESP EST FIN FRA GBR GRC HRV HUN IRL ISL ISR ITA JPN KOR LTU LUX LVA MLT NLD NOR NZL POL PRT ROU RUS SGP SVK SVN SWE USA
F03,correlation of cyclical employment with cyclical output,emerging,13,0.2804,0.07668,0.4001,,quarterly,"quarterly to 2019Q4, economies with 40 or more common consecutive quarters",HP 1600 on logs (the unemployment rate in levels) over each pair's common quarters; unadjusted series deseasonalised by quarter means around a centred 2x4 moving average,"macro/qna, macro/labour_q",ALB ARM COL KAZ MEX MKD MNE PER PHL PRY TUR UKR ZAF
F03,correlation of cyclical unemployment rate with cyclical output,developed,41,-0.6552,-0.7525,-0.5178,,quarterly,"quarterly to 2019Q4, economies with 40 or more common consecutive quarters",HP 1600 on logs (the unemployment rate in levels) over each pair's common quarters; unadjusted series deseasonalised by quarter means around a centred 2x4 moving average,"macro/qna, macro/labour_q",AUS AUT BEL BGR CAN CHE CHL CYP CZE DEU DNK ESP EST FIN FRA GBR GRC HRV HUN IRL ISL ISR ITA JPN KOR LTU LUX LVA MLT NLD NOR NZL POL PRT ROU RUS SGP SVK SVN SWE USA
F03,correlation of cyclical unemployment rate with cyclical output,emerging,12,-0.3969,-0.711,-0.2491,,quarterly,"quarterly to 2019Q4, economies with 40 or more common consecutive quarters",HP 1600 on logs (the unemployment rate in levels) over each pair's common quarters; unadjusted series deseasonalised by quarter means around a centred 2x4 moving average,"macro/qna, macro/labour_q",ARM COL KAZ MEX MKD MNE PER PHL PRY TUR UKR ZAF
F02,sd of cyclical fixed investment over sd of cyclical output (annual),developed,53,3.025,2.693,3.896,,annual,"1960-2019, economies with 20 or more common years",HP 100 on annual logs over each pair's common years,macro/annual (WDI),AUS AUT BEL BGR BHR BHS BRN CAN CHE CHL CRI CYP CZE DEU DNK ESP EST FIN FRA GBR GRC HKG HRV HUN IRL ISL ISR ITA JPN KOR LTU LUX LVA MAC MLT NLD NOR NZL OMN PAN POL PRI PRT ROU RUS SAU SGP SVK SVN SWE SYC URY USA
F02,sd of cyclical fixed investment over sd of cyclical output (annual),emerging,34,3.263,2.946,3.893,,annual,"1960-2019, economies with 20 or more common years",HP 100 on annual logs over each pair's common years,macro/annual (WDI),ALB ARG ARM BIH BLR BLZ BRA BWA COL CUB DOM DZA ECU GAB GTM IDN IRN KAZ MDA MEX MKD MUS MYS PER PHL PRY SLV SRB THA TON TUR UKR VNM ZAF
F02,sd of cyclical fixed investment over sd of cyclical output (annual),developing,41,3.713,2.768,5.446,,annual,"1960-2019, economies with 20 or more common years",HP 100 on annual logs over each pair's common years,macro/annual (WDI),BEN BFA BGD BOL BTN CIV CMR COD COG COM EGY GNB HND HTI IND KEN KHM LBN LSO MAR MDG MLI MRT NAM NER NIC PAK PSE RWA SEN SLB SLE SYR TGO TLS TUN TZA UGA UZB VEN YEM
F02,sd of cyclical household consumption over sd of cyclical output (annual),developed,53,1.137,0.9637,1.355,,annual,"1960-2019, economies with 20 or more common years",HP 100 on annual logs over each pair's common years,macro/annual (WDI),AUS AUT BEL BGR BHR BHS BRN CAN CHE CHL CRI CYP CZE DEU DNK ESP EST FIN FRA GBR GRC HKG HRV HUN IRL ISL ISR ITA JPN KOR LTU LUX LVA MAC MLT NLD NOR NZL OMN PAN POL PRI PRT QAT ROU RUS SAU SGP SVK SVN SWE SYC USA
F02,sd of cyclical household consumption over sd of cyclical output (annual),emerging,35,1.175,1.031,1.429,,annual,"1960-2019, economies with 20 or more common years",HP 100 on annual logs over each pair's common years,macro/annual (WDI),ALB ARG ARM BIH BLR BLZ BRA BWA CHN COL CUB DOM DZA ECU GAB GTM IDN IRN KAZ MDA MEX MKD MUS MYS PER PHL PRY SLV SRB THA TON TUR UKR VNM ZAF
F02,sd of cyclical household consumption over sd of cyclical output (annual),developing,41,1.423,1.067,1.726,,annual,"1960-2019, economies with 20 or more common years",HP 100 on annual logs over each pair's common years,macro/annual (WDI),BDI BEN BFA BGD BOL BTN CMR COD COG COM EGY GNB HND HTI IND KEN KHM LBN LSO MAR MDG MLI MOZ MRT NAM NER NIC PAK PSE RWA SDN SEN SLE SYR TGO TJK TLS TUN TZA UGA YEM
F03,correlation of cyclical household consumption with cyclical output (annual),developed,53,0.7694,0.6161,0.8481,,annual,"1960-2019, economies with 20 or more common years",HP 100 on annual logs over each pair's common years,macro/annual (WDI),AUS AUT BEL BGR BHR BHS BRN CAN CHE CHL CRI CYP CZE DEU DNK ESP EST FIN FRA GBR GRC HKG HRV HUN IRL ISL ISR ITA JPN KOR LTU LUX LVA MAC MLT NLD NOR NZL OMN PAN POL PRI PRT QAT ROU RUS SAU SGP SVK SVN SWE SYC USA
F03,correlation of cyclical household consumption with cyclical output (annual),emerging,35,0.7649,0.631,0.9059,,annual,"1960-2019, economies with 20 or more common years",HP 100 on annual logs over each pair's common years,macro/annual (WDI),ALB ARG ARM BIH BLR BLZ BRA BWA CHN COL CUB DOM DZA ECU GAB GTM IDN IRN KAZ MDA MEX MKD MUS MYS PER PHL PRY SLV SRB THA TON TUR UKR VNM ZAF
F03,correlation of cyclical household consumption with cyclical output (annual),developing,41,0.5706,0.4034,0.7178,,annual,"1960-2019, economies with 20 or more common years",HP 100 on annual logs over each pair's common years,macro/annual (WDI),BDI BEN BFA BGD BOL BTN CMR COD COG COM EGY GNB HND HTI IND KEN KHM LBN LSO MAR MDG MLI MOZ MRT NAM NER NIC PAK PSE RWA SDN SEN SLE SYR TGO TJK TLS TUN TZA UGA YEM
F03,correlation of cyclical fixed investment with cyclical output (annual),developed,53,0.8359,0.6594,0.885,,annual,"1960-2019, economies with 20 or more common years",HP 100 on annual logs over each pair's common years,macro/annual (WDI),AUS AUT BEL BGR BHR BHS BRN CAN CHE CHL CRI CYP CZE DEU DNK ESP EST FIN FRA GBR GRC HKG HRV HUN IRL ISL ISR ITA JPN KOR LTU LUX LVA MAC MLT NLD NOR NZL OMN PAN POL PRI PRT ROU RUS SAU SGP SVK SVN SWE SYC URY USA
F03,correlation of cyclical fixed investment with cyclical output (annual),emerging,34,0.7724,0.6519,0.8748,,annual,"1960-2019, economies with 20 or more common years",HP 100 on annual logs over each pair's common years,macro/annual (WDI),ALB ARG ARM BIH BLR BLZ BRA BWA COL CUB DOM DZA ECU GAB GTM IDN IRN KAZ MDA MEX MKD MUS MYS PER PHL PRY SLV SRB THA TON TUR UKR VNM ZAF
F03,correlation of cyclical fixed investment with cyclical output (annual),developing,41,0.5299,0.3291,0.6948,,annual,"1960-2019, economies with 20 or more common years",HP 100 on annual logs over each pair's common years,macro/annual (WDI),BEN BFA BGD BOL BTN CIV CMR COD COG COM EGY GNB HND HTI IND KEN KHM LBN LSO MAR MDG MLI MRT NAM NER NIC PAK PSE RWA SEN SLB SLE SYR TGO TLS TUN TZA UGA UZB VEN YEM
F02,sd of cyclical fixed investment over sd of cyclical output (Aguiar and Gopinath),developed,16,3.54,2.848,3.765,,quarterly,the paper's samples (1980s-2003),"per-economy values typed from Aguiar and Gopinath (HP 1600), grouped by current World Bank level",macro/typed_aguiar_gopinath,AUS AUT BEL CAN CHE DNK ESP FIN ISR KOR NLD NOR NZL PRT SVK SWE
F02,sd of cyclical fixed investment over sd of cyclical output (Aguiar and Gopinath),emerging,10,3.715,2.803,4.508,,quarterly,the paper's samples (1980s-2003),"per-economy values typed from Aguiar and Gopinath (HP 1600), grouped by current World Bank level",macro/typed_aguiar_gopinath,ARG BRA ECU MEX MYS PER PHL THA TUR ZAF
F02,sd of cyclical private consumption over sd of cyclical output (Aguiar and Gopinath),developed,16,0.995,0.855,1.2,,quarterly,the paper's samples (1980s-2003),"per-economy values typed from Aguiar and Gopinath (HP 1600), grouped by current World Bank level",macro/typed_aguiar_gopinath,AUS AUT BEL CAN CHE DNK ESP FIN ISR KOR NLD NOR NZL PRT SVK SWE
F02,sd of cyclical private consumption over sd of cyclical output (Aguiar and Gopinath),emerging,10,1.31,1.09,1.677,,quarterly,the paper's samples (1980s-2003),"per-economy values typed from Aguiar and Gopinath (HP 1600), grouped by current World Bank level",macro/typed_aguiar_gopinath,ARG BRA ECU MEX MYS PER PHL THA TUR ZAF
F03,correlation of cyclical private consumption with cyclical output (Aguiar and Gopinath),developed,16,0.695,0.4725,0.7775,,quarterly,the paper's samples (1980s-2003),"per-economy values typed from Aguiar and Gopinath (HP 1600), grouped by current World Bank level",macro/typed_aguiar_gopinath,AUS AUT BEL CAN CHE DNK ESP FIN ISR KOR NLD NOR NZL PRT SVK SWE
F03,correlation of cyclical private consumption with cyclical output (Aguiar and Gopinath),emerging,10,0.77,0.7225,0.8975,,quarterly,the paper's samples (1980s-2003),"per-economy values typed from Aguiar and Gopinath (HP 1600), grouped by current World Bank level",macro/typed_aguiar_gopinath,ARG BRA ECU MEX MYS PER PHL THA TUR ZAF
F03,correlation of cyclical fixed investment with cyclical output (Aguiar and Gopinath),developed,16,0.7,0.5925,0.785,,quarterly,the paper's samples (1980s-2003),"per-economy values typed from Aguiar and Gopinath (HP 1600), grouped by current World Bank level",macro/typed_aguiar_gopinath,AUS AUT BEL CAN CHE DNK ESP FIN ISR KOR NLD NOR NZL PRT SVK SWE
F03,correlation of cyclical fixed investment with cyclical output (Aguiar and Gopinath),emerging,10,0.855,0.7775,0.905,,quarterly,the paper's samples (1980s-2003),"per-economy values typed from Aguiar and Gopinath (HP 1600), grouped by current World Bank level",macro/typed_aguiar_gopinath,ARG BRA ECU MEX MYS PER PHL THA TUR ZAF
F02,sd of cyclical fixed investment over sd of cyclical output (Neumeyer and Perri),developed,6,3.115,2.723,3.927,,quarterly,the paper's samples (1980s-2003),"per-economy values typed from Neumeyer and Perri (HP 1600), grouped by current World Bank level",macro/typed_neumeyer_perri,AUS CAN KOR NLD NZL SWE
F02,sd of cyclical fixed investment over sd of cyclical output (Neumeyer and Perri),emerging,4,3.44,3.025,3.982,,quarterly,the paper's samples (1980s-2003),"per-economy values typed from Neumeyer and Perri (HP 1600), grouped by current World Bank level",macro/typed_neumeyer_perri,ARG BRA MEX PHL
F02,sd of cyclical private consumption over sd of cyclical output (Neumeyer and Perri),developed,6,0.925,0.825,1.13,,quarterly,the paper's samples (1980s-2003),"per-economy values typed from Neumeyer and Perri (HP 1600), grouped by current World Bank level",macro/typed_neumeyer_perri,AUS CAN KOR NLD NZL SWE
F02,sd of cyclical private consumption over sd of cyclical output (Neumeyer and Perri),emerging,4,1.145,1.042,1.39,,quarterly,the paper's samples (1980s-2003),"per-economy values typed from Neumeyer and Perri (HP 1600), grouped by current World Bank level",macro/typed_neumeyer_perri,ARG BRA MEX PHL
F03,correlation of cyclical private consumption with cyclical output (Neumeyer and Perri),developed,6,0.68,0.6325,0.8025,,quarterly,the paper's samples (1980s-2003),"per-economy values typed from Neumeyer and Perri (HP 1600), grouped by current World Bank level",macro/typed_neumeyer_perri,AUS CAN KOR NLD NZL SWE
F03,correlation of cyclical private consumption with cyclical output (Neumeyer and Perri),emerging,4,0.81,0.6375,0.9325,,quarterly,the paper's samples (1980s-2003),"per-economy values typed from Neumeyer and Perri (HP 1600), grouped by current World Bank level",macro/typed_neumeyer_perri,ARG BRA MEX PHL
F03,correlation of cyclical fixed investment with cyclical output (Neumeyer and Perri),developed,6,0.77,0.6775,0.855,,quarterly,the paper's samples (1980s-2003),"per-economy values typed from Neumeyer and Perri (HP 1600), grouped by current World Bank level",macro/typed_neumeyer_perri,AUS CAN KOR NLD NZL SWE
F03,correlation of cyclical fixed investment with cyclical output (Neumeyer and Perri),emerging,4,0.87,0.79,0.945,,quarterly,the paper's samples (1980s-2003),"per-economy values typed from Neumeyer and Perri (HP 1600), grouped by current World Bank level",macro/typed_neumeyer_perri,ARG BRA MEX PHL
F03,correlation of cyclical employment with cyclical output (Neumeyer and Perri),developed,6,0.81,0.78,0.885,,quarterly,the paper's samples (1980s-2003),"per-economy values typed from Neumeyer and Perri (HP 1600), grouped by current World Bank level",macro/typed_neumeyer_perri,AUS CAN KOR NLD NZL SWE
F03,correlation of cyclical employment with cyclical output (Neumeyer and Perri),emerging,4,0.46,0.335,0.575,,quarterly,the paper's samples (1980s-2003),"per-economy values typed from Neumeyer and Perri (HP 1600), grouped by current World Bank level",macro/typed_neumeyer_perri,ARG BRA MEX PHL
F04,OLS slope of the change in the unemployment rate on output growth,developed,56,-0.2078,-0.3396,-0.1396,,annual,"to 2019, economies with 15 or more years","per economy OLS of the yearly change in the survey unemployment rate (points) on 100 x the log change of real GDP (WDI, else PWT rgdpna)","macro/annual (ILO national survey estimates, WDI), macro/pwt",AUS AUT BEL BGR BHS BRB CAN CHE CHL CRI CYM CYP CZE DEU DNK ESP EST FIN FRA GBR GRC GRL HKG HRV HUN IMN IRL ISL ISR ITA JPN KOR KWT LTU LUX LVA MAC MLT NLD NOR NZL PAN POL PRI PRT ROU RUS SAU SGP SMR SVK SVN SWE TTO URY USA
F04,OLS slope of the change in the unemployment rate on output growth,emerging,38,-0.1224,-0.1826,-0.046,,annual,"to 2019, economies with 15 or more years","per economy OLS of the yearly change in the survey unemployment rate (points) on 100 x the log change of real GDP (WDI, else PWT rgdpna)","macro/annual (ILO national survey estimates, WDI), macro/pwt",ALB ARG ARM AZE BLR BLZ BRA CHN COL CUB DOM DZA ECU GEO IDN IRN JAM JOR KAZ LCA LKA MDA MEX MKD MNG MUS MYS PER PHL PRY SLV SRB SUR THA TUR UKR VNM ZAF
F04,OLS slope of the change in the unemployment rate on output growth,developing,14,-0.142,-0.236,-0.05403,,annual,"to 2019, economies with 15 or more years","per economy OLS of the yearly change in the survey unemployment rate (points) on 100 x the log change of real GDP (WDI, else PWT rgdpna)","macro/annual (ILO national survey estimates, WDI), macro/pwt",BOL EGY HND KGZ KHM MAR NIC PAK PSE SYR TJK TUN UZB VEN
F05,correlation of cyclical log vacancies with cyclical log unemployment,developed,18,-0.6361,-0.7482,-0.5773,,quarterly,"to 2019Q4, economies with 40 or more common quarters",HP 1e5 on log unfilled vacancies (OECD) and the log unemployment rate over their common quarters,macro/labour_q,AUS AUT BEL BGR CHE CZE DEU ESP FIN GBR HUN LUX NOR POL PRT ROU SWE USA
F06,median slope of wage inflation on the unemployment gap across windows,developed,26,-0.726,-1.208,-0.551,,quarterly,"to 2019Q4, economies with 80 or more common quarters","wage inflation = 400 x quarterly log change of the hourly earnings index (private sector, else manufacturing); gap = unemployment rate less its HP 1600 trend; OLS over 40-quarter windows stepped by 4",macro/labour_q,AUS AUT BEL CAN CZE DEU DNK ESP FRA GBR HUN IRL ISR ITA JPN KOR LUX NLD NOR NZL POL PRT SVK SVN SWE USA
F06,median slope of wage inflation on the unemployment gap across windows,emerging,1,-1.487,-1.487,-1.487,,quarterly,"to 2019Q4, economies with 80 or more common quarters","wage inflation = 400 x quarterly log change of the hourly earnings index (private sector, else manufacturing); gap = unemployment rate less its HP 1600 trend; OLS over 40-quarter windows stepped by 4",macro/labour_q,MEX
F06,share of windows whose slope has the opposite sign to the median's,developed,26,0.06594,0,0.2842,,quarterly,"to 2019Q4, economies with 80 or more common quarters","wage inflation = 400 x quarterly log change of the hourly earnings index (private sector, else manufacturing); gap = unemployment rate less its HP 1600 trend; OLS over 40-quarter windows stepped by 4",macro/labour_q,AUS AUT BEL CAN CZE DEU DNK ESP FRA GBR HUN IRL ISR ITA JPN KOR LUX NLD NOR NZL POL PRT SVK SVN SWE USA
F06,share of windows whose slope has the opposite sign to the median's,emerging,1,0.375,0.375,0.375,,quarterly,"to 2019Q4, economies with 80 or more common quarters","wage inflation = 400 x quarterly log change of the hourly earnings index (private sector, else manufacturing); gap = unemployment rate less its HP 1600 trend; OLS over 40-quarter windows stepped by 4",macro/labour_q,MEX
F07,"exponential-power shape of standardised output growth (1 Laplace, 2 normal)",developed,41,1.17,1.04,1.328,1.11,quarterly,"to 2019Q4, economies with 80 or more quarters",profile maximum likelihood per economy on quarterly log growth standardised by its own mean and sd; 'pooled' is the fit to the level's pooled standardised growths,macro/qna,AUS AUT BEL BGR CAN CHE CHL CRI CYP CZE DEU DNK ESP EST FIN FRA GBR GRC HRV HUN IRL ISL ISR ITA JPN KOR LTU LUX LVA MLT NLD NOR NZL POL PRT ROU SGP SVK SVN SWE USA
F07,"exponential-power shape of standardised output growth (1 Laplace, 2 normal)",emerging,17,1.007,0.7364,1.486,0.8013,quarterly,"to 2019Q4, economies with 80 or more quarters",profile maximum likelihood per economy on quarterly log growth standardised by its own mean and sd; 'pooled' is the fit to the level's pooled standardised growths,macro/qna,ALB BIH BRA DOM ECU IDN JAM JOR KAZ MEX MKD PHL PRY SLV SRB TUR ZAF
F07,"exponential-power shape of standardised output growth (1 Laplace, 2 normal)",developing,1,1.777,1.777,1.777,1.777,quarterly,"to 2019Q4, economies with 80 or more quarters",profile maximum likelihood per economy on quarterly log growth standardised by its own mean and sd; 'pooled' is the fit to the level's pooled standardised growths,macro/qna,HND
F07,exponential-power shape of standardised output growth (annual),developed,65,1.235,1.053,1.59,1.271,annual,"1950-2019, economies with 30 or more years","as the quarterly row, on annual log growth of rgdpna",macro/pwt,ABW ARE ATG AUS AUT BEL BGR BHR BHS BMU BRB BRN CAN CHE CHL CRI CYM CYP CZE DEU DNK ESP EST FIN FRA GBR GRC GUY HKG HRV HUN IRL ISL ISR ITA JPN KNA KOR KWT LTU LUX LVA MAC MLT NLD NOR NZL OMN PAN POL PRT QAT ROU RUS SAU SGP SVK SVN SWE SYC TCA TTO URY USA VGB
F07,exponential-power shape of standardised output growth (annual),emerging,51,0.9703,0.8463,1.34,0.9992,annual,"1950-2019, economies with 30 or more years","as the quarterly row, on annual log growth of rgdpna",macro/pwt,ALB ARG ARM AZE BIH BLR BLZ BRA BWA CHN COL CPV DMA DOM DZA ECU FJI GAB GEO GNQ GRD GTM IDN IRN IRQ JAM JOR KAZ LCA LKA MDA MDV MEX MKD MNE MNG MUS MYS PER PHL PRY SLV SRB SUR THA TKM TUR UKR VCT VNM ZAF
F07,exponential-power shape of standardised output growth (annual),developing,63,1.059,0.8611,1.236,1.042,annual,"1950-2019, economies with 30 or more years","as the quarterly row, on annual log growth of rgdpna",macro/pwt,AGO BDI BEN BFA BGD BOL BTN CAF CIV CMR COD COG COM DJI EGY ETH GHA GIN GMB GNB HND HTI IND KEN KGZ KHM LAO LBN LBR LSO MAR MDG MLI MMR MOZ MRT MWI NAM NER NGA NIC NPL PAK PSE RWA SDN SEN SLE SOM STP SWZ SYR TCD TGO TJK TUN TZA UGA UZB VEN YEM ZMB ZWE
F13,Pareto exponent of top incomes,developed,79,1.838,1.687,1.975,,annual,latest year to 2019,"alpha = 1 / (1 + log10(S0.1 / S1)), S the top 0.1% and top 1% shares (a Pareto tail's identity), latest year to 2019",wid/shares (World Inequality Database),ABW AND ARE ATG AUS AUT BEL BGR BHR BHS BMU BRB BRN CAN CHE CHL CRI CUW CYM CYP CZE DEU DNK ESP EST FIN FRA GBR GIB GRC GRL GUY HKG HRV HUN IMN IRL ISL ISR ITA JPN KNA KOR KWT LIE LTU LUX LVA MAC MCO MLT NCL NLD NOR NRU NZL OMN PAN PLW POL PRI PRT PYF QAT ROU RUS SAU SGP SMR SVK SVN SWE SXM SYC TCA TTO URY USA VGB
F13,Pareto exponent of top incomes,emerging,58,1.808,1.565,2.07,,annual,latest year to 2019,"alpha = 1 / (1 + log10(S0.1 / S1)), S the top 0.1% and top 1% shares (a Pareto tail's identity), latest year to 2019",wid/shares (World Inequality Database),ALB ARG ARM AZE BIH BLR BLZ BRA BWA CHN COL CPV CUB DMA DOM DZA ECU FJI FSM GAB GEO GNQ GRD GTM IDN IRN IRQ JAM JOR KAZ LBY LCA LKA MDA MDV MEX MHL MKD MNE MNG MUS MYS PER PHL PRY SLV SRB SUR THA TKM TON TUR TUV UKR VCT VNM WSM ZAF
F13,Pareto exponent of top incomes,developing,72,2.133,1.867,2.452,,annual,latest year to 2019,"alpha = 1 / (1 + log10(S0.1 / S1)), S the top 0.1% and top 1% shares (a Pareto tail's identity), latest year to 2019",wid/shares (World Inequality Database),AFG AGO BDI BEN BFA BGD BOL BTN CAF CIV CMR COD COG COM DJI EGY ERI ETH GHA GIN GMB GNB HND HTI IND KEN KGZ KHM KIR LAO LBN LBR LSO MAR MDG MLI MMR MOZ MRT MWI NAM NER NGA NIC NPL PAK PNG PRK PSE RWA SDN SEN SLB SLE SOM SSD STP SWZ SYR TCD TGO TJK TLS TUN TZA UGA UZB VEN VUT YEM ZMB ZWE
F13,Pareto exponent of top wealth,developed,79,1.531,1.429,1.668,,annual,latest year to 2019,"alpha = 1 / (1 + log10(S0.1 / S1)), S the top 0.1% and top 1% shares (a Pareto tail's identity), latest year to 2019",wid/shares (World Inequality Database),ABW AND ARE ATG AUS AUT BEL BGR BHR BHS BMU BRB BRN CAN CHE CHL CRI CUW CYM CYP CZE DEU DNK ESP EST FIN FRA GBR GIB GRC GRL GUY HKG HRV HUN IMN IRL ISL ISR ITA JPN KNA KOR KWT LIE LTU LUX LVA MAC MCO MLT NCL NLD NOR NRU NZL OMN PAN PLW POL PRI PRT PYF QAT ROU RUS SAU SGP SMR SVK SVN SWE SXM SYC TCA TTO URY USA VGB
F13,Pareto exponent of top wealth,emerging,58,1.556,1.469,1.627,,annual,latest year to 2019,"alpha = 1 / (1 + log10(S0.1 / S1)), S the top 0.1% and top 1% shares (a Pareto tail's identity), latest year to 2019",wid/shares (World Inequality Database),ALB ARG ARM AZE BIH BLR BLZ BRA BWA CHN COL CPV CUB DMA DOM DZA ECU FJI FSM GAB GEO GNQ GRD GTM IDN IRN IRQ JAM JOR KAZ LBY LCA LKA MDA MDV MEX MHL MKD MNE MNG MUS MYS PER PHL PRY SLV SRB SUR THA TKM TON TUR TUV UKR VCT VNM WSM ZAF
F13,Pareto exponent of top wealth,developing,72,1.556,1.47,1.615,,annual,latest year to 2019,"alpha = 1 / (1 + log10(S0.1 / S1)), S the top 0.1% and top 1% shares (a Pareto tail's identity), latest year to 2019",wid/shares (World Inequality Database),AFG AGO BDI BEN BFA BGD BOL BTN CAF CIV CMR COD COG COM DJI EGY ERI ETH GHA GIN GMB GNB HND HTI IND KEN KGZ KHM KIR LAO LBN LBR LSO MAR MDG MLI MMR MOZ MRT MWI NAM NER NGA NIC NPL PAK PNG PRK PSE RWA SDN SEN SLB SLE SOM SSD STP SWZ SYR TCD TGO TJK TLS TUN TZA UGA UZB VEN VUT YEM ZMB ZWE
F13,wealth's exponent less income's,developed,79,-0.2418,-0.4486,-0.1219,,annual,latest year to 2019,"alpha = 1 / (1 + log10(S0.1 / S1)), S the top 0.1% and top 1% shares (a Pareto tail's identity), latest year to 2019",wid/shares (World Inequality Database),ABW AND ARE ATG AUS AUT BEL BGR BHR BHS BMU BRB BRN CAN CHE CHL CRI CUW CYM CYP CZE DEU DNK ESP EST FIN FRA GBR GIB GRC GRL GUY HKG HRV HUN IMN IRL ISL ISR ITA JPN KNA KOR KWT LIE LTU LUX LVA MAC MCO MLT NCL NLD NOR NRU NZL OMN PAN PLW POL PRI PRT PYF QAT ROU RUS SAU SGP SMR SVK SVN SWE SXM SYC TCA TTO URY USA VGB
F13,wealth's exponent less income's,emerging,58,-0.2833,-0.466,-0.1231,,annual,latest year to 2019,"alpha = 1 / (1 + log10(S0.1 / S1)), S the top 0.1% and top 1% shares (a Pareto tail's identity), latest year to 2019",wid/shares (World Inequality Database),ALB ARG ARM AZE BIH BLR BLZ BRA BWA CHN COL CPV CUB DMA DOM DZA ECU FJI FSM GAB GEO GNQ GRD GTM IDN IRN IRQ JAM JOR KAZ LBY LCA LKA MDA MDV MEX MHL MKD MNE MNG MUS MYS PER PHL PRY SLV SRB SUR THA TKM TON TUR TUV UKR VCT VNM WSM ZAF
F13,wealth's exponent less income's,developing,72,-0.6428,-0.9644,-0.2943,,annual,latest year to 2019,"alpha = 1 / (1 + log10(S0.1 / S1)), S the top 0.1% and top 1% shares (a Pareto tail's identity), latest year to 2019",wid/shares (World Inequality Database),AFG AGO BDI BEN BFA BGD BOL BTN CAF CIV CMR COD COG COM DJI EGY ERI ETH GHA GIN GMB GNB HND HTI IND KEN KGZ KHM KIR LAO LBN LBR LSO MAR MDG MLI MMR MOZ MRT MWI NAM NER NGA NIC NPL PAK PNG PRK PSE RWA SDN SEN SLB SLE SOM SSD STP SWZ SYR TCD TGO TJK TLS TUN TZA UGA UZB VEN VUT YEM ZMB ZWE
F16,concordance of credit and output cycles: the share of years both are in the same phase,developed,18,0.793,0.7229,0.8416,,annual,"1950-2019, JST economies","Harding-Pagan dating (annual: window 1, phase 1, cycle 2) of log real private loans (tloans / cpi) and log real GDP per capita (rgdpbarro); share of years in the same phase",macro/jst,AUS BEL CAN CHE DEU DNK ESP FIN FRA GBR IRL ITA JPN NLD NOR PRT SWE USA
F18,sum of the coefficients on lagged real credit growth,developed,18,,,,7.528,annual,"1876-2019 pooled, 2227 country-years, 73 onsets","pooled logit of a systemic-crisis onset (crisisJST, years after a crisis year dropped) on five lags of the log change of real private loans, no country effects",macro/jst,AUS BEL CAN CHE DEU DNK ESP FIN FRA GBR IRL ITA JPN NLD NOR PRT SWE USA
F18,area under the ROC curve,developed,18,,,,0.6974,annual,"1876-2019 pooled, 2227 country-years, 73 onsets","pooled logit of a systemic-crisis onset (crisisJST, years after a crisis year dropped) on five lags of the log change of real private loans, no country effects",macro/jst,AUS BEL CAN CHE DEU DNK ESP FIN FRA GBR IRL ITA JPN NLD NOR PRT SWE USA
F19,impact pass-through to loan rates,developed,18,0.4302,0.2921,0.6375,,quarterly,"to 2019Q4, economies with 40 or more consecutive common quarters","Engle-Granger error correction on quarterly averages: long run = OLS of the lending rate on the policy rate in levels; impact = coefficient on the policy rate's change in the change of the lending rate with the lagged long-run gap (quarterly, not monthly as the fact reads)",macro/prices_rates_q,AUS BGR BHS CAN CHE CHL CRI CZE GUY HKG HUN ISL KOR NZL QAT ROU RUS USA
F19,impact pass-through to loan rates,emerging,25,0.1438,0.0312,0.3665,,quarterly,"to 2019Q4, economies with 40 or more consecutive common quarters","Engle-Granger error correction on quarterly averages: long run = OLS of the lending rate on the policy rate in levels; impact = coefficient on the policy rate's change in the change of the lending rate with the lagged long-run gap (quarterly, not monthly as the fact reads)",macro/prices_rates_q,ALB ARG ARM AZE BLR BLZ BRA COL DOM GEO GTM IDN IRQ JAM JOR MDA MEX MNG MUS MYS PER PHL SUR THA ZAF
F19,impact pass-through to loan rates,developing,18,-0.07945,-0.09398,0.1343,,quarterly,"to 2019Q4, economies with 40 or more consecutive common quarters","Engle-Granger error correction on quarterly averages: long run = OLS of the lending rate on the policy rate in levels; impact = coefficient on the policy rate's change in the change of the lending rate with the lagged long-run gap (quarterly, not monthly as the fact reads)",macro/prices_rates_q,BEN BFA BGD CIV COD GMB GNB HND KEN KGZ MLI NER NGA PNG SEN SLE STP TGO
F19,long-run pass-through to loan rates,developed,18,0.7491,0.6178,1.087,,quarterly,"to 2019Q4, economies with 40 or more consecutive common quarters","Engle-Granger error correction on quarterly averages: long run = OLS of the lending rate on the policy rate in levels; impact = coefficient on the policy rate's change in the change of the lending rate with the lagged long-run gap (quarterly, not monthly as the fact reads)",macro/prices_rates_q,AUS BGR BHS CAN CHE CHL CRI CZE GUY HKG HUN ISL KOR NZL QAT ROU RUS USA
F19,long-run pass-through to loan rates,emerging,25,0.6842,0.2652,0.9323,,quarterly,"to 2019Q4, economies with 40 or more consecutive common quarters","Engle-Granger error correction on quarterly averages: long run = OLS of the lending rate on the policy rate in levels; impact = coefficient on the policy rate's change in the change of the lending rate with the lagged long-run gap (quarterly, not monthly as the fact reads)",macro/prices_rates_q,ALB ARG ARM AZE BLR BLZ BRA COL DOM GEO GTM IDN IRQ JAM JOR MDA MEX MNG MUS MYS PER PHL SUR THA ZAF
F19,long-run pass-through to loan rates,developing,18,-0.05495,-0.3127,0.5281,,quarterly,"to 2019Q4, economies with 40 or more consecutive common quarters","Engle-Granger error correction on quarterly averages: long run = OLS of the lending rate on the policy rate in levels; impact = coefficient on the policy rate's change in the change of the lending rate with the lagged long-run gap (quarterly, not monthly as the fact reads)",macro/prices_rates_q,BEN BFA BGD CIV COD GMB GNB HND KEN KGZ MLI NER NGA PNG SEN SLE STP TGO
F23,"mean ten-year less bill spread, percentage points",developed,34,1.15,0.7691,1.362,,quarterly,"to 2019Q4, economies with 40 or more common quarters","long-term government bond yield (OECD) less the Treasury-bill yield (IMF, else OECD three-month rate), quarterly averages",macro/prices_rates_q,AUS AUT BEL CAN CHE CHL CZE DEU DNK ESP FIN FRA GBR GRC HUN IRL ISL ISR ITA JPN KOR LUX LVA NLD NOR NZL POL PRT ROU RUS SVK SVN SWE USA
F23,"mean ten-year less bill spread, percentage points",emerging,3,1.789,-2.985,2.474,,quarterly,"to 2019Q4, economies with 40 or more common quarters","long-term government bond yield (OECD) less the Treasury-bill yield (IMF, else OECD three-month rate), quarterly averages",macro/prices_rates_q,BRA COL ZAF
F23,"probit coefficient on the spread, four quarters ahead",developed,16,-0.3866,-0.5025,-0.1488,,quarterly,"to 2019Q4, economies with 80 or more quarters and three or more recession-ahead quarters","probit of a recession (by the F01 dating) beginning within the next four quarters on the spread, quarters already in recession dropped","macro/prices_rates_q, macro/qna",AUT BEL CAN DEU DNK ESP FRA GBR IRL ISL ISR NLD NOR NZL SWE USA
F23,"probit coefficient on the spread, four quarters ahead",emerging,1,-0.6862,-0.6862,-0.6862,,quarterly,"to 2019Q4, economies with 80 or more quarters and three or more recession-ahead quarters","probit of a recession (by the F01 dating) beginning within the next four quarters on the spread, quarters already in recession dropped","macro/prices_rates_q, macro/qna",ZAF
F27,sudden stops per country-year,developed,52,0,0,0.02439,0.01357,annual,"to 2019, economies with 20 or more years","annual version of Calvo, Izquierdo and Mejía: net capital inflow = minus the net financial account (BPM6) over GDP; a stop is a year its change falls two sd below the economy's mean change, with real GDP falling that year or the next; 'pooled' is the level's stops over its country-years",macro/annual (WDI),ABW ATG AUS BGR BHR BHS BRB CAN CHE CHL CRI CYP CZE DEU DNK ESP EST FIN FRA GBR GRC GUY HKG HRV HUN ISL ISR ITA JPN KNA KOR KWT LTU LVA MLT NLD NOR OMN PAN POL PRT ROU RUS SAU SGP SVK SVN SWE SYC TTO URY USA
F27,sudden stops per country-year,emerging,48,0,0,0.02381,0.01269,annual,"to 2019, economies with 20 or more years","annual version of Calvo, Izquierdo and Mejía: net capital inflow = minus the net financial account (BPM6) over GDP; a stop is a year its change falls two sd below the economy's mean change, with real GDP falling that year or the next; 'pooled' is the level's stops over its country-years",macro/annual (WDI),ALB ARG ARM AZE BIH BLR BLZ BRA BWA CHN COL CPV DMA DOM DZA ECU FJI GAB GEO GRD GTM IDN IRN JAM JOR KAZ LBY LCA LKA MDA MDV MEX MKD MNG MUS MYS PER PHL PRY SLV THA TON TUR UKR VCT VNM WSM ZAF
F27,sudden stops per country-year,developing,54,0,0,0,0.004787,annual,"to 2019, economies with 20 or more years","annual version of Calvo, Izquierdo and Mejía: net capital inflow = minus the net financial account (BPM6) over GDP; a stop is a year its change falls two sd below the economy's mean change, with real GDP falling that year or the next; 'pooled' is the level's stops over its country-years",macro/annual (WDI),AGO BDI BEN BGD BOL CMR COG COM DJI EGY ETH GHA GIN GMB GNB HND HTI IND KEN KGZ KHM KIR LAO LBR LSO MAR MDG MLI MMR MRT MWI NAM NER NGA NIC NPL PAK PNG PSE SDN SEN SLB SLE STP SWZ SYR TGO TUN TZA UGA VEN VUT ZMB ZWE
S1.16,labour share of GDP,developed,59,0.5584,0.481,0.6021,,annual,mean of 2010-2019,PWT labsh,macro/pwt,ABW AUS AUT BEL BGR BHR BHS BMU BRB CAN CHE CHL CRI CUW CYM CYP CZE DEU DNK ESP EST FIN FRA GBR GRC HKG HRV HUN IRL ISL ISR ITA JPN KOR KWT LTU LUX LVA MAC MLT NLD NOR NZL OMN PAN POL PRT QAT ROU RUS SAU SGP SVK SVN SWE TTO URY USA VGB
S1.16,labour share of GDP,emerging,40,0.4722,0.4229,0.5596,,annual,mean of 2010-2019,PWT labsh,macro/pwt,ALB ARG ARM AZE BIH BLR BRA BWA CHN COL CPV DOM ECU FJI GAB GEO GTM IDN IRN IRQ JAM JOR KAZ LKA MDA MEX MKD MNG MUS MYS PER PHL PRY SLV SRB SUR THA TUR UKR ZAF
S1.16,labour share of GDP,developing,40,0.496,0.4025,0.569,,annual,mean of 2010-2019,PWT labsh,macro/pwt,AGO BDI BEN BFA BOL CAF CIV CMR DJI EGY GIN HND IND KEN KGZ LAO LBN LSO MAR MOZ MRT NAM NER NGA NIC RWA SDN SEN SLE STP SWZ TCD TGO TJK TUN TZA UZB VEN ZMB ZWE
S1.16,investment share of GDP (current PPPs),developed,67,0.2611,0.2353,0.3021,,annual,mean of 2010-2019,PWT csh_i,macro/pwt,ABW ARE ATG AUS AUT BEL BGR BHR BHS BMU BRB BRN CAN CHE CHL CRI CUW CYM CYP CZE DEU DNK ESP EST FIN FRA GBR GRC GUY HKG HRV HUN IRL ISL ISR ITA JPN KNA KOR KWT LTU LUX LVA MAC MLT NLD NOR NZL OMN PAN POL PRT QAT ROU RUS SAU SGP SVK SVN SWE SXM SYC TCA TTO URY USA VGB
S1.16,investment share of GDP (current PPPs),emerging,51,0.2144,0.1817,0.2652,,annual,mean of 2010-2019,PWT csh_i,macro/pwt,ALB ARG ARM AZE BIH BLR BLZ BRA BWA CHN COL CPV DMA DOM DZA ECU FJI GAB GEO GNQ GRD GTM IDN IRN IRQ JAM JOR KAZ LCA LKA MDA MDV MEX MKD MNE MNG MUS MYS PER PHL PRY SLV SRB SUR THA TKM TUR UKR VCT VNM ZAF
S1.16,investment share of GDP (current PPPs),developing,64,0.1719,0.1388,0.2495,,annual,mean of 2010-2019,PWT csh_i,macro/pwt,AGO BDI BEN BFA BGD BOL BTN CAF CIV CMR COD COG COM DJI EGY ETH GHA GIN GMB GNB HND HTI IND KEN KGZ KHM LAO LBN LBR LSO MAR MDG MLI MMR MOZ MRT MWI NAM NER NGA NIC NPL PAK PSE RWA SDN SEN SLE SOM SSD STP SWZ SYR TCD TGO TJK TUN TZA UGA UZB VEN YEM ZMB ZWE
S1.16,household consumption share of GDP (current PPPs),developed,67,0.5595,0.4791,0.6207,,annual,mean of 2010-2019,PWT csh_c,macro/pwt,ABW ARE ATG AUS AUT BEL BGR BHR BHS BMU BRB BRN CAN CHE CHL CRI CUW CYM CYP CZE DEU DNK ESP EST FIN FRA GBR GRC GUY HKG HRV HUN IRL ISL ISR ITA JPN KNA KOR KWT LTU LUX LVA MAC MLT NLD NOR NZL OMN PAN POL PRT QAT ROU RUS SAU SGP SVK SVN SWE SXM SYC TCA TTO URY USA VGB
S1.16,household consumption share of GDP (current PPPs),emerging,51,0.6339,0.531,0.6936,,annual,mean of 2010-2019,PWT csh_c,macro/pwt,ALB ARG ARM AZE BIH BLR BLZ BRA BWA CHN COL CPV DMA DOM DZA ECU FJI GAB GEO GNQ GRD GTM IDN IRN IRQ JAM JOR KAZ LCA LKA MDA MDV MEX MKD MNE MNG MUS MYS PER PHL PRY SLV SRB SUR THA TKM TUR UKR VCT VNM ZAF
S1.16,household consumption share of GDP (current PPPs),developing,64,0.7458,0.6814,0.8069,,annual,mean of 2010-2019,PWT csh_c,macro/pwt,AGO BDI BEN BFA BGD BOL BTN CAF CIV CMR COD COG COM DJI EGY ETH GHA GIN GMB GNB HND HTI IND KEN KGZ KHM LAO LBN LBR LSO MAR MDG MLI MMR MOZ MRT MWI NAM NER NGA NIC NPL PAK PSE RWA SDN SEN SLE SOM SSD STP SWZ SYR TCD TGO TJK TUN TZA UGA UZB VEN YEM ZMB ZWE
S1.16,average annual hours per person engaged,developed,51,1745,1582,1938,,annual,mean of 2010-2019,PWT avh,macro/pwt,ARE AUS AUT BEL BGR BHR CAN CHE CHL CRI CYP CZE DEU DNK ESP EST FIN FRA GBR GRC HKG HRV HUN IRL ISL ISR ITA JPN KOR KWT LTU LUX LVA MLT NLD NOR NZL OMN POL PRT QAT ROU RUS SAU SGP SVK SVN SWE TTO URY USA
S1.16,average annual hours per person engaged,emerging,38,2090,1935,2175,,annual,mean of 2010-2019,PWT avh,macro/pwt,ALB ARG ARM AZE BIH BLR BRA BWA CHN COL DOM DZA ECU GAB GEO GTM IDN IRN IRQ JAM JOR KAZ LKA MDA MEX MKD MUS MYS PER PHL PRY SRB THA TKM TUR UKR VNM ZAF
S1.16,average annual hours per person engaged,developing,40,2087,1826,2342,,annual,mean of 2010-2019,PWT avh,macro/pwt,AGO BFA BGD BOL CIV CMR COD COG EGY ETH GHA IND KEN KGZ KHM LBN MAR MDG MLI MMR MOZ MWI NAM NER NGA PAK RWA SDN SEN SYR TCD TJK TUN TZA UGA UZB VEN YEM ZMB ZWE
S1.16,"unemployment rate, per cent",developed,61,6.64,5.019,9.417,,annual,mean of 2010-2019,ILO national survey estimates,macro/annual,AUS AUT BEL BGR BHS BRB BRN CAN CHE CHL CRI CUW CYM CYP CZE DEU DNK ESP EST FIN FRA GBR GRC GRL GUM HKG HRV HUN IRL ISL ISR ITA JPN KOR KWT LIE LTU LUX LVA MAC MLT NLD NOR NZL PAN POL PRI PRT QAT ROU RUS SAU SGP SMR SVK SVN SWE SYC TTO URY USA
S1.16,"unemployment rate, per cent",emerging,44,7.232,4.029,14.39,,annual,mean of 2010-2019,ILO national survey estimates,macro/annual,ALB ARG ARM AZE BIH BLR BLZ BRA CHN COL CPV CUB DOM DZA ECU FJI GEO GRD GTM IDN IRN JAM JOR KAZ LCA LKA MDA MEX MKD MNE MNG MUS MYS PER PHL PRY SLV SRB SUR THA TUR UKR VNM ZAF
S1.16,"unemployment rate, per cent",developing,26,5.085,2.843,7.321,,annual,mean of 2010-2019,ILO national survey estimates,macro/annual,BGD BOL BTN CIV EGY HND KGZ KHM MAR MLI MMR NAM NER NGA NIC PAK PSE RWA SEN TGO TUN TZA UGA UZB VEN ZMB
S1.16,"CPI inflation, per cent a year",developed,64,2.062,1.708,2.851,,quarterly,2000Q1-2019Q4,"mean of 400 x quarterly log change of the CPI, deseasonalised",macro/prices_rates_q,ABW ARE ATG AUS AUT BEL BGR BHR BHS BRB BRN CAN CHE CHL CRI CUW CYP CZE DEU DNK ESP EST FIN FRA GBR GRC GUY HKG HRV HUN IRL ISL ISR ITA JPN KNA KOR KWT LTU LUX LVA MAC MLT NLD NOR NZL OMN PAN PLW POL PRT QAT ROU RUS SAU SGP SMR SVK SVN SWE SYC TTO URY USA
S1.16,"CPI inflation, per cent a year",emerging,53,4.179,2.153,6.432,,quarterly,2000Q1-2019Q4,"mean of 400 x quarterly log change of the CPI, deseasonalised",macro/prices_rates_q,ALB ARM AZE BIH BLR BRA BWA CHN COL CPV DMA DOM DZA ECU FJI FSM GAB GEO GNQ GRD GTM IDN IRN IRQ JAM JOR KAZ LBY LCA LKA MDA MDV MEX MKD MNE MNG MUS MYS PER PHL PRY SLV SRB SUR THA TON TUR UKR VCT VNM WSM XKX ZAF
S1.16,"CPI inflation, per cent a year",developing,63,6.029,2.996,8.626,,quarterly,2000Q1-2019Q4,"mean of 400 x quarterly log change of the CPI, deseasonalised",macro/prices_rates_q,AFG AGO BDI BEN BFA BGD BOL CAF CIV CMR COG COM DJI EGY ETH GHA GIN GMB GNB HND HTI IND KEN KGZ KHM KIR LAO LBN LBR LSO MAR MDG MLI MMR MOZ MRT MWI NAM NER NGA NIC NPL PAK PNG RWA SDN SEN SLE SSD STP SWZ SYR TCD TGO TJK TLS TUN TZA UGA UZB VUT ZMB ZWE
S1.16,persistence of CPI inflation (AR(1) coefficient),developed,64,0.3253,0.2004,0.5331,,quarterly,2000Q1-2019Q4,OLS of quarterly annualised inflation on its lag,macro/prices_rates_q,ABW ARE ATG AUS AUT BEL BGR BHR BHS BRB BRN CAN CHE CHL CRI CUW CYP CZE DEU DNK ESP EST FIN FRA GBR GRC GUY HKG HRV HUN IRL ISL ISR ITA JPN KNA KOR KWT LTU LUX LVA MAC MLT NLD NOR NZL OMN PAN PLW POL PRT QAT ROU RUS SAU SGP SMR SVK SVN SWE SYC TTO URY USA
S1.16,persistence of CPI inflation (AR(1) coefficient),emerging,53,0.4081,0.1704,0.5263,,quarterly,2000Q1-2019Q4,OLS of quarterly annualised inflation on its lag,macro/prices_rates_q,ALB ARM AZE BIH BLR BRA BWA CHN COL CPV DMA DOM DZA ECU FJI FSM GAB GEO GNQ GRD GTM IDN IRN IRQ JAM JOR KAZ LBY LCA LKA MDA MDV MEX MKD MNE MNG MUS MYS PER PHL PRY SLV SRB SUR THA TON TUR UKR VCT VNM WSM XKX ZAF
S1.16,persistence of CPI inflation (AR(1) coefficient),developing,63,0.3228,0.1348,0.5436,,quarterly,2000Q1-2019Q4,OLS of quarterly annualised inflation on its lag,macro/prices_rates_q,AFG AGO BDI BEN BFA BGD BOL CAF CIV CMR COG COM DJI EGY ETH GHA GIN GMB GNB HND HTI IND KEN KGZ KHM KIR LAO LBN LBR LSO MAR MDG MLI MMR MOZ MRT MWI NAM NER NGA NIC NPL PAK PNG RWA SDN SEN SLE SSD STP SWZ SYR TCD TGO TJK TLS TUN TZA UGA UZB VUT ZMB ZWE
S1.16,"sd of cyclical output, per cent",developed,43,1.581,1.286,2.175,,quarterly,"to 2019Q4, 40 or more quarters",HP 1600 on log real GDP,macro/qna,AUS AUT BEL BGR CAN CHE CHL CRI CYP CZE DEU DNK ESP EST FIN FRA GBR GRC HRV HUN IRL ISL ISR ITA JPN KOR LTU LUX LVA MLT NLD NOR NZL POL PRT ROU RUS SAU SGP SVK SVN SWE USA
S1.16,"sd of cyclical output, per cent",emerging,30,2.511,1.551,3.442,,quarterly,"to 2019Q4, 40 or more quarters",HP 1600 on log real GDP,macro/qna,ALB ARG ARM BIH BRA BWA COL CPV DOM ECU IDN JAM JOR KAZ LCA LKA MDV MEX MKD MNE PER PHL PRY SLV SRB THA TUR UKR XKX ZAF
S1.16,"sd of cyclical output, per cent",developing,8,1.638,1.461,2.339,,quarterly,"to 2019Q4, 40 or more quarters",HP 1600 on log real GDP,macro/qna,HND IND KEN LSO NGA NIC RWA ZMB
S1.16,first-order autocorrelation of quarterly output growth,developed,43,0.2444,-0.04655,0.388,,quarterly,"to 2019Q4, 40 or more quarters",quarterly log growth of real GDP,macro/qna,AUS AUT BEL BGR CAN CHE CHL CRI CYP CZE DEU DNK ESP EST FIN FRA GBR GRC HRV HUN IRL ISL ISR ITA JPN KOR LTU LUX LVA MLT NLD NOR NZL POL PRT ROU RUS SAU SGP SVK SVN SWE USA
S1.16,first-order autocorrelation of quarterly output growth,emerging,30,-0.08117,-0.2047,0.1833,,quarterly,"to 2019Q4, 40 or more quarters",quarterly log growth of real GDP,macro/qna,ALB ARG ARM BIH BRA BWA COL CPV DOM ECU IDN JAM JOR KAZ LCA LKA MDV MEX MKD MNE PER PHL PRY SLV SRB THA TUR UKR XKX ZAF
S1.16,first-order autocorrelation of quarterly output growth,developing,8,-0.1003,-0.2277,-0.0137,,quarterly,"to 2019Q4, 40 or more quarters",quarterly log growth of real GDP,macro/qna,HND IND KEN LSO NGA NIC RWA ZMB
