country,iso3,group,sd_y,sd_dy,rho_y,rho_dy,sd_c_over_sd_y,sd_i_over_sd_y,sd_nx,corr_c_y,corr_i_y,corr_nx_y
Argentina,ARG,emerging,3.68,2.28,0.85,0.61,1.38,2.53,2.56,0.90,0.96,-0.70
Australia,AUS,developed,1.39,0.84,0.84,0.36,0.69,3.69,1.08,0.48,0.80,-0.43
Austria,AUT,developed,0.89,0.47,0.90,0.52,0.87,2.75,0.65,0.74,0.75,0.10
Belgium,BEL,developed,1.02,0.71,0.79,0.18,0.81,3.72,0.91,0.67,0.62,-0.04
Brazil,BRA,emerging,1.98,1.69,0.65,0.35,2.01,3.08,2.61,0.41,0.62,0.01
Canada,CAN,developed,1.64,0.81,0.91,0.55,0.77,2.63,0.91,0.88,0.77,-0.20
Denmark,DNK,developed,1.02,1.04,0.49,0.15,1.19,3.90,0.88,0.36,0.51,-0.08
Ecuador,ECU,emerging,2.44,1.52,0.82,0.15,2.39,5.56,5.68,0.73,0.89,-0.79
Finland,FIN,developed,2.18,1.32,0.85,0.01,0.94,3.26,1.11,0.84,0.88,-0.45
Israel,ISR,emerging,1.95,1.99,0.50,0.27,1.60,3.42,2.12,0.45,0.49,0.12
Korea,KOR,emerging,2.51,1.71,0.78,0.17,1.23,2.50,2.32,0.85,0.78,-0.61
Malaysia,MYS,emerging,3.10,1.84,0.85,0.56,1.70,4.82,5.30,0.76,0.86,-0.74
Mexico,MEX,emerging,2.48,1.53,0.82,0.27,1.24,4.05,2.19,0.92,0.91,-0.74
Netherlands,NLD,developed,1.20,0.88,0.77,0.03,1.07,2.92,0.71,0.72,0.70,-0.19
New Zealand,NZL,developed,1.56,1.13,0.77,0.02,0.90,4.38,1.37,0.76,0.82,-0.26
Norway,NOR,developed,1.40,1.46,0.48,0.46,1.32,4.33,1.73,0.63,0.00,0.11
Peru,PER,emerging,3.68,2.97,0.64,0.12,0.92,2.37,1.25,0.78,0.85,-0.24
Philippines,PHL,emerging,3.00,1.66,0.87,0.17,0.62,4.66,3.21,0.59,0.76,-0.41
Portugal,PRT,developed,1.34,1.03,0.72,0.28,1.02,2.88,1.16,0.75,0.70,-0.11
Slovak Republic,SVK,emerging,1.24,1.06,0.66,0.20,2.04,7.77,4.29,0.42,0.46,-0.44
South Africa,ZAF,emerging,1.62,0.82,0.89,0.58,1.61,3.94,2.57,0.72,0.75,-0.54
Spain,ESP,developed,1.11,0.75,0.82,0.08,1.11,3.70,0.86,0.83,0.83,-0.60
Sweden,SWE,developed,1.52,1.45,0.53,0.35,0.97,3.66,0.94,0.35,0.68,0.01
Switzerland,CHE,developed,1.11,0.50,0.92,0.81,0.51,2.56,0.96,0.58,0.69,-0.03
Thailand,THA,emerging,4.35,2.25,0.89,0.42,1.09,3.49,4.58,0.92,0.91,-0.83
Turkey,TUR,emerging,3.57,2.92,0.67,0.05,1.09,2.71,3.23,0.89,0.83,-0.69
