iso3,year,value
ABW,2015,0.012519790791279062
ABW,2016,0.018611754127867995
ABW,2017,0.023918578557174976
ABW,2018,0.02225300696953947
ABW,2019,0.018419333267053407
ABW,2020,0.0215538601290844
ABW,2021,0.029903187516918023
ABW,2022,0.03417493819052279
ABW,2023,0.03952946072962205
AFG,2015,20.6343227166798
AFG,2016,25.74031403645819
AFG,2017,26.420199083444835
AFG,2018,22.042896752757535
AFG,2019,25.773970739410473
AFG,2020,29.975582521046068
AFG,2021,33.597618872545105
AFG,2022,33.701432321392254
AFG,2023,34.7432471445174
AFG,2024,34.29310049929054
AGO,2015,13.66377232796801
AGO,2016,14.45584243710219
AGO,2017,14.709941688499011
AGO,2018,13.193391728399689
AGO,2019,12.321050824104816
AGO,2020,15.109767466923103
AGO,2021,16.831796799702857
AGO,2022,19.430117017876753
AGO,2023,20.909336942755917
AGO,2024,21.552670988283207
AGO,2025,25.24098538881427
ALB,2015,18.74716027734116
ALB,2016,19.167190753496964
ALB,2017,18.079078214295993
ALB,2018,17.91555581795494
ALB,2019,18.160397370671323
ALB,2020,18.806137864916863
ALB,2021,17.793224984540966
ALB,2022,16.984475447657445
ALB,2023,16.274238831300625
ALB,2024,15.451903129433084
ALB,2025,14.797260748189423
AND,2015,0.5134201096833976
AND,2016,0.5219996484336189
AND,2017,0.5595385125161912
AND,2018,0.5463678828152807
AND,2019,0.5226332484157791
AND,2020,0.5594427697158141
AND,2021,0.5318448791698239
AND,2022,0.4874918621566141
AND,2023,0.4784921355889596
AND,2024,0.49084154971041954
AND,2025,0.4840292928101063
ARE,2015,0.7162836764412378
ARE,2016,0.740828105142589
ARE,2017,0.7537117149518033
ARE,2018,0.7056211938567895
ARE,2019,0.7346004797585739
ARE,2020,0.9629729125711103
ARE,2021,0.8903661373044787
ARE,2022,0.7409073786020232
ARE,2023,0.7640714179129808
ARE,2024,0.7694437525809202
ARG,2015,5.156685902747856
ARG,2016,6.2645658204639005
ARG,2017,5.231622376795088
ARG,2018,4.537878896968346
ARG,2019,5.318555996613923
ARG,2020,6.357033675904917
ARG,2021,7.2912824961905125
ARG,2022,6.541569404902696
ARG,2023,5.846778603904198
ARG,2024,5.806017109162487
ARG,2025,5.532653880712986
ARM,2015,17.223120031805646
ARM,2016,16.390473533849974
ARM,2017,14.994260124277622
ARM,2018,13.942311655414613
ARM,2019,11.525610737958814
ARM,2020,11.349805155454892
ARM,2021,11.3435484176857
ARM,2022,10.146703925568268
ARM,2023,8.102237991887987
ARM,2024,7.805886217546733
ARM,2025,7.934681773206854
ATG,2015,1.44568317612291
ATG,2016,1.458503753173228
ATG,2017,1.6609115105535328
ATG,2018,1.6267919119597514
ATG,2019,1.6467120463550726
ATG,2020,2.2789406572878352
ATG,2021,2.0808000480842583
ATG,2022,1.9656137257913011
ATG,2023,2.215086025033988
ATG,2024,1.6110605834827751
ATG,2025,1.4857923090448004
AUS,2015,2.3766439148705505
AUS,2016,2.413002323302538
AUS,2017,2.7209831965106677
AUS,2018,2.4719175263084736
AUS,2019,2.1242491119766163
AUS,2020,2.0151271539653477
AUS,2021,2.3053787548008797
AUS,2022,2.672426999506184
AUS,2023,2.5716983189452285
AUS,2024,2.0356526524939134
AUS,2025,2.266582748478983
AUT,2015,1.1436285417298944
AUT,2016,1.1492826407726808
AUT,2017,1.1999020307668142
AUT,2018,1.1091141402141187
AUT,2019,1.0446341365349903
AUT,2020,1.0713811327287088
AUT,2021,1.215238865748799
AUT,2022,1.3464959645730148
AUT,2023,1.2417617203893359
AUT,2024,1.2166337579244761
AUT,2025,1.2569480958595314
AZE,2015,6.177638837808018
AZE,2016,5.605111774557635
AZE,2017,5.60736901068842
AZE,2018,5.212380762123558
AZE,2019,5.6953802496330725
AZE,2020,6.738947423534096
AZE,2021,5.725983657213487
AZE,2022,4.6122083081105325
AZE,2023,5.510588946173263
AZE,2024,5.582647430293967
AZE,2025,5.925217283529831
BDI,2015,35.247739183027484
BDI,2016,35.555315834275774
BDI,2017,37.40343500432646
BDI,2018,35.35390254872057
BDI,2019,34.24835459981767
BDI,2020,31.105389397977707
BDI,2021,33.993784619941735
BDI,2022,35.33120845264195
BDI,2023,34.037239925420565
BDI,2024,35.051222340227014
BDI,2025,34.28972310636304
BEL,2015,0.7506172720665739
BEL,2016,0.6731905436846843
BEL,2017,0.7295325831425381
BEL,2018,0.6646255711200939
BEL,2019,0.7187895835371281
BEL,2020,0.7128180236415714
BEL,2021,0.6548993848795132
BEL,2022,0.670989189183415
BEL,2023,0.7752217476799257
BEL,2024,0.7920933587110348
BEL,2025,0.7301695146517536
BEN,2015,26.39208509250367
BEN,2016,27.753635498049317
BEN,2017,28.489016527326427
BEN,2018,28.064773912707718
BEN,2019,26.875801625833695
BEN,2020,27.109175036111786
BEN,2021,28.528950609859237
BEN,2022,26.896678796812385
BEN,2023,25.40197236675632
BEN,2024,24.231722951964933
BEN,2025,22.91915863988976
BFA,2015,22.646498490202937
BFA,2016,21.714717829021303
BFA,2017,20.585587218828174
BFA,2018,20.997473284009065
BFA,2019,18.220524552442075
BFA,2020,17.915163567756192
BFA,2021,17.29021575384487
BFA,2022,20.629758544170794
BFA,2023,19.01084501548036
BFA,2024,20.9246381216982
BFA,2025,19.94294107679079
BGD,2015,14.782996436936399
BGD,2016,13.464792317603862
BGD,2017,12.95727604337327
BGD,2018,12.480077185619647
BGD,2019,11.97532313589843
BGD,2020,11.999686860248516
BGD,2021,11.632858427128234
BGD,2022,11.21760103515951
BGD,2023,11.003690020959768
BGD,2024,11.164801427690268
BGD,2025,11.424022246712083
BGR,2015,4.061973677340984
BGR,2016,4.054899601635991
BGR,2017,4.0431770341140005
BGR,2018,3.4046150323607125
BGR,2019,3.20205655345515
BGR,2020,3.4360002660391658
BGR,2021,4.328947728610963
BGR,2022,3.7113640947999036
BGR,2023,2.5224473168006813
BGR,2024,2.3510568983111915
BGR,2025,2.474986073098539
BHR,2015,0.30191123220997057
BHR,2016,0.31599668462494823
BHR,2017,0.2770746464546097
BHR,2018,0.2751123168046373
BHR,2019,0.2686743819042609
BHR,2020,0.30315511374810294
BHR,2021,0.26862604129221823
BHR,2022,0.24616046914750622
BHR,2023,0.2514928067184507
BHR,2024,0.24497787773701724
BHR,2025,0.24057915717077133
BHS,2015,0.8151990268297629
BHS,2016,0.8770379348365864
BHS,2017,0.7704729691730471
BHS,2018,0.677109335996006
BHS,2019,0.53475935828877
BHS,2020,0.7758221398795738
BHS,2021,0.4544321674835923
BHS,2022,0.41448390996488405
BHS,2023,0.45444723108052354
BHS,2024,0.5147541811934717
BIH,2015,6.0375681759839015
BIH,2016,6.165590621072147
BIH,2017,5.431048795671501
BIH,2018,5.718782507229314
BIH,2019,5.450041561408756
BIH,2020,5.914439089888908
BIH,2021,5.019318417548094
BIH,2022,4.826249270626831
BIH,2023,4.653222306283523
BIH,2024,4.495965903675696
BIH,2025,4.355901021549959
BLR,2015,6.283207583243697
BLR,2016,6.895280624335169
BLR,2017,7.565802538482924
BLR,2018,6.590107725901878
BLR,2019,6.794668827992735
BLR,2020,7.077239768956618
BLR,2021,6.70661864890688
BLR,2022,8.04181871674039
BLR,2023,7.2485995714986995
BLR,2024,7.040923597212652
BLR,2025,6.899279754852916
BLZ,2015,9.6138851978219
BLZ,2016,7.703485831284665
BLZ,2017,8.561662900716264
BLZ,2018,7.164568517102156
BLZ,2019,6.5560913222365045
BLZ,2020,8.357169784796897
BLZ,2021,7.8955038512315445
BLZ,2022,7.7485812174775885
BLZ,2023,8.137116341664056
BLZ,2024,7.947878092607271
BMU,2015,0.22788949681127518
BMU,2016,0.3070184528467106
BMU,2017,0.27470081133346663
BMU,2018,0.2349855251407526
BMU,2019,0.22096150517312332
BMU,2020,0.25549687805087695
BMU,2021,0.29106848154542975
BMU,2022,0.21812890099800666
BMU,2023,0.19199382495036244
BMU,2024,0.17816087641099315
BOL,2015,10.239494114445522
BOL,2016,11.17187541505321
BOL,2017,7.677137224747516
BOL,2018,7.45035399971013
BOL,2019,7.632882645016053
BOL,2020,9.124055868346664
BOL,2021,8.810019122557634
BOL,2022,8.660284813061772
BOL,2023,9.310980097565514
BOL,2024,8.826258842804807
BRA,2015,4.31914942964047
BRA,2016,4.8913535879086325
BRA,2017,4.6005916956898565
BRA,2018,4.420399303846401
BRA,2019,4.205014094634742
BRA,2020,5.711485114990072
BRA,2021,6.558762612106104
BRA,2022,5.767474908194573
BRA,2023,6.023060235262463
BRA,2024,5.7522764093194425
BRA,2025,6.086216955651709
BRB,2015,1.630030841622111
BRB,2016,1.6958962943923455
BRB,2017,1.7531607651534151
BRB,2018,2.1684935493217905
BRB,2019,2.259947880156793
BRB,2020,3.093760132506992
BRB,2021,1.9802154704013715
BRB,2022,1.448181973198589
BRB,2023,1.6524151949563022
BRB,2024,1.5547580009925408
BRN,2015,1.1032125006315388
BRN,2016,1.2036546260626768
BRN,2017,1.0864509033046197
BRN,2018,1.017641958879025
BRN,2019,0.9860551301185152
BRN,2020,1.2175028361059137
BRN,2021,1.2562902227508086
BRN,2022,1.096160288762411
BRN,2023,1.173122221641125
BRN,2024,1.174476665734143
BRN,2025,1.1813657094328094
BTN,2015,11.995070539355144
BTN,2016,12.002371748271393
BTN,2017,12.929792411513585
BTN,2018,13.550920036101441
BTN,2019,12.933952784885053
BTN,2020,15.703075564462047
BTN,2021,15.794784004980109
BTN,2022,14.671011956090444
BTN,2023,14.99310869090358
BTN,2024,14.149057600659058
BTN,2025,13.680676020639169
BWA,2015,1.9477648675882884
BWA,2016,1.9758875736702912
BWA,2017,1.8419939490754045
BWA,2018,2.117310832047285
BWA,2019,2.0834294935165505
BWA,2020,2.208069058040537
BWA,2021,1.7885929290385385
BWA,2022,1.579789821793665
BWA,2023,1.6765181657299917
BWA,2024,1.7621001086335117
BWA,2025,1.781162538058654
CAF,2015,31.527381028374453
CAF,2016,31.918991489723687
CAF,2017,32.790171225704796
CAF,2018,31.24133151215716
CAF,2019,28.34183246494384
CAF,2020,29.49593722640987
CAF,2021,35.755329998045546
CAF,2022,36.21711000241186
CAF,2023,28.611055523969302
CAF,2024,27.898636787988718
CAF,2025,27.60725154922583
CAN,2015,1.8698340671729523
CAN,2016,1.8622240543856317
CAN,2017,1.8899902179061834
CAN,2018,1.699890055526879
CAN,2019,1.6970756856941314
CAN,2020,1.8397868255717444
CAN,2021,1.59798849520844
CAN,2022,1.9327528941365912
CHE,2015,0.616778703156649
CHE,2016,0.6544228045073677
CHE,2017,0.6354149174385905
CHE,2018,0.6314371614158469
CHE,2019,0.6429402918542164
CHE,2020,0.6965546203308526
CHE,2021,0.6139891678359202
CHE,2022,0.5979779129625898
CHE,2023,0.6093926026147543
CHE,2024,0.609491823525514
CHE,2025,0.6446243288482475
CHI,2016,0.7750906031621698
CHI,2017,0.8079532786394833
CHI,2018,0.7674871662020001
CHI,2019,0.7479107030648671
CHI,2020,0.6507151843710904
CHI,2021,0.7263256172274327
CHI,2022,0.6503830578313903
CHI,2023,0.5988734115306704
CHL,2015,3.7094038087866275
CHL,2016,4.199089920695993
CHL,2017,4.280971390197218
CHL,2018,3.9274359053961874
CHL,2019,3.9874772562625824
CHL,2020,4.044447002511732
CHL,2021,3.5038419033465473
CHL,2022,3.236047047551121
CHL,2023,3.3908315230615065
CHL,2024,3.8252849419574035
CHL,2025,3.4529075438722274
CHN,2015,8.224013594795245
CHN,2016,7.9006501750541585
CHN,2017,7.328392392860418
CHN,2018,6.917142892368362
CHN,2019,7.006215757883405
CHN,2020,7.540181985212407
CHN,2021,7.089352516180038
CHN,2022,7.147886928301708
CHN,2023,6.889519410800685
CHN,2024,6.797574184413199
CHN,2025,6.658690706018036
CIV,2015,18.362041686875173
CIV,2016,17.434968407497117
CIV,2017,16.940987149693818
CIV,2018,17.852601402265908
CIV,2019,15.688048077556058
CIV,2020,16.933415476894368
CIV,2021,16.180552963013543
CIV,2022,16.584333209761567
CIV,2023,15.94425784386072
CIV,2024,15.859434378094797
CIV,2025,16.76368255123567
CMR,2015,17.209415904159307
CMR,2016,17.192662389115068
CMR,2017,16.692941822773058
CMR,2018,16.498800697859316
CMR,2019,16.80228356444006
CMR,2020,17.496865054091426
CMR,2021,16.95920354159572
CMR,2022,16.54616441327453
CMR,2023,17.099637277351114
CMR,2024,18.46163843521206
CMR,2025,16.84663073835089
COD,2015,12.456053797914008
COD,2016,12.289550901342135
COD,2017,12.25910598272406
COD,2018,12.302193665549312
COD,2019,13.151215704108681
COD,2020,13.746106636895394
COD,2021,11.315706251900012
COD,2022,10.337007473816183
COD,2023,10.377395159527785
COD,2024,10.083017516973515
COD,2025,8.929865140463566
COG,2015,5.810588931164276
COG,2016,6.7636503515412105
COG,2017,7.309939719514512
COG,2018,6.7883925540022165
COG,2019,7.346991708211902
COG,2020,10.690424309702939
COG,2021,9.096748689380025
COG,2022,8.041910694336302
COG,2023,8.952115876306008
COG,2024,9.44033974046224
COG,2025,10.108756498746516
COL,2015,5.980424808498158
COL,2016,6.606412266057871
COL,2017,6.389663552681182
COL,2018,6.225709689600331
COL,2019,6.410720821683137
COL,2020,7.508480466633483
COL,2021,7.771873013850016
COL,2022,8.831544736890406
COL,2023,8.79586693548387
COL,2024,9.49567972282988
COL,2025,9.945764302608762
COM,2015,30.598628211772727
COM,2016,31.368472028772054
COM,2017,31.898886868975335
COM,2018,33.72015305864892
COM,2019,35.62009798787814
COM,2020,35.79740358191984
COM,2021,35.24094880474069
COM,2022,35.164324118156784
COM,2023,34.155113814397744
COM,2024,36.06742632419677
COM,2025,36.577621977303636
CPV,2015,6.408286376027197
CPV,2016,6.3135227735371195
CPV,2017,5.375335026196448
CPV,2018,4.5227686741032125
CPV,2019,4.4373608669529965
CPV,2020,6.191327454851822
CPV,2021,5.971474059231829
CPV,2022,4.9540486885113575
CPV,2023,4.854838333040086
CPV,2024,4.946625827631293
CPV,2025,5.037151038631427
CRI,2015,4.749110272863686
CRI,2016,4.914355929704924
CRI,2017,4.69977628322676
CRI,2018,4.473250831047074
CRI,2019,4.180257889745328
CRI,2020,4.315798691467081
CRI,2021,4.345587111854668
CRI,2022,4.029521411800541
CRI,2023,3.733264423107832
CRI,2024,3.425033737261819
CRI,2025,3.3658066509602556
CUB,2015,3.8357541591685336
CUB,2016,3.9383388809409046
CUB,2017,3.8001810121052806
CUB,2018,3.782372948089321
CUB,2019,3.5673263229544143
CUB,2020,2.7619420225054028
CUB,2021,0.8820325080976783
CUB,2022,0.8006722551031208
CUB,2023,1.4057874013374094
CUB,2024,1.2397463719349742
CUW,2015,0.2059426052106668
CUW,2016,0.16956720845354048
CUW,2017,0.16628097429291497
CUW,2018,0.21477929643408675
CUW,2019,0.23176760464027757
CUW,2020,0.2684193513230973
CUW,2021,0.25915633760484746
CUW,2022,0.2661750173314965
CUW,2023,0.2682532490454209
CUW,2024,0.27884343719649624
CYM,2015,0.37869409553870476
CYM,2016,0.3994587744499595
CYM,2017,0.41831571238728676
CYM,2018,0.40858736521212846
CYM,2019,0.41431785335884097
CYM,2020,0.4353978893349935
CYM,2021,0.45418107291304705
CYM,2022,0.4694028523198544
CYM,2023,0.40792227776616075
CYM,2024,0.4526486557147365
CYP,2015,1.8679845184110946
CYP,2016,2.14376219902412
CYP,2017,1.852632982287408
CYP,2018,1.718138098614564
CYP,2019,1.748205354035141
CYP,2020,1.8253356919424548
CYP,2021,1.502502717399029
CYP,2022,1.1860761260119994
CYP,2023,1.154959184356066
CYP,2024,1.155128121465271
CYP,2025,1.1154125331361742
CZE,2015,2.258925713479884
CZE,2016,2.1480973687959812
CZE,2017,2.105459687558888
CZE,2018,1.9685622468279822
CZE,2019,1.8915177090881117
CZE,2020,1.9439913882530087
CZE,2021,1.7588666649227818
CZE,2022,2.076349755002644
CZE,2023,2.1412191541263934
CZE,2024,1.8988830946228652
CZE,2025,1.9498268674913388
DEU,2015,0.708512712866412
DEU,2016,0.7305310136109989
DEU,2017,0.8600076205105741
DEU,2018,0.7424512890102882
DEU,2019,0.8331260177311381
DEU,2020,0.7286595261278805
DEU,2021,0.7538956207194338
DEU,2022,0.9946382780324812
DEU,2023,0.9291566630562816
DEU,2024,0.9143976511733739
DEU,2025,0.8714269414820434
DJI,2015,1.0590075264409906
DJI,2016,0.9955877199622596
DJI,2017,1.2942409518358942
DJI,2018,1.4167110203576694
DJI,2019,1.51935229833123
DJI,2020,1.9974447358868224
DJI,2021,3.007162261842655
DJI,2022,2.6310179224764427
DJI,2023,2.50202235262172
DJI,2024,2.511947685848596
DJI,2025,2.2719954506185087
DMA,2015,13.541388814795056
DMA,2016,13.500411045021519
DMA,2017,11.743783940147003
DMA,2018,9.64769551837572
DMA,2019,10.116700201207243
DMA,2020,12.252914609809894
DMA,2021,14.015106654560288
DMA,2022,12.943819957557348
DMA,2023,12.10972170728145
DMA,2024,12.224324992741858
DMA,2025,12.103335004758446
DNK,2015,0.9083180609293023
DNK,2016,0.9287978049966499
DNK,2017,1.2598580673451407
DNK,2018,0.9970448873478298
DNK,2019,1.2412274116914404
DNK,2020,1.3375200866845138
DNK,2021,1.0810312092896883
DNK,2022,1.002285337296636
DNK,2023,1.0378705697631696
DNK,2024,0.9277222620998883
DNK,2025,1.169380054414143
DOM,2015,5.058832344246273
DOM,2016,5.027045105643731
DOM,2017,4.837609340526528
DOM,2018,4.571473238752744
DOM,2019,4.325119569610355
DOM,2020,4.522528402378887
DOM,2021,4.215675902840547
DOM,2022,4.153719841887107
DOM,2023,4.294253039985247
DOM,2024,4.453984481879723
DOM,2025,4.602719176065497
DZA,2015,10.532789696501805
DZA,2016,11.068313054579384
DZA,2017,11.031880930478364
DZA,2018,11.243830135499515
DZA,2019,11.479179885716384
DZA,2020,12.834169388718584
DZA,2021,11.235434560508907
DZA,2022,10.647063855347213
DZA,2023,13.369245043485634
DZA,2024,13.959706150576709
DZA,2025,14.512004100065095
ECU,2015,8.020496297287968
ECU,2016,8.072125858949976
ECU,2017,7.902220409515742
ECU,2018,7.645059948058114
ECU,2019,7.786764598590857
ECU,2020,8.385749058996455
ECU,2021,8.079999832803184
ECU,2022,7.393039923554625
ECU,2023,8.051374684158537
ECU,2024,9.235704155398507
ECU,2025,9.702954822468673
EGY,2015,11.394062768525718
EGY,2016,11.769316084742009
EGY,2017,10.98638064498482
EGY,2018,10.83024902490249
EGY,2019,10.69713545389564
EGY,2020,11.16682394434873
EGY,2021,11.43693265897255
EGY,2022,10.945753522473701
EGY,2023,10.600311164503614
EGY,2024,13.712112879280483
EGY,2025,16.551922508574012
ESP,2015,2.7232704633929163
ESP,2016,2.815220750030945
ESP,2017,2.8034467669039267
ESP,2018,2.701282546218848
ESP,2019,2.51980122994951
ESP,2020,2.784680317459755
ESP,2021,2.768249271129947
ESP,2022,2.3696400004942353
ESP,2023,2.606223556361796
ESP,2024,2.7530059648880725
ESP,2025,2.6823309340237276
EST,2015,2.8064215286505068
EST,2016,2.0715978609000993
EST,2017,2.3388559662831065
EST,2018,2.049384699690663
EST,2019,2.2656489626340037
EST,2020,1.9318152735340803
EST,2021,1.943537712545575
EST,2022,2.446408599978728
EST,2023,1.7155812591916522
EST,2024,1.7668478295785075
EST,2025,1.646870167984164
ETH,2015,36.05697539057863
ETH,2016,34.69695645236342
ETH,2017,33.77928134004787
ETH,2018,31.21880665013897
ETH,2019,33.63332469105559
ETH,2020,35.55827003581147
ETH,2021,37.5791137563489
ETH,2022,37.64222683914619
ETH,2023,35.786480785117384
ETH,2024,34.77377820462914
ETH,2025,32.818614700971885
FIN,2015,2.0604970693461215
FIN,2016,2.089775029320823
FIN,2017,2.0680355664735255
FIN,2018,2.114227808801018
FIN,2019,2.189771841118909
FIN,2020,2.240393930292275
FIN,2021,2.1590744641507613
FIN,2022,2.241343678959926
FIN,2023,2.331092837127525
FIN,2024,2.4667292286398568
FIN,2025,2.6107566739138184
FJI,2015,7.871624084693897
FJI,2016,10.664333639692888
FJI,2017,10.531827360184748
FJI,2018,10.906563975369552
FJI,2019,12.400516146911347
FJI,2020,15.691834531197173
FJI,2021,17.25367241479417
FJI,2022,14.192894883330442
FJI,2023,12.824591015320696
FJI,2024,13.190027700831026
FJI,2025,14.045773536958478
FRA,2015,1.503601160278979
FRA,2016,1.3379847256444428
FRA,2017,1.434960065331969
FRA,2018,1.5311017054357825
FRA,2019,1.4082848547253466
FRA,2020,1.460434265770403
FRA,2021,1.4633454145789826
FRA,2022,1.7201713701883332
FRA,2023,1.4847579630442362
FRA,2024,1.2997945580257735
FRA,2025,1.4031757602359194
FRO,2015,15.664376046659353
FRO,2016,19.410503638149347
FRO,2017,17.978858565838287
FRO,2018,16.320003178576396
FRO,2019,17.05140622346261
FRO,2020,13.718482389381773
FRO,2021,14.214836948343686
FRO,2022,18.735829880384646
FRO,2023,17.755364964847058
FRO,2024,16.066693149243637
FSM,2015,26.523942307692305
FSM,2016,27.00076452599388
FSM,2017,27.476869806094186
FSM,2018,22.39791878172589
FSM,2019,23.195620253164556
FSM,2020,22.048137490020856
FSM,2021,22.184519533740772
FSM,2022,23.267592717243744
FSM,2023,23.332052600639855
FSM,2024,22.33048089951536
FSM,2025,24.162690295848364
GAB,2015,4.311629044101457
GAB,2016,4.973136909870677
GAB,2017,5.265764844076496
GAB,2018,5.435952803058217
GAB,2019,5.5544308701412985
GAB,2020,6.61619761297697
GAB,2021,6.7698228099570406
GAB,2022,6.506169416159753
GAB,2023,6.669425635182477
GAB,2024,6.559144380426203
GAB,2025,6.75232535579492
GBR,2015,0.6335528335864432
GBR,2016,0.5904960955328706
GBR,2017,0.6061351635639909
GBR,2018,0.5630977560361012
GBR,2019,0.5769296494701861
GBR,2020,0.6837606837606838
GBR,2021,0.698210493866494
GBR,2022,0.6811060582754638
GBR,2023,0.6481808496877366
GBR,2024,0.6402683226789105
GBR,2025,0.6399634720140164
GEO,2015,8.54206032187102
GEO,2016,8.00327332913851
GEO,2017,6.9186093372036765
GEO,2018,7.561590338079076
GEO,2019,7.335486264730724
GEO,2020,8.31654843439314
GEO,2021,7.227317370397207
GEO,2022,6.632355201756794
GEO,2023,6.015795081339316
GEO,2024,5.485442689445804
GEO,2025,5.181709354661287
GHA,2015,19.982650598575763
GHA,2016,20.844292919241855
GHA,2017,19.561709918423904
GHA,2018,18.13655031925207
GHA,2019,17.323230201461975
GHA,2020,18.853782661648598
GHA,2021,19.657473522733202
GHA,2022,19.513638208119843
GHA,2023,20.943068785561515
GHA,2024,20.575204934126845
GHA,2025,21.275863441712833
GIN,2015,18.478241904135007
GIN,2016,17.589947436421056
GIN,2017,20.52847331137446
GIN,2018,22.940009265254833
GIN,2019,26.427276814230577
GIN,2020,26.30327748798879
GIN,2021,27.07153748075623
GIN,2022,28.381973713968524
GIN,2023,29.471439765302414
GIN,2024,30.960575141818413
GIN,2025,31.29248270470919
GMB,2015,22.20888601991467
GMB,2016,21.86137935992743
GMB,2017,21.001894691389168
GMB,2018,19.871596180125746
GMB,2019,20.004045872555487
GMB,2020,21.24400520176356
GMB,2021,23.579267737043047
GMB,2022,22.860438578159258
GMB,2023,22.037586623017198
GMB,2024,20.43356324302261
GMB,2025,23.847323070352758
GNB,2015,35.15777855080632
GNB,2016,36.348764905033356
GNB,2017,36.358492091293684
GNB,2018,32.5475708900674
GNB,2019,31.385738512360568
GNB,2020,36.64074195901145
GNB,2021,40.05238080001002
GNB,2022,39.66772127723586
GNB,2023,36.80485031285916
GNB,2024,41.16433662676316
GNB,2025,40.62860099891555
GNQ,2015,1.8883908756680206
GNQ,2016,2.3322392093276143
GNQ,2017,2.3154633968627194
GNQ,2018,2.257979688203853
GNQ,2019,2.4378785742038103
GNQ,2020,3.1515738386633894
GNQ,2021,2.8263690019315018
GNQ,2022,2.489783032145254
GNQ,2023,2.7690622577867434
GNQ,2024,2.732427692038161
GNQ,2025,3.2067864974891376
GRC,2015,3.82153798821664
GRC,2016,3.458129415333269
GRC,2017,3.752270209453902
GRC,2018,3.5257309034162576
GRC,2019,3.6615193393131156
GRC,2020,3.9238294812331977
GRC,2021,3.531734881050931
GRC,2022,3.784907319482119
GRC,2023,3.742220179076828
GRC,2024,3.765512541307995
GRC,2025,3.5703052168837006
GRD,2015,7.428526850723648
GRD,2016,6.2063263362440395
GRD,2017,5.371543257604422
GRD,2018,5.205439438149092
GRD,2019,4.679512026883082
GRD,2020,4.90307786781958
GRD,2021,5.340594059405941
GRD,2022,4.120042846509038
GRD,2023,3.107808875574019
GRD,2024,2.6934873356484843
GRD,2025,2.539733521481241
GRL,2015,17.037790386468256
GRL,2016,18.411738560226517
GRL,2017,19.05687533525591
GRL,2018,18.43014909748602
GRL,2019,18.476368656955337
GRL,2020,15.731615609910552
GRL,2021,15.23680283574233
GRL,2022,16.02589391385432
GRL,2023,16.55794998887381
GTM,2015,9.96700294850351
GTM,2016,9.661394779903762
GTM,2017,9.696283212316722
GTM,2018,9.435508815375448
GTM,2019,9.408723757108394
GTM,2020,9.926319180430305
GTM,2021,9.173489438725326
GTM,2022,9.079425835289943
GTM,2023,9.621908806678519
GTM,2024,9.658061875850665
GTM,2025,9.55178298050142
GUY,2015,25.443121476102277
GUY,2016,20.38724090584513
GUY,2017,22.758027043400393
GUY,2018,19.53569331263223
GUY,2019,17.595336734249287
GUY,2020,16.851003324985076
GUY,2021,13.455193293189172
GUY,2022,10.029835921980823
GUY,2023,9.743620709010441
GUY,2024,7.6225317842096425
GUY,2025,7.734382522358219
HKG,2015,0.06796537518554965
HKG,2016,0.07620659777290434
HKG,2017,0.0652727034141459
HKG,2018,0.06214227194544458
HKG,2019,0.07230172561055767
HKG,2020,0.09896131726183602
HKG,2021,0.07559345921317949
HKG,2022,0.05290285739511457
HKG,2023,0.03793761593446956
HKG,2024,0.03730967437660053
HND,2015,12.215978446811635
HND,2016,12.049901405846363
HND,2017,12.669768109487803
HND,2018,11.610160461364448
HND,2019,10.638033409475147
HND,2020,12.188067140755257
HND,2021,10.893051926619322
HND,2022,12.473273024445541
HND,2023,11.978794840663154
HND,2024,11.269443060525578
HND,2025,13.319283394753164
HRV,2015,2.9630596527868427
HRV,2016,3.0589076230921246
HRV,2017,2.8894876538244993
HRV,2018,2.951146178447632
HRV,2019,2.857611190033876
HRV,2020,3.129434021756267
HRV,2021,3.359443292254426
HRV,2022,3.3928386552881844
HRV,2023,2.6835551738943755
HRV,2024,2.8962225714452012
HRV,2025,2.8319440709868244
HTI,2015,17.219898998961888
HTI,2016,17.98351398514613
HTI,2017,18.826470995019513
HTI,2018,18.7060141160075
HTI,2019,19.187403731504585
HTI,2020,20.36249373204397
HTI,2021,20.873663572295246
HTI,2022,20.417028514140036
HTI,2023,17.70535146443277
HTI,2024,16.5038344560188
HTI,2025,15.807212725807911
HUN,2015,3.761355481837732
HUN,2016,3.867725721294203
HUN,2017,3.7489466690871853
HUN,2018,3.4716273027973745
HUN,2019,3.32505112170721
HUN,2020,3.362546853711764
HUN,2021,3.4575591932580267
HUN,2022,3.144013145389331
HUN,2023,2.9275308041992743
HUN,2024,2.7122392560451534
HUN,2025,2.6539976987222116
IDN,2015,13.492643557888595
IDN,2016,13.478748547027134
IDN,2017,13.156630846266115
IDN,2018,12.80849755869023
IDN,2019,12.712602657752232
IDN,2020,13.698414279613836
IDN,2021,13.280169137659634
IDN,2022,12.399650163410755
IDN,2023,12.52944318662133
IDN,2024,12.609722029425116
IDN,2025,13.099546319927846
IMN,2015,0.4723201175851316
IMN,2016,0.5901006969506928
IMN,2017,0.4005063491873243
IMN,2018,0.4109358991642552
IMN,2019,0.31667066547429495
IMN,2020,0.3726339241873711
IMN,2021,0.3377442754200864
IMN,2022,0.37246678301554126
IMN,2023,0.37259904857716414
IND,2015,16.174508106840065
IND,2016,16.36380056163307
IND,2017,16.558331404936848
IND,2018,16.031630686448953
IND,2019,16.755568303283702
IND,2020,18.668537660372674
IND,2021,17.372561526031365
IND,2022,18.21066599299419
IND,2023,17.656538932824482
IND,2024,17.573579952417322
IND,2025,16.23424839101287
IRL,2015,0.8686946522580204
IRL,2016,0.9259413315633587
IRL,2017,1.1198159091188644
IRL,2018,0.9281689818797928
IRL,2019,0.9538966161198336
IRL,2020,1.0089723593295619
IRL,2021,1.0331244030498687
IRL,2022,1.172815303261239
IRL,2023,0.8469107101644012
IRL,2024,1.0211444801842302
IRL,2025,1.057056760369341
IRN,2015,10.091601414112562
IRN,2016,8.447880292817432
IRN,2017,8.490449272276443
IRN,2018,9.630920246608055
IRN,2019,11.808101467688164
IRN,2020,11.69335069797025
IRN,2021,10.634485402727146
IRN,2022,10.695041770619452
IRN,2023,10.750872506582969
IRN,2024,10.800368593719837
IRN,2025,10.59444822543713
IRQ,2015,4.191868175172115
IRQ,2016,3.977189811461293
IRQ,2017,2.9767278010133547
IRQ,2018,2.815817643204917
IRQ,2019,3.7700082530619885
IRQ,2020,6.088674146924122
IRQ,2021,3.2791975295303812
IRQ,2022,2.0587062138837426
IRQ,2023,3.1060312144841227
IRQ,2024,3.394575058617224
IRQ,2025,3.4136884814112487
ISL,2015,5.382088999291382
ISL,2016,4.471355151887193
ISL,2017,3.7503198871659844
ISL,2018,4.164683169749133
ISL,2019,4.424927878319431
ISL,2020,4.7926169670513215
ISL,2021,4.4105213032896575
ISL,2022,4.2058892930378216
ISL,2023,4.300545580529098
ISL,2024,3.5413750175270153
ISL,2025,3.6541517077872885
ISR,2015,1.4257423736289545
ISR,2016,1.4587208085894672
ISR,2017,1.4403196201039554
ISR,2018,1.3935124155799896
ISR,2019,1.353328861748849
ISR,2020,1.3721778306997494
ISR,2021,1.330518004151986
ISR,2022,1.185963235765652
ISR,2023,1.3922859065012583
ISR,2024,1.2851328958382409
ITA,2015,1.9915255281784876
ITA,2016,1.8491524830210069
ITA,2017,1.8934326477664287
ITA,2018,1.8575561256162585
ITA,2019,1.8186687987384944
ITA,2020,1.9280162015611984
ITA,2021,1.8333929079470723
ITA,2022,1.890371751256686
ITA,2023,1.8596431753595994
ITA,2024,2.0078961642323687
ITA,2025,2.0654957530366818
JAM,2015,5.8561219639282225
JAM,2016,6.0983232562020095
JAM,2017,5.910664694794724
JAM,2018,5.900873175283712
JAM,2019,6.305291020209639
JAM,2020,7.720569474919631
JAM,2021,7.38278062941281
JAM,2022,6.799796847252276
JAM,2023,7.782558869207268
JAM,2024,7.968751950897913
JAM,2025,8.743036578948024
JOR,2015,4.431814855758889
JOR,2016,4.648258523681907
JOR,2017,4.567514778140133
JOR,2018,4.469587924255469
JOR,2019,4.396861831972174
JOR,2020,4.7328753752539106
JOR,2021,4.828853428651155
JOR,2022,4.767618831501851
JOR,2023,4.956295908649624
JOR,2024,5.241779160063581
JOR,2025,5.561693673946885
JPN,2015,1.020320598790198
JPN,2016,1.1043749435671597
JPN,2017,1.1081382859185411
JPN,2018,1.0112561901139148
JPN,2019,0.9811520045887121
JPN,2020,1.00457628073053
JPN,2021,0.9386493826024009
JPN,2022,0.8486570196713765
JPN,2023,0.8253453954577109
JPN,2024,0.9582703957264445
KAZ,2015,4.710547418815792
KAZ,2016,4.556004270706594
KAZ,2017,4.516984540267412
KAZ,2018,4.395858102876359
KAZ,2019,4.466335958127513
KAZ,2020,5.391282693448097
KAZ,2021,5.030001939963306
KAZ,2022,5.247144807300736
KAZ,2023,3.825003113616634
KAZ,2024,3.8822915165122587
KAZ,2025,3.743791417714195
KEN,2015,19.469614778052783
KEN,2016,20.03451643283491
KEN,2017,20.893637406529177
KEN,2018,20.314910419967994
KEN,2019,20.861163811068607
KEN,2020,22.702726160445057
KEN,2021,21.47707509572517
KEN,2022,21.036192064993276
KEN,2023,21.452206090220514
KEN,2024,22.441996033216498
KEN,2025,23.159987477213132
KGZ,2015,14.060764330085712
KGZ,2016,12.834473156492793
KGZ,2017,12.514578895885336
KGZ,2018,11.675286484238448
KGZ,2019,10.373902624893121
KGZ,2020,12.169655673088437
KGZ,2021,12.412233029824323
KGZ,2022,10.996805665197739
KGZ,2023,9.492161082078082
KGZ,2024,8.621683534119901
KGZ,2025,7.999435738726386
KHM,2015,20.140848855458216
KHM,2016,18.90798155559165
KHM,2017,17.868177158358588
KHM,2018,16.497947908222766
KHM,2019,15.438506517715695
KHM,2020,17.039652291143486
KHM,2021,16.904414371009576
KHM,2022,16.544085988484795
KHM,2023,17.07844724553506
KHM,2024,16.57687260913498
KHM,2025,16.110682827529637
KIR,2015,22.91966360083896
KIR,2016,27.067681896311484
KIR,2017,31.010687285223366
KIR,2018,26.769936102236418
KIR,2019,26.990032051282054
KIR,2020,26.963271028037383
KIR,2021,24.699026315789474
KIR,2022,27.957795687718928
KIR,2023,26.985096016330523
KIR,2024,23.165512211426154
KNA,2015,0.848520023215322
KNA,2016,0.7897999198060631
KNA,2017,0.9029938609032041
KNA,2018,0.9161655221765038
KNA,2019,0.8996359332845236
KNA,2020,1.1267121709216916
KNA,2021,1.2397122004244527
KNA,2022,1.1861003977568627
KNA,2023,1.3967146856777979
KNA,2024,1.2879275355145274
KNA,2025,1.2896300723832652
KOR,2015,1.8985843095263262
KOR,2016,1.739456481428038
KOR,2017,1.7149425413338069
KOR,2018,1.5993277443236076
KOR,2019,1.5068943395558834
KOR,2020,1.5779513535925895
KOR,2021,1.6651597819158437
KOR,2022,1.4483461547481982
KOR,2023,1.447738714455018
KOR,2024,1.4582510545953795
KOR,2025,1.464272752592926
KWT,2015,0.5377290088696369
KWT,2016,0.5185921311858686
KWT,2017,0.5250921392494645
KWT,2018,0.4459068711695096
KWT,2019,0.3704341383802915
KWT,2020,0.4963266899896769
KWT,2021,0.47302481898253435
KWT,2022,0.40246023889980104
KWT,2023,0.4685140162545756
KWT,2024,0.49091010874382623
KWT,2025,0.5305161262749446
LAO,2015,17.587759697062737
LAO,2016,17.230176594806583
LAO,2017,16.19975985619791
LAO,2018,15.709186820108389
LAO,2019,16.050339057034126
LAO,2020,16.33776235926162
LAO,2021,16.067697015524917
LAO,2022,14.868882228227642
LAO,2023,16.139056835188693
LAO,2024,16.77188381287801
LAO,2025,16.617584404576384
LBN,2015,3.2846632667094346
LBN,2016,2.727149457639454
LBN,2017,2.7929114852009094
LBN,2018,3.2318972830416333
LBN,2019,3.1690998515024513
LBN,2020,3.0782500056068893
LBN,2021,1.4001656148754456
LBN,2022,1.189573262952201
LBN,2023,0.9664553673692243
LBN,2024,1.045054471974679
LBR,2015,35.91871427125184
LBR,2016,35.91871351024459
LBR,2017,35.94261591857312
LBR,2018,35.496699909675094
LBR,2019,36.43715132245741
LBR,2020,39.29228507065352
LBR,2021,37.41761680272367
LBR,2022,36.2030463526172
LBR,2023,34.56500227790433
LBR,2024,33.8327264558714
LBR,2025,32.65383056596408
LBY,2015,4.3862973349324035
LBY,2016,4.6117798957291605
LBY,2017,3.874776455204507
LBY,2018,3.6601292203691655
LBY,2019,2.042016192325168
LBY,2020,4.3267701529239995
LBY,2021,1.9292341608538957
LBY,2022,1.6864376993735348
LBY,2023,1.7692779613025011
LBY,2024,2.3919760990183523
LBY,2025,1.500835050427724
LCA,2015,2.1525909564953705
LCA,2016,2.0770772258858647
LCA,2017,1.5617239564414858
LCA,2018,1.6288740569818387
LCA,2019,1.7366033456195067
LCA,2020,1.9568233261128825
LCA,2021,1.6330166270783848
LCA,2022,1.60927247473538
LCA,2023,1.2546651697666655
LCA,2024,1.450120132501173
LCA,2025,1.6577435725837932
LIE,2016,0.11551853177573135
LIE,2017,0.13489772869870748
LIE,2018,0.13904593099654677
LIE,2019,0.13914076668125822
LIE,2020,0.2111704161886234
LIE,2021,0.16180558436709125
LIE,2022,0.16921905406548776
LIE,2023,0.1593948399297582
LKA,2015,8.216938879340649
LKA,2016,7.26171847766503
LKA,2017,7.430678779406007
LKA,2018,7.592063951366603
LKA,2019,7.256246699902399
LKA,2020,8.25132326034921
LKA,2021,8.789940164414114
LKA,2022,8.447952869763403
LKA,2023,8.043121802567583
LKA,2024,8.373649469054836
LKA,2025,8.36247166017662
LSO,2015,3.781903446691265
LSO,2016,4.924117633581517
LSO,2017,4.9636238571377955
LSO,2018,4.249775434305065
LSO,2019,4.463802088221722
LSO,2020,5.307712044085169
LSO,2021,5.9562526280858545
LSO,2022,5.950853937303417
LSO,2023,6.661448898536834
LSO,2024,6.623911319614205
LSO,2025,6.485946392110866
LTU,2015,3.4367186480471497
LTU,2016,3.120618960566807
LTU,2017,3.5493363371263245
LTU,2018,2.8868572664767465
LTU,2019,3.1240474440371564
LTU,2020,3.5324199391432622
LTU,2021,3.394057072615988
LTU,2022,3.9494209436708165
LTU,2023,2.497200673197476
LTU,2024,2.416083458196942
LTU,2025,2.271497500511168
LUX,2015,0.22372893477159744
LUX,2016,0.21419700815904225
LUX,2017,0.23457255011553962
LUX,2018,0.2337383940485266
LUX,2019,0.21482806304827542
LUX,2020,0.20041631187567
LUX,2021,0.19486168709892163
LUX,2022,0.2421674782987545
LUX,2023,0.18725095283507479
LUX,2024,0.20948759971538733
LUX,2025,0.2322122724007236
LVA,2015,3.554450184450871
LVA,2016,3.3253253895576056
LVA,2017,3.62476211824764
LVA,2018,3.661047780195126
LVA,2019,3.8534344419983615
LVA,2020,4.079181942175598
LVA,2021,4.206722515353609
LVA,2022,5.114110384568705
LVA,2023,3.93344279418518
LVA,2024,3.9482348829407465
LVA,2025,4.009599734487297
MAR,2015,11.796193184611345
MAR,2016,10.32196511031767
MAR,2017,11.160288799237527
MAR,2018,11.305540240136475
MAR,2019,10.842401737003925
MAR,2020,10.663640142059235
MAR,2021,11.977943900927727
MAR,2022,9.796188937856336
MAR,2023,11.131174384006087
MAR,2024,10.567328762104685
MAR,2025,10.546899851480802
MDA,2015,12.821255752203351
MDA,2016,12.479743850948696
MDA,2017,12.199591077285412
MDA,2018,10.146878457136516
MDA,2019,10.16081262864411
MDA,2020,9.366692013801776
MDA,2021,10.5865870134286
MDA,2022,8.114280000584213
MDA,2023,7.084548484906006
MDA,2024,7.2549300966392085
MDA,2025,7.376324025482475
MDG,2015,25.743354333765634
MDG,2016,25.13345435997234
MDG,2017,24.55013776930981
MDG,2018,23.973383300586143
MDG,2019,22.956252010065686
MDG,2020,24.69294439793286
MDG,2021,22.522091361615665
MDG,2022,21.608800850098017
MDG,2023,22.223237180859492
MDG,2024,21.91987011195183
MDG,2025,21.702530751088958
MDV,2015,5.5336036181008526
MDV,2016,5.62856345772863
MDV,2017,5.271099687942422
MDV,2018,5.124005582859179
MDV,2019,4.494023910733159
MDV,2020,7.574945113634375
MDV,2021,5.306203934591862
MDV,2022,5.06182473582962
MDV,2023,5.081845646285409
MDV,2024,3.841958922850948
MDV,2025,4.5907937825300404
MEX,2015,3.0851863386341623
MEX,2016,3.246289078379699
MEX,2017,3.297511775899075
MEX,2018,3.296959451419209
MEX,2019,3.315024402579682
MEX,2020,3.711148881786027
MEX,2021,3.782665286221085
MEX,2022,3.898065712380059
MEX,2023,3.845697585982846
MEX,2024,3.869448463719978
MEX,2025,3.8840834189894826
MHL,2015,12.422808927599347
MHL,2016,12.727651139742319
MHL,2017,15.83224145999064
MHL,2018,16.2795
MHL,2019,18.20914555603263
MHL,2020,19.90603804797353
MHL,2021,24.74170846961957
MHL,2022,20.580387943113017
MHL,2023,18.921401515151516
MHL,2024,19.935964912280703
MKD,2015,9.726918494187357
MKD,2016,9.172908312948158
MKD,2017,7.873245042112519
MKD,2018,8.470398469914265
MKD,2019,8.132291394476262
MKD,2020,8.569059287592637
MKD,2021,7.147488844258305
MKD,2022,7.2798878546816255
MKD,2023,6.230886697739696
MKD,2024,6.082928018818225
MKD,2025,5.976896380014047
MLI,2015,30.525122276132997
MLI,2016,30.998719270246074
MLI,2017,31.400776643576062
MLI,2018,32.497541398465636
MLI,2019,32.26822055473324
MLI,2020,32.289960837019116
MLI,2021,32.037558726674675
MLI,2022,32.71767290186533
MLI,2023,31.3747850068698
MLI,2024,32.59284355623
MLI,2025,33.01958352709718
MLT,2015,0.9415654970293149
MLT,2016,1.0103177137750636
MLT,2017,0.6758906073160433
MLT,2018,0.6218889187238478
MLT,2019,0.4719107176501963
MLT,2020,0.7856204289134201
MLT,2021,0.886000827253817
MLT,2022,0.8334816066900939
MLT,2023,0.044444869246062085
MLT,2024,0.49056261264571005
MLT,2025,0.4691339941083606
MMR,2015,26.771778645597966
MMR,2016,25.628622873759525
MMR,2017,23.404128096274416
MMR,2018,22.075606404111095
MMR,2019,20.842157775428177
MMR,2020,22.418652540050267
MMR,2021,22.785290156821095
MMR,2022,22.334350076849493
MMR,2023,22.722230972546193
MMR,2024,25.3
MMR,2025,25.3
MNE,2015,4.96369912493667
MNE,2016,4.806078641948837
MNE,2017,4.436126453734466
MNE,2018,4.027026547098812
MNE,2019,3.7035108209740515
MNE,2020,4.183869782973956
MNE,2021,3.771318755142198
MNE,2022,3.996727665734049
MNE,2023,3.7692433716628964
MNE,2024,3.4934441035979904
MNE,2025,3.3668899806022954
MNG,2015,14.079203180176004
MNG,2016,12.627843686447854
MNG,2017,11.137233271356777
MNG,2018,11.428004519305913
MNG,2019,11.558382861226647
MNG,2020,12.96565630314745
MNG,2021,13.163174192774166
MNG,2022,13.027853403536085
MNG,2023,9.920602812980238
MNG,2024,7.290952102613105
MNG,2025,8.93883278645661
MOZ,2015,23.566316494695773
MOZ,2016,23.62728108876254
MOZ,2017,26.0749604736416
MOZ,2018,25.542559795890874
MOZ,2019,24.76978181456368
MOZ,2020,26.88197440876545
MOZ,2021,26.894591350236514
MOZ,2022,25.638266260009544
MOZ,2023,25.363819003975845
MOZ,2024,25.168842729053782
MOZ,2025,25.570048653436046
MRT,2015,20.629545611190856
MRT,2016,21.739213352185537
MRT,2017,22.718830074250153
MRT,2018,23.655966000294036
MRT,2019,19.957882454072024
MRT,2020,19.15234017066474
MRT,2021,19.148581128903167
MRT,2022,21.23020138885938
MRT,2023,19.1616076506323
MRT,2024,19.331064828259663
MRT,2025,19.952693799833053
MUS,2015,3.032833216454369
MUS,2016,3.057569823038515
MUS,2017,2.9552198937364613
MUS,2018,2.525932128256908
MUS,2019,2.668627458528867
MUS,2020,3.0989406514301536
MUS,2021,3.2413713398878956
MUS,2022,3.555132547658371
MUS,2023,4.012652862592423
MUS,2024,4.232092248447743
MUS,2025,4.616326475693276
MWI,2015,22.99483636983682
MWI,2016,22.19290776901513
MWI,2017,22.926231982132336
MWI,2018,21.632593506951007
MWI,2019,22.947399179014155
MWI,2020,25.015011006226672
MWI,2021,25.53283042553478
MWI,2022,27.597551876220145
MWI,2023,28.869380408767952
MWI,2024,31.787246590509916
MWI,2025,30.031262452681723
MYS,2015,8.287495082793802
MYS,2016,8.462518856180269
MYS,2017,8.598277535331395
MYS,2018,7.512056930638213
MYS,2019,7.241314015621507
MYS,2020,8.165970899195983
MYS,2021,9.56621458844467
MYS,2022,8.961849227414174
MYS,2023,7.76530932127302
MYS,2024,8.128467822419484
MYS,2025,8.2158916957078
NAM,2015,6.650426795893338
NAM,2016,6.720117635263881
NAM,2017,7.676156089362738
NAM,2018,7.76829756756805
NAM,2019,7.083976738474352
NAM,2020,9.158178088911987
NAM,2021,9.563003794826365
NAM,2022,8.758893664576483
NAM,2023,7.607878686937666
NAM,2024,7.154345494948547
NAM,2025,6.989131884477039
NCL,2015,1.9133410369197572
NCL,2016,1.9267081167975098
NCL,2017,2.0119019733087877
NCL,2019,1.786138613861386
NER,2015,32.41699527144478
NER,2016,37.20795141137053
NER,2017,38.26071370937689
NER,2018,37.67921916329159
NER,2019,36.155496095921556
NER,2020,38.83445698452441
NER,2021,38.13994272323457
NER,2022,41.45717492678939
NER,2023,43.988088956412255
NER,2024,47.96920320489828
NER,2025,47.589019898774424
NGA,2015,20.631893480001228
NGA,2016,20.983109708317315
NGA,2017,20.84657143005422
NGA,2018,21.203773720120985
NGA,2019,25.734930572848313
NGA,2020,28.345420438138913
NGA,2021,29.388278043487336
NGA,2022,28.551552220040723
NGA,2023,27.718291279289893
NGA,2024,25.87333436063033
NGA,2025,22.979055791620475
NIC,2015,16.109929235315114
NIC,2016,14.9153392298097
NIC,2017,14.99640860194735
NIC,2018,15.322211323712565
NIC,2019,15.529784067707073
NIC,2020,15.906779980402339
NIC,2021,15.729914891311356
NIC,2022,16.80302568218796
NIC,2023,15.328565867197733
NIC,2024,14.521629099128994
NIC,2025,14.477015843014335
NLD,2015,1.8059856259162583
NLD,2016,1.8639913909813586
NLD,2017,1.9678742137359644
NLD,2018,1.7598723695592253
NLD,2019,1.758806990396099
NLD,2020,1.7373720548267344
NLD,2021,1.6546464023330154
NLD,2022,1.641947233905536
NLD,2023,1.751492430006485
NLD,2024,1.7310972472745139
NLD,2025,1.6832307721004054
NOR,2015,1.3626784745453742
NOR,2016,1.88806883866435
NOR,2017,1.7720624376510552
NOR,2018,1.660533673217663
NOR,2019,1.6159727644437776
NOR,2020,1.6675807520839203
NOR,2021,1.4580590414815209
NOR,2022,1.5175647658354163
NOR,2023,1.644165062326563
NOR,2024,1.699359082616976
NOR,2025,1.6420039843063567
NPL,2015,26.51850843107103
NPL,2016,25.517875372606362
NPL,2017,23.69954845889731
NPL,2018,22.33467205025654
NPL,2019,21.58337276002695
NPL,2020,22.180090192791603
NPL,2021,22.021452278805846
NPL,2022,20.91436998151288
NPL,2023,21.298713111906167
NPL,2024,21.67365208815741
NPL,2025,21.55781379573758
NZL,2015,4.4696017756274
NZL,2016,5.548208859010958
NZL,2017,5.9153747458868935
NZL,2018,5.668645975967242
NZL,2019,5.687590627038626
NZL,2020,5.697539740202888
NZL,2021,5.7748650087671125
NZL,2022,4.57625698536786
NZL,2023,4.008527252476137
OMN,2015,1.7297608072877946
OMN,2016,1.9853221172153563
OMN,2017,1.9845992524783367
OMN,2018,1.8494201909959072
OMN,2019,1.9947193393858131
OMN,2020,2.4692330884771407
OMN,2021,2.392184893971885
OMN,2022,2.1082711466343422
OMN,2023,2.4155985887499325
OMN,2024,2.603110687801793
OMN,2025,2.8083267108449954
PAK,2015,23.262840775624166
PAK,2016,22.32833020356975
PAK,2017,21.963203536687203
PAK,2018,21.65123535939572
PAK,2019,20.67787132228868
PAK,2020,21.854132554896612
PAK,2021,22.66250807607427
PAK,2022,22.326864699603053
PAK,2023,23.42670359636599
PAK,2024,23.731967190512353
PAK,2025,23.021294909638883
PAN,2015,2.9496163020119237
PAN,2016,2.7805458893113264
PAN,2017,2.5726218847147515
PAN,2018,2.4461817006236655
PAN,2019,2.455080777951975
PAN,2020,3.064188404362427
PAN,2021,2.802892157766456
PAN,2022,2.6037030710706843
PAN,2023,2.496274907866824
PAN,2024,2.6821407898335528
PAN,2025,2.6182090720363997
PER,2015,7.045644059720457
PER,2016,6.9350346165010475
PER,2017,6.7797595601092455
PER,2018,6.885842851440975
PER,2019,6.853031034772384
PER,2020,7.7158463734968
PER,2021,7.120231373089106
PER,2022,7.171122734099773
PER,2023,7.223159554292787
PER,2024,7.471210842911457
PHL,2015,10.996499154862333
PHL,2016,10.205125532561595
PHL,2017,10.182954131410888
PHL,2018,9.650140358153065
PHL,2019,8.820323747305245
PHL,2020,10.185311031761547
PHL,2021,10.069164020487577
PHL,2022,9.55176804414326
PHL,2023,9.400366528691636
PHL,2024,9.087295760200634
PHL,2025,8.591709844266902
PLW,2015,3.0330682611600857
PLW,2016,3.0674575096358745
PLW,2017,3.4755751859722266
PLW,2018,3.45833441302561
PLW,2019,3.390021067266292
PLW,2020,3.309640155908608
PLW,2021,3.415379201182102
PLW,2022,3.3041472315043214
PLW,2023,3.0469579339771915
PLW,2024,2.7309643860872477
PNG,2015,17.456930170084085
PNG,2016,17.8663404294926
PNG,2017,17.649568905744957
PNG,2018,16.973835520232186
PNG,2019,16.976445746966693
PNG,2020,18.755325478087716
PNG,2021,18.989881583829916
PNG,2022,16.908567889043493
PNG,2023,16.959612272756036
PNG,2024,17.021793702453657
POL,2015,2.48363694237949
POL,2016,2.6237968659563977
POL,2017,2.9853728598643055
POL,2018,2.4156413686616656
POL,2019,2.3702974464644333
POL,2020,2.5684442354741552
POL,2021,2.2455230436164624
POL,2022,2.806069303578051
POL,2023,2.7653710946764445
POL,2024,2.5403237284832456
POL,2025,2.45366601523879
PRI,2015,0.8269851173633985
PRI,2016,0.8056609035938457
PRI,2017,0.8186762137454494
PRI,2018,0.70791744297882
PRI,2019,0.6823214720564957
PRI,2020,0.6610046067667402
PRI,2021,0.6730460242082337
PRI,2022,0.6639805276884009
PRI,2023,0.7056117403277752
PRI,2024,0.700867503663465
PRI,2025,0.6857929942195194
PRT,2015,1.9754125012962482
PRT,2016,1.9223584083783245
PRT,2017,1.963673452068245
PRT,2018,1.9181747091866608
PRT,2019,1.9999184576970395
PRT,2020,2.1408969252042844
PRT,2021,2.1620462983815076
PRT,2022,1.9054367619393517
PRT,2023,2.13721069426312
PRT,2024,2.01918518592571
PRT,2025,1.960149134769839
PRY,2015,9.440420725211968
PRY,2016,10.696513407524181
PRY,2017,10.184824482152116
PRY,2018,9.950203385488557
PRY,2019,9.667473664167268
PRY,2020,10.727990282211525
PRY,2021,11.282725434347315
PRY,2022,10.926574959013696
PRY,2023,11.705063947167494
PRY,2024,11.24660280273048
PRY,2025,11.641125207276962
PSE,2015,7.408891815293006
PSE,2016,7.603827229413063
PSE,2017,7.040550595238096
PSE,2018,7.359645134733298
PSE,2019,7.05401698427058
PSE,2020,7.101605104399391
PSE,2021,6.316748578055111
PSE,2022,5.745219274216692
PSE,2023,4.876281855208719
PSE,2024,5.520419057370652
PYF,2015,3.2284589010006775
PYF,2016,3.217080817659943
PYF,2017,3.0564999715998997
PYF,2018,2.8524004168185644
PYF,2019,2.2504782616823595
PYF,2020,2.2157010876361687
QAT,2015,0.161318389310859
QAT,2016,0.18387226965198164
QAT,2017,0.2147415367573961
QAT,2018,0.21825764624284183
QAT,2019,0.26000531511157854
QAT,2020,0.3387503964925916
QAT,2021,0.2982396800884906
QAT,2022,0.2565596177505393
QAT,2023,0.2927791312498115
QAT,2024,0.29060905968663
QAT,2025,0.3060013738837195
ROU,2015,4.425929683954189
ROU,2016,4.292175372552398
ROU,2017,4.438842836821937
ROU,2018,4.506608892804275
ROU,2019,4.311478313199922
ROU,2020,4.071844262406822
ROU,2021,4.616339720377999
ROU,2022,3.8180329334626992
ROU,2023,3.324169099167977
ROU,2024,2.8114352836341725
ROU,2025,3.0011403122586464
RUS,2015,3.873104487322988
RUS,2016,3.8402172845995084
RUS,2017,3.553632089909759
RUS,2018,3.394253380697601
RUS,2019,3.5303029139216644
RUS,2020,4.006351634015461
RUS,2021,3.6715637899051656
RUS,2022,3.418909016330344
RUS,2023,3.0193931681281287
RUS,2024,2.905753187072685
RUS,2025,3.0573575254133942
RWA,2015,23.110791881618482
RWA,2016,24.29547887776879
RWA,2017,25.634249072852068
RWA,2018,23.264249690827562
RWA,2019,21.55830905974519
RWA,2020,24.189169410227144
RWA,2021,21.431632720250665
RWA,2022,21.928553738002627
RWA,2023,23.137305760523674
RWA,2024,20.793287093922906
RWA,2025,20.303678580848157
SAU,2015,2.753870316701432
SAU,2016,2.9180229944467615
SAU,2017,2.8352570089087212
SAU,2018,2.413961543852557
SAU,2019,2.4538465646148095
SAU,2020,2.9555697462720723
SAU,2021,2.448127926916273
SAU,2022,2.2147915908036357
SAU,2023,2.4576924533004734
SAU,2024,2.5067467172213305
SAU,2025,2.5899565128047484
SDN,2015,31.399999999492284
SDN,2016,31.60000000156383
SDN,2017,31.799999998269808
SDN,2018,21.999999999848022
SDN,2019,20.199999999539983
SDN,2020,20.4
SDN,2021,20.199999999964145
SDN,2022,26.400000000000002
SDN,2023,30.275676007597475
SDN,2024,22.181381600012323
SDN,2025,29.35709396296941
SEN,2015,14.282576734404515
SEN,2016,14.4140203888971
SEN,2017,15.004539576469064
SEN,2018,14.987519557884719
SEN,2019,14.896272123444476
SEN,2020,16.148779482443327
SEN,2021,15.551264622207587
SEN,2022,16.333323196840553
SEN,2023,17.411251214186272
SEN,2024,15.569768940700113
SEN,2025,17.08389125679492
SGP,2015,0.03261351380264833
SGP,2016,0.03134424146033024
SGP,2017,0.030663495025162968
SGP,2018,0.0300492085211082
SGP,2019,0.03217572693507136
SGP,2020,0.032665981568379826
SGP,2021,0.030170850031638892
SGP,2022,0.025684677911882232
SGP,2023,0.028889944318019573
SGP,2024,0.026322750890760582
SGP,2025,0.024622268562074716
SLB,2015,33.22306407604979
SLB,2016,34.446809570357274
SLB,2017,33.280206730876515
SLB,2018,33.968525917343996
SLB,2019,32.67148928836407
SLB,2020,34.1195267292323
SLB,2021,34.48555460121024
SLB,2022,31.9698479049908
SLB,2023,30.525637707979307
SLB,2024,29.725990168368487
SLE,2015,34.302555490989725
SLE,2016,32.577691338775686
SLE,2017,33.3320506947837
SLE,2018,34.98523457913372
SLE,2019,34.54718097891896
SLE,2020,35.12938577700358
SLE,2021,33.64434311444221
SLE,2022,33.7568527151259
SLE,2023,29.052620242258488
SLE,2024,29.15848300509229
SLE,2025,29.539978667952514
SLV,2015,5.52976674016479
SLV,2016,5.732153907396132
SLV,2017,5.393009140808809
SLV,2018,5.132768529852023
SLV,2019,5.146433521792602
SLV,2020,5.35480047301112
SLV,2021,4.812255148720145
SLV,2022,4.5587542684979745
SLV,2023,4.64483845432637
SLV,2024,4.505596803644982
SLV,2025,4.402814527906776
SMR,2015,0.02005783629413105
SMR,2016,0.013621985749307217
SMR,2017,0.020478235906764976
SMR,2018,0.01640854362903336
SMR,2019,0.015279744696661051
SMR,2020,0.014100786834257266
SMR,2021,0.016624953417619975
SMR,2022,0.011486542578279236
SMR,2023,0.015094342037897253
SRB,2015,5.60595319138529
SRB,2016,5.706640965714717
SRB,2017,5.057786065256059
SRB,2018,5.204686510789782
SRB,2019,4.764748514931961
SRB,2020,5.053737694017412
SRB,2021,5.155864698790637
SRB,2022,5.337942237750322
SRB,2023,3.786533960972718
SRB,2024,3.172270140922707
SRB,2025,3.2850013042999504
SSD,2015,10.355027447724515
STP,2015,14.134869068550904
STP,2016,13.051402225734563
STP,2017,12.747518713729109
STP,2018,11.818122211028316
STP,2019,11.929654819469627
STP,2020,14.147049801915076
STP,2021,15.266176623936362
STP,2022,13.931757705354771
STP,2023,13.451186397665271
STP,2024,12.451570388362732
STP,2025,12.190234736819272
SUR,2015,10.408157241193614
SUR,2016,10.766127190099091
SUR,2017,10.917759820874199
SUR,2018,10.032466985928828
SUR,2019,8.596078140211707
SUR,2020,8.136028415059101
SUR,2021,9.677664032326613
SUR,2022,7.295661794900951
SUR,2023,7.161642400401819
SUR,2024,6.770083958799001
SVK,2015,2.0459698403411344
SVK,2016,2.0626421889712905
SVK,2017,1.8481416688745589
SVK,2018,2.009329161571681
SVK,2019,1.6170097133414991
SVK,2020,1.729178243098858
SVK,2021,1.8713628798865587
SVK,2022,1.9303962266850043
SVK,2023,2.12570153523878
SVK,2024,1.5827826226933743
SVK,2025,1.592993279802395
SVN,2015,1.9736118648021317
SVN,2016,1.8512961549770321
SVN,2017,1.6930367326320657
SVN,2018,1.9913429626019812
SVN,2019,1.7704065170579213
SVN,2020,1.8972971412832864
SVN,2021,1.5114775511879648
SVN,2022,1.6248023856561762
SVN,2023,1.5319701443284754
SVN,2024,1.5373041908845761
SVN,2025,1.6341541745149537
SWE,2015,1.3031159062675495
SWE,2016,1.2811871059034998
SWE,2017,1.3210162632013105
SWE,2018,1.2500845047664875
SWE,2019,1.2571837792862604
SWE,2020,1.196224506793035
SWE,2021,1.1594275124774815
SWE,2022,1.2387699295872114
SWE,2023,1.2822823072128522
SWE,2024,1.435807269420658
SWE,2025,1.5033091888800052
SWZ,2015,7.3785752005035885
SWZ,2016,5.376869406482761
SWZ,2017,8.114778000925464
SWZ,2018,7.385370923601959
SWZ,2019,7.424011382211917
SWZ,2020,7.628814651895627
SWZ,2021,7.170401284000913
SWZ,2022,7.571169567231569
SWZ,2023,6.631008790339932
SWZ,2024,6.477307702894997
SWZ,2025,6.408055056070322
SYC,2015,2.053074465641148
SYC,2016,1.9149122831202983
SYC,2017,2.1318078659801256
SYC,2018,2.078348484625196
SYC,2019,2.12955445087691
SYC,2020,1.9612453555729665
SYC,2021,2.4446626383124075
SYC,2022,2.4580808576233184
SYC,2023,2.5146539206990575
SYC,2024,2.634113832185541
SYC,2025,2.6059743954480794
SYR,2015,33.13046559698714
SYR,2016,34.166874962753056
SYR,2017,40.6356090849324
SYR,2018,39.00988775786078
SYR,2019,40.74104193287857
SYR,2020,32.65289056859804
SYR,2021,38.674305496531694
SYR,2022,42.85172728201619
TCA,2015,0.411861920068554
TCA,2016,0.3677797946555881
TCA,2017,0.37705829419729237
TCA,2018,0.342988703741605
TCA,2019,0.2965364715075686
TCA,2020,0.43750619292302706
TCA,2021,0.35512701998206164
TCA,2022,0.4330184594165477
TCA,2023,0.36682567938422594
TCA,2024,0.3516716722681276
TCD,2015,33.621025510837875
TCD,2016,39.37161510969335
TCD,2017,38.43008531183063
TCD,2018,37.61814416171913
TCD,2019,37.59036525339141
TCD,2020,40.68747006311803
TCD,2021,37.442094688471265
TCD,2022,35.22798239859793
TCD,2023,35.191694250722016
TCD,2024,37.160342982938836
TCD,2025,36.33665640807748
TGO,2015,18.92186014963438
TGO,2016,20.38507891471696
TGO,2017,20.315559784421314
TGO,2018,19.64947841550188
TGO,2019,19.52872200372836
TGO,2020,19.173655182177168
TGO,2021,20.55080661999904
TGO,2022,21.21984851971211
TGO,2023,20.77282268483823
TGO,2024,21.34433494483699
TGO,2025,20.325894986342156
THA,2015,8.872723647867934
THA,2016,8.47807696285562
THA,2017,8.406412586650468
THA,2018,8.20181926195524
THA,2019,8.128568040094796
THA,2020,8.706104715038352
THA,2021,8.695395581794859
THA,2022,8.715890014888124
THA,2023,8.555150038094954
THA,2024,8.892265892409545
THA,2025,8.746892871604597
TJK,2015,21.590574720760802
TJK,2016,20.856976508615578
TJK,2017,20.28329631888606
TJK,2018,19.771964784292535
TJK,2019,20.867073358800052
TJK,2020,22.69043084483607
TJK,2021,22.449080546082513
TJK,2022,22.934853704084475
TJK,2023,22.858862106517286
TJK,2024,23.054821454591906
TKM,2015,9.306538759287783
TKM,2016,10.52743832597379
TKM,2017,11.117807476156754
TKM,2018,11.041568836338914
TKM,2019,10.87351502445842
TKM,2020,11.583863424936515
TKM,2021,11.934515216261477
TKM,2022,11.06611031297347
TKM,2023,11.769262744208895
TKM,2024,12.166598020494003
TKM,2025,12.356008804942759
TLS,2015,17.82775813905757
TLS,2016,17.06307469237678
TLS,2017,17.129389863600892
TLS,2018,17.77135770789066
TLS,2019,14.129155173716725
TLS,2020,13.262154520777397
TLS,2021,8.670181879884225
TLS,2022,10.324624768578968
TLS,2023,17.179812240523844
TLS,2024,20.16052118612327
TON,2015,16.85065905086325
TON,2016,16.60673730601629
TON,2017,16.819372821943265
TON,2018,17.248408353967708
TON,2019,18.57172741715714
TON,2020,17.09366491701891
TON,2021,16.521870123625483
TON,2022,17.425629566644584
TON,2023,18.958924495895054
TON,2024,18.56685816156441
TTO,2015,0.9220534260205724
TTO,2016,0.9924344244797261
TTO,2017,1.0863432616295432
TTO,2018,0.9645176993708506
TTO,2019,0.7650529409922691
TTO,2020,1.0620292127584186
TTO,2021,0.908362622380658
TTO,2022,0.7628156502284126
TTO,2023,0.8358551072011648
TTO,2024,0.7776301668561251
TUN,2015,9.205899187325032
TUN,2016,8.525411153054616
TUN,2017,8.986045690927003
TUN,2018,9.888525518761258
TUN,2019,9.766258732870725
TUN,2020,10.391700229535715
TUN,2021,10.090037903494329
TUN,2022,10.821724772221206
TUN,2023,9.473679289512454
TUN,2024,9.738633931019287
TUN,2025,10.29347756698566
TUR,2015,6.876898343089069
TUR,2016,6.265561963996991
TUR,2017,6.196423235377776
TUR,2018,6.004186391854915
TUR,2019,6.654153562822699
TUR,2020,6.891225909096847
TUR,2021,5.704881716368163
TUR,2022,6.693609619226043
TUR,2023,6.38984597795627
TUR,2024,5.8204246787695135
TUR,2025,5.20951196750004
TUV,2015,15.940855929327984
TZA,2015,26.745885729563014
TZA,2016,27.444142571775416
TZA,2017,28.753480952812758
TZA,2018,27.86859947737702
TZA,2019,26.594311951601796
TZA,2020,25.25490166534305
TZA,2021,24.78845061587826
TZA,2022,24.25696945695516
TZA,2023,23.68714737786312
TZA,2024,23.31807808564414
TZA,2025,22.909477589481224
UGA,2015,23.4723696930371
UGA,2016,22.66032278698873
UGA,2017,23.458835382742553
UGA,2018,23.250293541273393
UGA,2019,22.945508806556425
UGA,2020,23.929033720510283
UGA,2021,23.84180382721719
UGA,2022,24.011722052955268
UGA,2023,24.089574689727826
UGA,2024,24.61895059863303
UGA,2025,26.13254162699875
UKR,2015,12.059376106337098
UKR,2016,11.72570090891674
UKR,2017,10.177655039351247
UKR,2018,10.139533107022944
UKR,2019,8.96518101437243
UKR,2020,9.310151098074716
UKR,2021,10.885772106326923
UKR,2022,8.57297627041519
UKR,2023,7.551945462563826
UKR,2024,7.294538926306932
UKR,2025,7.5727052844222165
URY,2015,6.131441942903578
URY,2016,6.678719726376624
URY,2017,5.406395563163953
URY,2018,5.823866368419243
URY,2019,6.502794447700781
URY,2020,7.206703540939918
URY,2021,7.734270661025816
URY,2022,6.866391890641006
URY,2023,6.014136120887372
URY,2024,6.380007730714025
URY,2025,6.380007732006196
USA,2015,1.0289040913267158
USA,2016,0.9371404377143356
USA,2017,0.9403622263437137
USA,2018,0.8984982607909291
USA,2019,0.8326208629143701
USA,2020,0.9348731509073495
USA,2021,0.9429616729071012
UZB,2015,25.759792293016314
UZB,2016,25.713941115652567
UZB,2017,24.758847800573548
UZB,2018,22.96222197700904
UZB,2019,21.133535508922836
UZB,2020,21.570862030483312
UZB,2021,21.40182729143506
UZB,2022,20.38569634435988
UZB,2023,19.662207997696783
UZB,2024,17.72950448003988
UZB,2025,16.559576319331136
VCT,2015,6.260300419079908
VCT,2016,6.751052933203555
VCT,2017,6.7690255429130595
VCT,2018,7.109381871180933
VCT,2019,7.00321360289631
VCT,2020,8.642736888100654
VCT,2021,5.207486778109801
VCT,2022,4.639416506602865
VCT,2023,4.200632806455178
VCT,2024,3.546212785569346
VCT,2025,3.4366055885043227
VNM,2015,14.474726178954747
VNM,2016,13.818255373086611
VNM,2017,12.929879485236235
VNM,2018,12.306668431042803
VNM,2019,11.784528554038655
VNM,2020,12.65540356855563
VNM,2021,12.603090465274505
VNM,2022,11.88029982484587
VNM,2023,11.871326642519065
VNM,2024,12.028933901935726
VNM,2025,11.644030132697589
VUT,2015,23.375703942075624
VUT,2016,22.592164262381562
VUT,2017,22.954961314472012
VUT,2018,22.886227019437495
VUT,2019,22.827889715421122
VUT,2020,24.998296248338843
VUT,2021,25.570905932075977
VUT,2022,26.96655427780119
VUT,2023,25.542318508783087
VUT,2024,26.627486729897655
WSM,2015,8.32395364948745
WSM,2016,8.644397677391872
WSM,2017,9.90757564175906
WSM,2018,9.147660338434463
WSM,2019,9.104548751494086
WSM,2020,9.536429892621209
WSM,2021,9.67170140141047
WSM,2022,9.356737358565756
WSM,2023,9.854085170451624
WSM,2024,9.795030606027773
WSM,2025,9.089537696620202
XKX,2015,7.677168233668868
XKX,2016,8.171523193177844
XKX,2017,7.408719575813944
XKX,2018,6.5311643326911515
XKX,2019,7.238669919043923
XKX,2020,7.362009757809157
XKX,2021,6.923305530685013
XKX,2022,7.392605461026401
XKX,2023,7.220455476139217
XKX,2024,7.335206374264882
XKX,2025,7.361561676340879
YEM,2015,20.205937399720685
YEM,2016,25.090913088516476
YEM,2017,26.961066362182688
YEM,2018,28.745140314681183
ZAF,2015,2.233978390459119
ZAF,2016,2.414186073945762
ZAF,2017,2.493798638497657
ZAF,2018,2.260703826699196
ZAF,2019,1.9503211452697966
ZAF,2020,2.5786612223878294
ZAF,2021,2.4578719966737084
ZAF,2022,2.605774849856178
ZAF,2023,2.535171123098481
ZAF,2024,2.8111952698353933
ZAF,2025,2.8276326705397246
ZMB,2015,4.980836564311461
ZMB,2016,6.228471989560292
ZMB,2017,4.024271193736498
ZMB,2018,3.3411239920944884
ZMB,2019,2.8607749368079616
ZMB,2020,2.972633845488468
ZMB,2021,3.0009183153374694
ZMB,2022,3.0940158340762234
ZMB,2023,2.2301203425934344
ZMB,2024,2.8337076446501905
ZMB,2025,4.1057492616872535
ZWE,2015,8.284830961410886
ZWE,2016,7.873584882717026
ZWE,2017,7.247881529592232
ZWE,2018,7.319200562822151
ZWE,2019,22.70565248054756
ZWE,2020,20.847051091370812
ZWE,2021,21.48565301605987
ZWE,2022,17.06123089314713
ZWE,2023,11.494869401141738
ZWE,2024,8.692099372958115
ZWE,2025,9.471979367003037
