month,value
1992-01-01,90711
1992-02-01,90669
1992-03-01,90298
1992-04-01,90246
1992-05-01,91115
1992-06-01,91432
1992-07-01,91211
1992-08-01,90969
1992-09-01,91336
1992-10-01,91428
1992-11-01,92354
1992-12-01,92503
1993-01-01,91754
1993-02-01,91558
1993-03-01,90740
1993-04-01,91238
1993-05-01,91238
1993-06-01,91384
1993-07-01,91981
1993-08-01,92896
1993-09-01,92547
1993-10-01,93283
1993-11-01,93514
1993-12-01,95287
1994-01-01,94834
1994-02-01,95297
1994-03-01,95941
1994-04-01,97119
1994-05-01,97536
1994-06-01,99398
1994-07-01,100529
1994-08-01,101859
1994-09-01,103044
1994-10-01,105357
1994-11-01,106453
1994-12-01,106779
1995-01-01,108852
1995-02-01,109113
1995-03-01,109890
1995-04-01,110205
1995-05-01,111992
1995-06-01,112838
1995-07-01,112895
1995-08-01,113113
1995-09-01,114487
1995-10-01,117012
1995-11-01,118071
1995-12-01,118006
1996-01-01,118599
1996-02-01,119945
1996-03-01,119400
1996-04-01,118888
1996-05-01,119588
1996-06-01,119555
1996-07-01,121394
1996-08-01,121896
1996-09-01,120396
1996-10-01,122289
1996-11-01,122803
1996-12-01,120276
1997-01-01,121306
1997-02-01,122462
1997-03-01,122969
1997-04-01,123531
1997-05-01,123401
1997-06-01,123428
1997-07-01,125910
1997-08-01,127276
1997-09-01,130379
1997-10-01,130726
1997-11-01,131542
1997-12-01,132076
1998-01-01,132598
1998-02-01,133576
1998-03-01,132196
1998-04-01,130937
1998-05-01,131689
1998-06-01,131858
1998-07-01,131538
1998-08-01,132502
1998-09-01,134092
1998-10-01,132598
1998-11-01,132444
1998-12-01,134417
1999-01-01,134122
1999-02-01,134358
1999-03-01,135795
1999-04-01,136407
1999-05-01,136722
1999-06-01,135485
1999-07-01,136928
1999-08-01,138433
1999-09-01,141283
1999-10-01,141872
1999-11-01,144097
1999-12-01,149679
2000-01-01,152015
2000-02-01,151112
2000-03-01,152262
2000-04-01,152954
2000-05-01,153948
2000-06-01,159054
2000-07-01,159517
2000-08-01,160940
2000-09-01,162695
2000-10-01,162575
2000-11-01,161673
2000-12-01,159844
2001-01-01,158448
2001-02-01,157085
2001-03-01,153903
2001-04-01,150683
2001-05-01,149473
2001-06-01,147631
2001-07-01,145697
2001-08-01,144607
2001-09-01,141682
2001-10-01,138643
2001-11-01,138568
2001-12-01,137637
2002-01-01,135066
2002-02-01,134076
2002-03-01,130183
2002-04-01,129384
2002-05-01,128207
2002-06-01,125331
2002-07-01,124256
2002-08-01,123601
2002-09-01,120649
2002-10-01,119566
2002-11-01,118341
2002-12-01,117571
2003-01-01,117296
2003-02-01,117294
2003-03-01,119059
2003-04-01,119142
2003-05-01,120201
2003-06-01,120143
2003-07-01,119624
2003-08-01,120630
2003-09-01,121551
2003-10-01,121927
2003-11-01,123217
2003-12-01,125283
2004-01-01,125158
2004-02-01,126735
2004-03-01,129921
2004-04-01,130554
2004-05-01,131889
2004-06-01,132643
2004-07-01,133784
2004-08-01,133138
2004-09-01,136144
2004-10-01,135947
2004-11-01,138289
2004-12-01,140211
2005-01-01,141499
2005-02-01,143182
2005-03-01,144145
2005-04-01,145851
2005-05-01,146282
2005-06-01,148149
2005-07-01,149240
2005-08-01,152187
2005-09-01,152964
2005-10-01,154392
2005-11-01,156004
2005-12-01,157208
2006-01-01,159690
2006-02-01,161493
2006-03-01,164678
2006-04-01,166169
2006-05-01,168207
2006-06-01,169831
2006-07-01,171899
2006-08-01,173350
2006-09-01,177949
2006-10-01,182393
2006-11-01,185843
2006-12-01,188224
2007-01-01,191167
2007-02-01,191991
2007-03-01,195092
2007-04-01,197141
2007-05-01,198109
2007-06-01,198526
2007-07-01,200955
2007-08-01,202704
2007-09-01,202207
2007-10-01,202720
2007-11-01,203814
2007-12-01,206323
2008-01-01,208924
2008-02-01,210910
2008-03-01,212336
2008-04-01,215333
2008-05-01,217932
2008-06-01,219783
2008-07-01,222692
2008-08-01,224771
2008-09-01,223242
2008-10-01,220360
2008-11-01,219353
2008-12-01,213446
2009-01-01,206522
2009-02-01,200500
2009-03-01,195136
2009-04-01,189732
2009-05-01,186261
2009-06-01,183984
2009-07-01,182053
2009-08-01,179947
2009-09-01,180222
2009-10-01,179285
2009-11-01,178646
2009-12-01,178858
2010-01-01,177061
2010-02-01,176204
2010-03-01,177217
2010-04-01,174180
2010-05-01,175589
2010-06-01,178973
2010-07-01,179346
2010-08-01,181170
2010-09-01,183874
2010-10-01,184327
2010-11-01,187011
2010-12-01,190027
2011-01-01,191685
2011-02-01,192953
2011-03-01,195372
2011-04-01,196802
2011-05-01,200014
2011-06-01,202423
2011-07-01,205428
2011-08-01,205614
2011-09-01,207509
2011-10-01,211366
2011-11-01,212268
2011-12-01,215229
2012-01-01,218132
2012-02-01,221875
2012-03-01,223308
2012-04-01,224138
2012-05-01,226007
2012-06-01,225595
2012-07-01,223648
2012-08-01,221883
2012-09-01,220444
2012-10-01,220768
2012-11-01,219799
2012-12-01,219436
2013-01-01,222611
2013-02-01,220977
2013-03-01,219003
2013-04-01,220243
2013-05-01,221800
2013-06-01,224538
2013-07-01,224988
2013-08-01,225055
2013-09-01,226099
2013-10-01,225743
2013-11-01,226100
2013-12-01,226314
2014-01-01,228416
2014-02-01,228447
2014-03-01,228941
2014-04-01,228539
2014-05-01,227276
2014-06-01,229767
2014-07-01,230134
2014-08-01,229580
2014-09-01,229649
2014-10-01,228246
2014-11-01,226363
2014-12-01,225439
2015-01-01,224941
2015-02-01,223106
2015-03-01,221785
2015-04-01,220173
2015-05-01,217933
2015-06-01,216107
2015-07-01,214646
2015-08-01,213259
2015-09-01,211679
2015-10-01,210718
2015-11-01,209529
2015-12-01,206611
2016-01-01,206401
2016-02-01,205922
2016-03-01,205425
2016-04-01,204585
2016-05-01,202994
2016-06-01,201880
2016-07-01,202218
2016-08-01,203983
2016-09-01,203405
2016-10-01,203330
2016-11-01,203144
2016-12-01,202651
2017-01-01,203575
2017-02-01,204341
2017-03-01,204838
2017-04-01,205609
2017-05-01,205903
2017-06-01,205351
2017-07-01,205929
2017-08-01,205843
2017-09-01,207105
2017-10-01,208150
2017-11-01,208494
2017-12-01,208238
2018-01-01,208835
2018-02-01,210403
2018-03-01,211011
2018-04-01,211533
2018-05-01,213554
2018-06-01,215530
2018-07-01,217623
2018-08-01,219022
2018-09-01,220401
2018-10-01,221836
2018-11-01,221493
2018-12-01,220890
2019-01-01,221739
2019-02-01,222158
2019-03-01,223473
2019-04-01,223340
2019-05-01,222938
2019-06-01,222590
2019-07-01,222832
2019-08-01,223501
2019-09-01,224234
2019-10-01,225143
2019-11-01,226050
2019-12-01,225905
2020-01-01,226156
2020-02-01,226349
2020-03-01,227347
2020-04-01,227695
2020-05-01,228134
2020-06-01,228838
2020-07-01,229645
2020-08-01,230452
2020-09-01,232253
2020-10-01,233482
2020-11-01,234701
2020-12-01,236328
2021-01-01,238642
2021-02-01,241692
2021-03-01,244705
2021-04-01,248935
2021-05-01,251082
2021-06-01,254372
2021-07-01,257438
2021-08-01,261058
2021-09-01,263705
2021-10-01,267606
2021-11-01,271108
2021-12-01,273787
2022-01-01,277888
2022-02-01,281324
2022-03-01,285146
2022-04-01,288624
2022-05-01,292357
2022-06-01,296143
2022-07-01,299657
2022-08-01,303794
2022-09-01,306929
2022-10-01,309480
2022-11-01,311086
2022-12-01,312762
2023-01-01,312993
2023-02-01,312421
2023-03-01,311683
2023-04-01,310882
2023-05-01,310613
2023-06-01,309951
2023-07-01,309693
2023-08-01,308473
2023-09-01,307841
2023-10-01,306678
2023-11-01,306090
2023-12-01,305227
2024-01-01,303633
2024-02-01,302898
2024-03-01,302271
2024-04-01,301578
2024-05-01,300528
2024-06-01,299937
2024-07-01,299381
2024-08-01,299113
2024-09-01,299568
2024-10-01,299109
2024-11-01,299073
2024-12-01,299182
2025-01-01,300478
2025-02-01,300901
2025-03-01,301186
2025-04-01,300463
2025-05-01,300850
2025-06-01,300500
2025-07-01,300273
2025-08-01,300771
2025-09-01,301157
2025-10-01,301288
2025-11-01,301894
2025-12-01,302389
2026-01-01,302627
2026-02-01,303093
2026-03-01,305556
2026-04-01,307042
2026-05-01,310000
2026-06-01,312437
2026-07-01,314190
2026-08-01,316821
