iso3,currency,unit
ABW,Aruban florin,1000000
AGO,Angolan kwanza,1000000
ALB,U.S. dollar,1000000
ARG,Argentine peso,1000000
ARM,Armenian dram,1000
ATG,U.S. dollar,1000000
AUS,Australian dollar,1000
AUT,Euro,1000000000
AZE,New Azeri manat,1000000
BDI,Burundi franc,1000000
BEL,Euro,1000000
BEN,U.S. dollar,1
BFA,U.S. dollar,1
BGD,U.S. dollar,1000000000
BGR,Bulgarian lev,1000
BHR,U.S. dollar,1000
BIH,Bosnia and Herzegovina convertible mark,1000
BLR,U.S. dollar,1000000
BLZ,U.S. dollar,1000
BMU,Bermuda dollar,1000
BOL,U.S. dollar,1000
BRA,Brazilian real,1000000
BTN,Bhutanese ngultrum,1000
BWA,U.S. dollar,1000000
CAN,Canadian dollar,1000
CHE,Swiss franc,1000
CHL,Chilean peso,1000000
CHN,Chinese yuan,100000000
CIV,U.S. dollar,1
COD,CDF FRANC CONGOLAIS,1000000
COL,Colombian peso,1000000
COM,Euro,1
CPV,Cabo Verde escudo,1000
CRI,Costa Rican colon,1000
CYM,U.S. dollar,1000000
CYP,Euro,1000000
CZE,Czech koruna,1000
DEU,Euro,1
DJI,Djibouti franc,1000000
DNK,Danish krone,1000
DOM,Dominican peso,1000000
ECU,U.S. dollar,1000000
ESP,Euro,1000000
EST,Euro,1000
FIN,Euro,1000000
FJI,Fijian dollar,1000000
FRA,Euro,1000000
GBR,Pound sterling,1000000
GEO,Georgian lari,1000
GHA,New Ghanaian cedi,1000000
GIB,Gibraltar pound,1000000
GMB,Gambian dalasi,1000
GNB,U.S. dollar,1
GRC,Euro,1000000
GTM,U.S. dollar,1000000
GUY,Guyana dollar,1000000
HKG,Hong Kong dollar,1000
HND,U.S. dollar,1000000
HRV,Euro,1000000
HTI,Haitian gourde,1000
HUN,Hungarian forint,1000000000
IDN,Indonesian rupiah,1000000
IND,Indian rupee,1000000000
IRL,Euro,1000000
ISL,Iceland krona,1000
ISR,Israeli new shekel,1000000
ITA,Euro,1000000
JOR,U.S. dollar,1000
JPN,Japanese yen,1000000000
KEN,U.S. dollar,1000000
KGZ,Kyrgyz som,1000000
KOR,Korean won,1000000
KWT,Kuwaiti dinar,1000000
LBN,U.S. dollar,1000000
LBR,U.S. dollar,1000000
LIE,Swiss franc,1000000
LKA,Sri Lankan rupee,1000000
LSO,Lesotho loti,1000
LTU,Euro,1000000
LUX,Euro,1000
LVA,Euro,1000
MAC,Macao pataca,1000
MAR,U.S. dollar,1000000000
MDA,Moldovan leu,1000000
MDG,U.S. dollar,1000000000
MDV,Maldivian rufiyaa,1000
MEX,Mexican peso,1000
MHL,U.S. dollar,1000
MKD,Euro,1000
MLI,U.S. dollar,1
MLT,Euro,1000000
MNE,Euro,1000
MOZ,New Mozambican metical,1000
MRT,U.S. dollar,1000
MUS,Mauritian rupee,1000000
MWI,Malawi kwacha,1000
MYS,Malaysian ringgit,1000000
NAM,Namibian dollar,1000000
NER,U.S. dollar,1
NGA,U.S. dollar,1000000
NIC,Nicaraguan gold cordoba,1000
NLD,Euro,1000
NOR,Norwegian krone,1000
NPL,U.S. dollar,1000000
NZL,New Zealand dollar,1000000
OMN,Rial Omani,1000000
PAK,Pakistani rupee,1000000
PAN,U.S. dollar,1000000
PER,U.S. dollar,1000
PHL,Philippine peso,1000000000
PLW,U.S. dollar,1000
PNG,U.S. dollar,1000000
POL,Polish zloty,1000000000
PRT,Euro,1
PRY,Paraguayan guarani,1000000
PSE,U.S. dollar,1000000
QAT,Qatari riyal,1000000000
ROU,Euro,1000000
RUS,Russian ruble,1000000
RWA,Rwandan franc,1000000
SAU,Saudi Arabian riyal,1000000
SEN,U.S. dollar,1
SGP,Singapore dollar,1000000
SLV,U.S. dollar,1000000
SMR,Euro,1
SRB,Euro,1000000
STP,São Tomé and Principe dobra,1000000
SUR,U.S. dollar,1000
SVK,Euro,1000
SVN,Euro,1000
SWE,Swedish krona,1000000000
SWZ,U.S. dollar,1000
SYC,U.S. dollar,1000000
TCA,U.S. dollar,1000
TGO,U.S. dollar,1
THA,Thai baht,1000000
TJK,U.S. dollar,1000000
TON,Tongan pa'anga,1000
TTO,Trinidad and Tobago dollar,1000000000
TUN,Tunisian dinar,1000000
TUR,New Turkish lira,1000000
TZA,Tanzanian shilling,1000000000
UGA,U.S. dollar,1000000000
UKR,Ukrainian hryvnia,1000000
URY,Uruguayan peso,1000000
USA,U.S. dollar,1000000000
VGB,U.S. dollar,1000
VNM,Vietnamese dong,1000000
VUT,Vatu,1000000
WSM,Samoan tala,1000
XKX,Euro,1000
ZAF,South African rand,1000000
ZWE,U.S. dollar,1000000
