iso3,year,k_gov_xdc,k_private_xdc,k_ppp_xdc,i_gov_xdc,i_private_xdc,gdp_xdc,k_gov_pct_gdp,k_private_pct_gdp,k_ppp_pct_gdp
ABW,2015,0,0,,,,5.226,0,0,
ABW,2016,0,0,,,,5.309,0,0,
ABW,2017,0,0,,,,5.471,0,0,
ABW,2018,0,0,,,,5.734,0,0,
ABW,2019,0,0,,,,5.895,0,0,
AFG,2015,3766.006,964.063,,107.604,49.178,1144.181,319.024,81.667,
AFG,2016,3731.655,959.28,,107.309,46.526,1224.144,314.853,80.938,
AFG,2017,3898.804,1003.82,,129.796,58.682,1266.867,307.752,79.236,
AFG,2018,4001.345,1037.213,,140.211,60.362,1296.559,305.348,79.151,
AFG,2019,4189.884,1091.311,,114.823,56.29,1389.686,296.346,77.187,
AGO,2015,17641.572,28212.695,25.941,736.16,3199.162,13950.291,111.332,178.044,0.164
AGO,2016,21196.783,35603.836,29.898,644.964,3693.209,16549.564,114.958,193.093,0.162
AGO,2017,28936.508,51158.926,39.589,1322.294,3387.132,20262.297,114.512,202.454,0.157
AGO,2018,29007.637,51322.684,41.547,963.923,3442.69,25627.742,117.959,208.702,0.169
AGO,2019,34891.848,62588.91,55.05,904.33,4248.112,31010.416,119.402,214.183,0.188
ALB,2015,1237.965,3331.36,142.29,75.8,274.364,1434.307,72.27,194.478,8.307
ALB,2016,1269.555,3420.545,174.584,75.018,283.794,1472.479,71.707,193.198,9.861
ALB,2017,1300.657,3517.781,205.34,85.137,295.958,1550.646,70.655,191.096,11.155
ALB,2018,1340.031,3619.962,206.66,91.019,299.7,1635.715,69.851,188.697,10.772
ALB,2019,1381.744,3714.629,205.343,88.442,286.426,1678.309,70.464,189.433,10.472
ARE,2015,1474.34,1622.348,,145.839,161.641,1315.251,143.38,157.774,
ARE,2016,1485.427,1595.84,,150.035,170.603,1311.248,146.295,157.17,
ARE,2017,1584.956,1670.341,,162.321,106.416,1416.136,150.509,158.617,
ARE,2018,1612.109,1597.041,,170.851,97.779,1550.585,156.802,155.337,
ARE,2019,1730.52,1602.077,,148.548,124.243,1546.645,163.053,150.951,
ARG,2015,2389.178,9094.538,352.845,216.627,710.177,5954.511,28.136,107.101,4.155
ARG,2016,3386.551,12501.842,464.135,280.087,894.266,8228.159,30.286,111.804,4.151
ARG,2017,4305.025,15430.536,550.415,372.083,1229.454,10644.778,30.856,110.597,3.945
ARG,2018,6298.416,22012.721,750.34,462.99,1643.143,14605.79,33.206,116.055,3.956
ARG,2019,10472.642,35952.258,1181.642,555.13,2285.935,21650.352,35.182,120.78,3.97
ARM,2015,3569.395,12017.316,479.385,145.063,894.559,5043.633,32.333,108.859,4.343
ARM,2016,3424.685,11688.168,450.73,153.926,725.641,5067.293,32.435,110.698,4.269
ARM,2017,3516.788,11972.735,471.518,222.572,759.471,5564.493,30.433,103.606,4.08
ARM,2018,3533.897,11805.631,473.06,148.105,859.201,6017.035,29.701,99.222,3.976
ARM,2019,3498.016,11811.674,467.767,192.294,842.572,6569.031,27.761,93.738,3.712
ATG,2015,4.496,7.797,,0.256,0.627,3.609,137.069,237.674,
ATG,2016,4.628,8.007,,0.314,0.65,3.879,131.286,227.111,
ATG,2017,4.681,7.998,,0.083,0.906,3.964,129.927,222.012,
ATG,2018,4.649,8.496,,0.088,1.63,4.334,118.006,215.645,
ATG,2019,4.528,9.481,,0.096,1.516,4.487,111.022,232.459,
AUS,2015,663.91,3716.975,,49.133,374.073,1640.443,39.455,220.894,
AUS,2016,688.214,3854.613,,57.119,360.174,1703.469,39.441,220.905,
AUS,2017,720.611,3975.854,,67.838,369.383,1808.288,39.85,219.868,
AUS,2018,768.161,4128.871,,70.945,385.878,1900.615,40.563,218.028,
AUS,2019,816.846,4286.072,,76.668,379.143,1995.065,41.594,218.246,
AUT,2015,199.595,834.782,1.248,10.259,67.89,344.24,58.029,242.699,0.363
AUT,2016,203.263,853.399,1.243,10.657,71.951,357.542,57.191,240.114,0.35
AUT,2017,207.378,875.533,1.255,11.487,75.789,369.542,56.118,236.924,0.34
AUT,2018,213.108,903.966,1.281,11.715,80.695,385.221,55.192,234.116,0.332
AUT,2019,219.164,936.703,1.308,12.047,86.075,397.399,54.813,234.27,0.327
AZE,2015,56.004,46.796,0.302,6.757,8.375,54.38,51.941,43.402,0.28
AZE,2016,70.129,60.594,0.337,6.52,8.607,60.425,58.056,50.162,0.279
AZE,2017,81.776,72.538,0.359,7.212,9.541,70.338,61.218,54.302,0.269
AZE,2018,86.081,77.995,0.347,11.29,5.285,80.092,63.401,57.446,0.256
AZE,2019,86.422,72.451,0.307,9.121,6.714,81.681,67.806,56.845,0.241
BDI,2015,2911.831,3940.062,,98.974,444.839,4417.87,43.125,58.354,
BDI,2016,3338.996,4784.327,,151.039,499.114,4848.204,42.146,60.389,
BDI,2017,3939.328,5865.595,,250.203,526.668,5562.399,41.237,61.402,
BDI,2018,3992.227,5988.245,,266.577,681.207,5490.821,42.115,63.171,
BDI,2019,4131.722,6363.598,,266.367,719.355,5541.207,43.076,66.345,
BEL,2015,164.159,968.774,4.01,10.387,85.3,416.701,38.911,229.632,0.95
BEL,2016,167.655,988.193,4.381,10.375,89.739,430.084,39.067,230.271,1.021
BEL,2017,173.659,1026.251,4.672,10.698,92.897,444.992,39.025,230.622,1.05
BEL,2018,179.736,1064.787,4.945,12.13,97.169,460.419,38.88,230.331,1.07
BEL,2019,186.638,1102.776,5.267,12.503,102.569,476.203,38.967,230.241,1.1
BEN,2015,5840.538,8572.659,274.214,376.863,1003.077,6732.814,54.567,80.093,2.562
BEN,2016,6054.363,9171.43,266.816,299.612,1081.994,7005.23,54.848,83.086,2.417
BEN,2017,6188.112,9823.566,259.694,491.498,1237.158,7375.302,53.143,84.364,2.23
BEN,2018,6657.481,10842.859,258.589,445.907,1605.937,7922.004,52.469,85.455,2.038
BEN,2019,6498.454,11207.228,236.377,330.594,1793.334,8439.005,51.118,88.158,1.859
BFA,2015,5228.483,6788.207,15.272,350.238,990.169,6995.311,52.04,67.564,0.152
BFA,2016,5521.055,7575.061,15.102,367.914,1172.835,7605.123,51.135,70.159,0.14
BFA,2017,5857.968,8564.227,15.011,536.742,1175.107,8191.299,50.113,73.264,0.128
BFA,2018,5270.098,7895.061,39.562,586.612,1183.748,8920.421,50.027,74.944,0.376
BFA,2019,5294.415,8072.813,64.257,490.908,1429.787,9369.188,51.348,78.295,0.623
BGD,2015,8506.606,24678.127,191.431,1033.929,3344.722,15158.022,45.015,130.59,1.013
BGD,2016,9939.087,28667.406,238.889,1154.916,3983.47,17328.637,45.57,131.438,1.095
BGD,2017,11421.404,33012.941,287.113,1464.719,4563.583,19758.154,45.828,132.463,1.152
BGD,2018,13143.598,37633.398,320.828,1794.172,5235.183,22504.793,46.334,132.665,1.131
BGD,2019,15202.876,42834.145,364.992,2040.87,5985.825,25424.826,47.059,132.59,1.13
BGR,2015,45.106,169.094,5.948,5.932,12.837,89.362,49.423,185.277,6.517
BGR,2016,49.658,173.556,6.251,2.482,15.177,95.131,52.086,182.043,6.557
BGR,2017,52.217,185.602,6.541,2.302,16.645,102.345,51.02,181.349,6.391
BGR,2018,54.788,199.605,6.655,3.373,17.251,109.743,49.88,181.723,6.059
BGR,2019,58.354,213.592,6.67,4.028,18.376,119.772,49.298,180.447,5.635
BHR,2015,7.586,18.831,,0.474,2.336,11.703,66.175,164.257,
BHR,2016,7.73,19.836,,0.44,2.682,12.133,64.914,166.569,
BHR,2017,8.552,23.037,,0.614,3.168,13.338,63.114,170.018,
BHR,2018,8.866,24.767,,0.684,3.507,14.157,63.516,177.429,
BHR,2019,9.351,27.046,,0.618,3.679,14.504,64.199,185.689,
BHS,2015,1.986,31.046,,0.24,2.553,11.711,20.734,324.174,
BHS,2016,2.148,31.609,,0.297,2.675,11.929,21.931,322.714,
BHS,2017,2.361,32.259,,0.3,2.97,12.491,23.17,316.613,
BHS,2018,2.587,33.375,,0.212,2.933,13.022,24.255,312.95,
BHS,2019,2.719,34.409,,0.208,3.192,13.579,24.772,313.449,
BIH,2015,24.677,38.11,0.564,0.974,4.231,28.589,80.027,123.59,1.83
BIH,2016,24.103,39.098,0.753,0.972,4.365,29.904,77.87,126.314,2.433
BIH,2017,24.944,42.487,0.986,0.989,4.938,31.376,75.806,129.118,2.995
BIH,2018,25.592,45.996,0.972,1.121,5.43,33.444,73.329,131.791,2.785
BIH,2019,26.026,49.237,0.946,1.112,5.751,35.229,71.946,136.109,2.616
BLR,2015,,,0.568,,,89.91,,,0.326
BLR,2016,,,0.601,,,94.949,,,0.322
BLR,2017,,,0.629,,,105.748,,,0.303
BLR,2018,,,0.674,,,122.32,,,0.284
BLR,2019,,,0.65,,,131.952,,,0.27
BLZ,2015,3.52,5.078,0.346,0.257,0.453,3.448,105.071,151.587,10.34
BLZ,2016,3.646,5.241,0.334,0.253,0.508,3.55,108.844,156.459,9.969
BLZ,2017,3.863,5.592,0.33,0.176,0.511,3.673,110.365,159.766,9.441
BLZ,2018,4.035,5.988,0.33,0.164,0.593,3.742,109.116,161.938,8.921
BLZ,2019,4.08,6.281,0.32,0.223,0.544,3.813,109.299,168.27,8.58
BOL,2015,233.37,206.046,22.838,30.821,17.912,228.031,75.393,66.565,7.378
BOL,2016,245.745,204.309,21.199,30.355,18.124,234.533,79.156,65.809,6.828
BOL,2017,271.529,214.565,20.806,35.319,19.806,259.185,82.51,65.201,6.322
BOL,2018,292.616,219.217,19.799,30.665,25.475,278.388,86.477,64.785,5.851
BOL,2019,309.002,229.608,18.892,27.73,25.892,282.587,90.297,67.097,5.521
BRA,2015,4926.118,10900.785,644.737,207.442,861.955,5995.787,83.268,184.26,10.898
BRA,2016,5134.41,11551.836,751.17,173.105,800.166,6269.328,86.632,194.911,12.674
BRA,2017,5179.681,11834.948,836.302,154.004,804.775,6583.319,85.319,194.944,13.775
BRA,2018,5423.471,12618.584,915.81,147.622,902.041,6889.176,83.686,194.709,14.131
BRA,2019,5581.696,13301.257,978.376,149.838,964.583,7256.926,82.011,195.433,14.375
BRB,2015,6.073,15.625,,0.248,1.329,9.43,142.643,367.025,
BRB,2016,6.138,16.076,,0.251,1.314,9.66,138.456,362.633,
BRB,2017,8.603,22.859,,0.208,1.329,9.956,137.028,364.115,
BRB,2018,8.285,22.19,,0.215,1.22,10.173,134.775,360.974,
BRB,2019,9.854,26.471,,0.229,1.388,10.418,132.089,354.834,
BRN,2015,17.698,46.964,,1.156,5.071,17.778,82.607,219.21,
BRN,2016,17.642,47.549,,1.029,4.383,15.748,86.294,232.582,
BRN,2017,17.67,47.973,,0.731,5.061,16.748,86.144,233.882,
BRN,2018,17.695,49.814,,0.501,6.982,18.301,85.633,241.074,
BRN,2019,17.176,52.43,,0.364,6.711,18.375,80.916,246.997,
BTN,2015,187.435,407.472,24.261,12.638,58.998,128.535,95.644,207.924,12.38
BTN,2016,200.271,458.985,24.257,16.232,65.582,145.073,91.214,209.045,11.048
BTN,2017,214.304,510.26,23.978,19.745,63.38,159.572,91.027,216.737,10.185
BTN,2018,229.272,551.883,23.452,19.533,59.434,167.327,93.218,224.387,9.535
BTN,2019,245.486,592.198,23.106,17.88,62.093,180.589,94.117,227.043,8.859
BWA,2015,152.041,266.83,0.672,12.848,36.796,146.066,89.547,157.154,0.396
BWA,2016,164.082,296.875,0.881,14.564,38.422,170.564,89.97,162.783,0.483
BWA,2017,187.345,345.403,0.922,14.85,37.584,180.103,91.973,169.567,0.453
BWA,2018,198.245,368.733,0.903,15.277,42.272,190.365,91.765,170.682,0.418
BWA,2019,209.418,395.893,0.885,14.088,48.127,197.269,92.694,175.233,0.392
CAF,2015,3989.237,2270.676,0,66.027,140.235,1002.592,322.336,183.474,0
CAF,2016,4042.609,2362.803,0,48.866,176.929,1081.516,305.055,178.297,0
CAF,2017,4272.609,2608.194,0,96.525,195.137,1203.324,288.03,175.826,0
CAF,2018,4314.248,2721.859,0,138.421,170.166,1233.635,276.767,174.612,0
CAF,2019,4501.12,2873.625,0,111.508,179.412,1300.902,270.579,172.744,0
CAN,2015,1150.223,4258.078,,74.409,400.323,1990.441,58.121,215.163,
CAN,2016,1193.36,4431.346,,75.69,385.572,2025.535,58.587,217.554,
CAN,2017,1235.919,4577.956,,81.961,404.799,2141.107,57.723,213.813,
CAN,2018,1281.338,4726.972,,87.783,413.464,2223.856,57.656,212.697,
CAN,2019,1336.797,4896.179,,89.458,420.648,2303.878,57.891,212.032,
CHE,2015,357.626,1728.007,,20.158,150.424,675.793,52.929,255.748,
CHE,2016,358.177,1738.455,,20.048,154.033,685.291,52.416,254.409,
CHE,2017,361.14,1763.763,,20.644,159.504,693.971,52.04,254.155,
CHE,2018,367.583,1807.235,,21.337,161.693,720.131,51.011,250.799,
CHE,2019,371.996,1837.669,,22.228,163.244,727.615,50.978,251.834,
CHL,2015,45412.355,272121.156,,4392.883,33541.398,159553.344,29.096,174.353,
CHL,2016,49080.125,294109.781,,4320.127,34224.535,169537.391,30.021,179.899,
CHL,2017,51657.906,310081.031,,4331.928,33449.434,179756.125,30.871,185.305,
CHL,2018,55120.184,330064.781,,4328.995,36466.762,191265.953,30.77,184.251,
CHL,2019,59505.75,358081.594,,4463.333,40067.25,198440.703,31.377,188.816,
CHN,2015,100116.945,94864.719,615.922,10218.578,18778.445,68885.82,150.089,142.187,0.923
CHN,2016,106326.086,107710.586,631,11545.352,19469.129,74639.508,153.853,155.828,0.913
CHN,2017,120798.812,128133.484,694.236,13202.803,21627.209,83203.594,158.008,167.575,0.908
CHN,2018,136714.234,150166.016,772.662,14268.249,25116.539,91928.109,162.784,178.775,0.92
CHN,2019,148661.859,169625.469,847.504,15388.646,26813.234,99086.508,167.47,191.061,0.955
CIV,2015,10031.465,24944.598,742.425,1375.085,5033.163,27086.15,25.742,64.01,1.905
CIV,2016,10204.065,26364.609,774.714,1409.87,4707.538,28423.873,26.41,68.235,2.005
CIV,2017,10453.413,27481.189,808.642,1595.735,4431.79,29955.01,27.071,71.167,2.094
CIV,2018,11084.821,28831.768,834.879,1711.865,4656.135,32222,28.226,73.417,2.126
CIV,2019,12571.159,32305.615,874.097,1882.085,5357.915,34299,29.654,76.207,2.062
CMR,2015,10986.74,31049.963,482.246,894.985,3319.315,18285.383,40.199,113.607,1.764
CMR,2016,11362.981,32274.943,460.561,1241.536,3128.964,19344.838,40.141,114.014,1.627
CMR,2017,12517.713,34501.422,456.568,1417.139,3252.984,20328.363,41.559,114.546,1.516
CMR,2018,13171.845,35013.391,430.764,1088.006,3808.437,21492.533,42.963,114.205,1.405
CMR,2019,14068.971,37608.477,577.048,1190.894,4073.406,22769.301,43.252,115.618,1.774
COD,2015,10363.59,58073.574,21.107,1613.701,5190.799,35111.199,18.669,104.614,0.038
COD,2016,12013.723,62323.66,21.134,1944.362,5130.138,40753.102,20.579,106.758,0.036
COD,2017,16673.191,79120.867,25.2,2193.706,9149.994,55124.301,22.52,106.868,0.034
COD,2018,23535.057,108222.445,31.389,2268.566,13470.455,76495.5,23.523,108.165,0.031
COD,2019,35893.898,166462.219,43.614,3381.849,16156.203,77971.391,24.102,111.775,0.029
COG,2015,8863.709,26394.025,580.371,1334.952,4259.006,6952.36,70.56,210.11,4.62
COG,2016,9837.878,29040.07,558.512,1161.435,3705.421,6016.2,87.436,258.1,4.964
COG,2017,10115.969,29568.586,512.669,557.597,1778.946,6393.99,99.086,289.625,5.022
COG,2018,10998.529,31694.168,527.772,446.444,1424.328,7420.823,107.617,310.118,5.164
COG,2019,11247.735,31929.711,518.303,465.4,1479.242,7263.756,109.06,309.595,5.026
COL,2015,273951.281,1293895.5,28014.457,28178,159917,804692,33.098,156.326,3.385
COL,2016,305608.656,1444067.5,35609.559,30642,160510.016,863782,34.561,163.309,4.027
COL,2017,333711.062,1563355.125,46504.703,31816,168136,920471,36.254,169.843,5.052
COL,2018,366093.719,1702424.5,57141.117,33159,177339.016,985931,37.424,174.03,5.841
COL,2019,401755.094,1856856.125,68979.633,37419,191239.984,1061729.5,38.176,176.444,6.555
COM,2015,165.338,1036.51,0.161,21.585,36.226,428.346,33.043,207.15,0.032
COM,2016,200.191,1127.438,0.172,20.364,35.796,450.159,35.49,199.875,0.031
COM,2017,236.752,1225.636,0.185,23.086,39.429,469.217,36.145,187.12,0.028
COM,2018,239.01,1142.263,0.17,26.856,46.123,490.958,37.288,178.204,0.027
COM,2019,266.373,1168.779,0.17,31.955,49.282,512.344,39.248,172.211,0.025
CPV,2015,199.574,460.735,6.241,6.597,39.084,158.699,85.942,198.405,2.688
CPV,2016,199.8,475.747,6.045,4.986,49.9,165.782,81.867,194.936,2.477
CPV,2017,198.703,501.25,5.863,8.741,49.785,173.097,78.098,197.011,2.304
CPV,2018,213.298,556.561,6.024,8.784,63.603,183.698,75.294,196.466,2.126
CPV,2019,217.298,596.296,5.889,7.175,61.723,195.202,71.6,196.482,1.941
CRI,2015,8933.072,49247.07,1026.226,744.716,4706.75,29281.373,25.316,139.566,2.908
CRI,2016,9295.173,50869.566,1157.55,800.401,4878.54,31136.211,25.423,139.131,3.166
CRI,2017,10082.441,54650.395,1343.069,884.515,4840.926,33189.219,25.686,139.227,3.422
CRI,2018,10999.546,58556.168,1510.904,725.236,5399.273,34937.938,26.29,139.955,3.611
CRI,2019,11544.928,61826.062,1603.585,1018.263,4829.567,36279.504,26.504,141.936,3.681
CYP,2015,11.516,39.762,0.53,0.397,1.947,17.827,91.784,316.91,4.227
CYP,2016,10.984,37.511,0.489,0.484,2.883,18.873,85,290.279,3.781
CYP,2017,11.054,38.001,0.471,0.55,3.666,20.04,81.247,279.311,3.458
CYP,2018,11.429,40.067,0.463,,,21.138,78.297,274.479,3.171
CYP,2019,,,0.457,,,21.944,,,2.93
CZE,2015,2930.127,11212.6,21.038,236.357,991.218,4627.485,63.04,241.233,0.453
CZE,2016,3044.541,11448.663,20.53,155.419,1040.922,4794.792,63.61,239.199,0.429
CZE,2017,3103.208,11824.25,20.224,171.21,1102.387,5117.375,60.641,231.061,0.395
CZE,2018,3177.118,12242.784,19.598,224.464,1198.583,5414.785,59.254,228.331,0.366
CZE,2019,3368.213,12987.36,19.375,252.367,1256.659,5751.255,59.261,228.503,0.341
DEU,2015,1414.892,6609.127,9.793,64.652,539.482,3022.867,47.083,219.932,0.326
DEU,2016,1430.865,6748.867,10.193,68.373,565.035,3128.681,46.075,217.317,0.328
DEU,2017,1462.831,6965.68,10.638,72.64,594.853,3263.308,44.827,213.455,0.326
DEU,2018,1508.911,7251.258,11.246,78.954,632.637,3360.786,44.371,213.232,0.331
DEU,2019,1559.753,7557.272,11.913,84.189,666.673,3454.735,44.327,214.773,0.339
DJI,2015,363.802,303.001,89.183,45.774,83.198,434.612,73.628,61.323,18.049
DJI,2016,385.336,357.744,83.735,37.987,89.14,465.375,75.149,69.768,16.33
DJI,2017,411.611,427.797,81.482,31.366,96.058,491.728,75.693,78.669,14.984
DJI,2018,447.75,521.24,82.457,42.823,98.306,519.54,72.572,84.483,13.365
DJI,2019,509.955,633.331,85.788,53.149,102.093,562.72,71.307,88.558,11.996
DMA,2015,3.116,1.413,,0.098,0.096,1.46,187.325,84.915,
DMA,2016,3.224,1.486,,0.157,0.08,1.556,181.88,83.848,
DMA,2017,3.16,1.436,,0.188,0.049,1.404,197.6,89.798,
DMA,2018,3.347,1.456,,0.38,0.109,1.487,197.601,85.936,
DMA,2019,3.679,1.515,,0.25,0.091,1.572,205.318,84.539,
DNK,2015,1447.474,3870.694,3.128,72.592,331.608,2036.4,71.906,192.285,0.155
DNK,2016,1476.583,3985.066,4.392,78.186,364.914,2107.7,69.916,188.692,0.208
DNK,2017,1500.481,4098.285,5.468,72.844,392.656,2192.9,68.425,186.889,0.249
DNK,2018,1529.491,4262.445,6.556,75.992,420.308,2253.5,67.07,186.913,0.287
DNK,2019,1539.83,4384.627,7.487,76.526,436.074,2335,65.365,186.126,0.318
DOM,2015,1641.958,5730.137,131.431,68.771,676.728,3205.655,46.351,161.756,3.71
DOM,2016,1578.644,5810.572,128.247,58.193,741.971,3487.292,43.722,160.927,3.552
DOM,2017,1786.715,7031.578,144.688,68.205,834.175,3802.656,41.813,164.553,3.386
DOM,2018,1911.817,7967.97,153.043,64.18,1027.862,4235.847,39.165,163.228,3.135
DOM,2019,1972.495,8828.475,157.666,68.654,1152.833,4562.235,37.183,166.422,2.972
DZA,2015,33378.82,37496.859,604.039,3039.305,4022.955,16712.676,115.467,129.712,2.09
DZA,2016,36325.551,40660.441,602.21,2711.941,4832.39,17514.635,117.973,132.051,1.956
DZA,2017,37212.32,42597.621,573.97,2605.448,5092.552,18876.199,120.895,138.391,1.865
DZA,2018,39784.047,46808.852,572.795,2418.387,5792.913,20452.301,123.446,145.243,1.777
DZA,2019,38832.57,47557.973,526.501,2846.352,5058.248,20428.301,125.417,153.597,1.7
ECU,2015,121.326,165.325,3.859,13.344,13.046,99.29,120.523,164.232,3.833
ECU,2016,135.756,176.367,3.921,11.464,13.617,99.938,130.927,170.094,3.782
ECU,2017,142.683,180.664,3.984,11.097,15.4,104.296,134,169.669,3.742
ECU,2018,151.27,189.283,4.107,8.619,18.898,107.562,137.714,172.32,3.739
ECU,2019,155.658,199.042,4.228,7.081,19.74,107.436,140.442,179.584,3.814
EGY,2015,2537.326,2098.785,48.592,147.758,185.974,2443.855,51.393,42.511,0.984
EGY,2016,2883.219,2408.882,52.589,188.715,218.785,2709.4,50.343,42.061,0.918
EGY,2017,3647.399,3063.085,63.296,250.95,279.05,3470,49.727,41.761,0.863
EGY,2018,4536.9,3818.465,86.224,414.802,324.298,4437.4,48.736,41.019,0.926
EGY,2019,5486.396,4503.793,107.414,469.036,488.564,5322.3,48.672,39.955,0.953
ERI,2015,90.194,18.259,,2.564,0.619,30.953,287.215,58.145,
ERI,2016,85.448,17.085,,1.644,0.667,33.366,268.27,53.639,
ERI,2017,85.055,17.036,,1.911,0.574,28.702,296.336,59.354,
ERI,2018,83.153,16.543,,0.28,0.605,30.235,261.432,52.01,
ERI,2019,74.964,15.142,,0.607,0.598,29.876,246.318,49.752,
ESP,2015,615.774,2298.763,23.488,27.263,166.811,1077.59,57.472,214.551,2.192
ESP,2016,618.823,2315.655,23.054,21.943,178.103,1113.84,55.678,208.35,2.074
ESP,2017,621.418,2360.763,22.714,23.237,193.683,1161.867,53.484,203.187,1.955
ESP,2018,626.794,2424.395,22.485,25.891,208.454,1204.241,51.729,200.084,1.856
ESP,2019,640.688,2522.544,22.304,26.016,221.32,1244.772,50.442,198.602,1.756
EST,2015,11.991,41.581,,1.077,3.978,20.773,56.202,194.889,
EST,2016,12.605,42.879,,1.007,4.307,21.925,56.814,193.27,
EST,2017,13.29,44.965,,1.358,4.583,23.835,55.759,188.649,
EST,2018,14.525,47.926,,1.364,5.011,25.91,56.317,185.817,
EST,2019,15.691,50.997,,1.392,5.977,28.094,56.127,182.416,
ETH,2015,1250.433,960.24,0.489,211.923,299.695,1297.96,57.406,44.083,0.022
ETH,2016,1471.814,1249.577,0.993,239.171,346.493,1568.097,60.968,51.762,0.041
ETH,2017,1796.99,1651.183,1.595,248.267,456.329,1832.786,63.219,58.089,0.056
ETH,2018,2079.502,2111.166,2.208,260.529,503.547,2200.121,65.743,66.745,0.07
ETH,2019,2265.27,2492.81,2.779,301.718,647.148,2696.223,66.709,73.41,0.082
FIN,2015,146.465,493.195,0.589,7.876,37.001,211.385,70.983,239.023,0.285
FIN,2016,149.256,500.334,0.687,9.033,40.441,217.518,69.554,233.159,0.32
FIN,2017,154.25,514.192,0.721,9.252,43.6,225.933,68.273,227.586,0.319
FIN,2018,160.27,533.502,0.759,9.964,46.394,233.664,68.112,226.728,0.323
FIN,2019,167.503,556.688,0.799,10.402,47.08,240.556,68.319,227.055,0.326
FJI,2015,5.901,17.738,0,0.467,1.228,9.822,52.77,158.623,0
FJI,2016,6.725,19.65,0,0.585,1.22,10.327,53.187,155.414,0
FJI,2017,6.833,19.132,0,0.635,1.332,11.065,54.367,152.238,0
FJI,2018,7.178,19.291,0,0.522,1.531,11.557,54.555,146.627,0
FJI,2019,7.137,18.94,0,0.465,1.604,11.892,56.307,149.429,0
FRA,2015,1593.92,4837.766,23.365,75.738,396.886,2198.295,72.959,221.44,1.069
FRA,2016,1603.155,4906.403,26.078,76.044,410.719,2232.435,72.311,221.305,1.176
FRA,2017,1624.181,5019.987,27.163,77.023,440.273,2298.585,70.66,218.395,1.182
FRA,2018,1647.584,5161.747,28.001,80.669,460.677,2362.406,69.439,217.548,1.18
FRA,2019,1677.8,5327.194,29.34,88.345,485.694,2426.945,68.532,217.596,1.198
FSM,2015,,,,,,0.317,,,
FSM,2016,,,,,,0.332,,,
FSM,2017,,,,,,0.367,,,
FSM,2018,,,,,,0.402,,,
FSM,2019,,,,,,0.414,,,
GAB,2015,9941.298,19843.895,416.597,355.469,2130.131,8503.5,82.442,164.562,3.455
GAB,2016,8640.87,18120.684,395.407,317.306,1925.094,8310.6,80.759,169.358,3.696
GAB,2017,8857.132,19475.02,458.808,89.136,1767.063,8668.9,80.428,176.845,4.166
GAB,2018,8784.344,20496.551,491.023,171.464,1808.136,9439.3,77.417,180.638,4.327
GAB,2019,8654.667,21176.281,512.565,184.226,1851.274,9894.8,73.463,179.75,4.351
GBR,2015,853.449,3275.536,84.014,50.442,280.365,1919.641,44.77,171.828,4.407
GBR,2016,883.494,3392.394,85.512,51.852,301.366,1994.712,44.569,171.133,4.314
GBR,2017,917.004,3534.494,87.842,55.208,317.125,2068.757,44.326,170.851,4.246
GBR,2018,947.494,3663.188,89.214,57.116,324.133,2141.792,44.346,171.449,4.176
GBR,2019,990.197,3834.686,90.505,61.304,338.166,2214.362,44.348,171.746,4.054
GEO,2015,40.869,56.677,0.814,1.776,6.488,33.935,86.336,119.729,1.719
GEO,2016,44.156,64.27,1.154,1.718,7.787,35.836,84.539,123.049,2.209
GEO,2017,46.842,72.322,1.382,2.314,8.077,40.762,80.873,124.863,2.386
GEO,2018,50.256,80.76,1.677,2.86,8.356,44.599,78.148,125.581,2.607
GEO,2019,45.441,74.879,1.657,3.568,8.279,50.002,75.829,124.955,2.764
GHA,2015,116.753,622.255,6.737,7.134,45.626,180.399,26.623,141.889,1.536
GHA,2016,117.253,620.404,8.032,8.15,49.869,215.077,26.378,139.569,1.807
GHA,2017,109.154,572.611,9.783,6.331,46.49,256.671,25.197,132.183,2.258
GHA,2018,129.884,683.514,14.917,4.431,65.19,300.596,24.223,127.475,2.782
GHA,2019,141.618,775.494,19.207,6.152,62.294,349.48,22.702,124.313,3.079
GIN,2015,53497.082,74105.633,1517.936,13461.502,2317.2,65829.148,45.426,62.926,1.289
GIN,2016,70734.594,79132.898,1739.212,6217.88,34190.301,77087.906,50.148,56.102,1.233
GIN,2017,81102.125,117953.617,1998.298,11600.945,12576.129,93833.883,48.275,70.21,1.189
GIN,2018,92993.82,128657.477,2001.354,5416.529,15790.416,98286.375,50.741,70.201,1.092
GIN,2019,104920.117,151498.859,2367.547,4022.633,15077.018,113461.289,49.592,71.608,1.119
GMB,2015,71.253,90.592,2.172,3.569,8.352,58.581,52.855,67.2,1.611
GMB,2016,73.606,95.709,2.876,5.149,10.897,64.39,53.116,69.066,2.075
GMB,2017,78.107,103.979,3.62,7.977,8.127,70.142,52.906,70.43,2.452
GMB,2018,77.463,99.11,3.254,6.466,8.675,80.649,52.86,67.632,2.221
GMB,2019,87.768,110.78,3.4,8.9,10.493,91.649,52.703,66.522,2.041
GNB,2015,691.473,223.101,0,25.143,9.019,619.726,61.488,19.839,0
GNB,2016,713.417,227.031,0,22.035,11.639,698.685,58.495,18.615,0
GNB,2017,742.265,236.722,0,32.43,15.697,783.989,55.53,17.71,0
GNB,2018,755.51,241.953,0,36.174,16.072,767.879,54.701,17.518,0
GNB,2019,796.676,255.195,0,24.077,19.627,774.732,53.512,17.141,0
GNQ,2015,20874.467,13806.641,,1677.843,234.447,7795.42,161.585,106.874,
GNQ,2016,22308.52,13607.723,,928.722,173.763,6661.366,184.989,112.84,
GNQ,2017,22660.059,13173.021,,865.746,123.012,7084.543,197.212,114.646,
GNQ,2018,23484.934,13009.193,,709.325,480.28,7375.49,211.041,116.904,
GNQ,2019,24282.352,13281.061,,470.548,385.976,6459.504,222.151,121.504,
GRC,2015,136.59,353.959,8.595,6.815,12.187,176.11,76.889,199.249,4.838
GRC,2016,135.475,337.105,8.207,6.238,12.963,174.237,77.549,192.967,4.698
GRC,2017,135.576,326.42,7.942,8.025,12.755,177.152,76.531,184.26,4.483
GRC,2018,137.679,316.817,7.798,5.859,13.623,179.727,76.259,175.482,4.319
GRC,2019,137.11,307.629,7.634,4.439,14.16,183.414,74.521,167.199,4.149
GRD,2015,3.546,6.602,,0.224,0.254,2.692,108.42,201.867,
GRD,2016,3.737,6.665,,0.114,0.433,2.866,107.324,191.4,
GRD,2017,3.775,6.829,,0.087,0.602,3.039,102.232,184.96,
GRD,2018,3.715,7.024,,0.094,0.727,3.155,96.921,183.219,
GRD,2019,3.736,7.469,,0.094,0.63,3.271,94.001,187.943,
GTM,2015,236.869,759.608,17.839,5.926,63.176,476.023,48.64,155.981,3.663
GTM,2016,240.342,800.049,20.152,4.984,64.652,502.002,46.875,156.036,3.93
GTM,2017,234.056,810.364,21.576,5.646,65.979,526.2,44.822,155.187,4.132
GTM,2018,233.622,838.932,22.693,7.497,68.19,549.79,42.917,154.113,4.169
GTM,2019,240.881,889.969,23.612,8.977,75.01,590.417,41.158,152.065,4.034
GUY,2015,1557.884,939.689,0,84.266,123.451,883.787,123.884,74.724,0
GUY,2016,1600.297,1018.334,0,129.943,149.696,925.677,121.498,77.314,0
GUY,2017,1706.803,1132.388,0,157.167,147.686,980.498,122.338,81.166,0
GUY,2018,1748.724,1179.615,0,141.485,152.523,994.472,123.582,83.363,0
GUY,2019,1879.472,1301.228,0,191.724,166.282,1078.729,122.448,84.775,0
HKG,2015,1263.044,4571.457,,129.425,407.78,2398.28,60.08,217.453,
HKG,2016,1329.133,4635.365,,134.709,400.507,2490.438,62.041,216.368,
HKG,2017,1461.298,4901.932,,147.656,428.321,2659.384,62.976,211.254,
HKG,2018,1608.787,5196.439,,151.479,460.979,2835.161,64.47,208.241,
HKG,2019,1714.108,5371.541,,145.646,401.521,2865.679,68.273,213.95,
HND,2015,409.864,973.422,44.322,11.727,97.311,460.405,89.389,212.298,9.666
HND,2016,440.32,1098.868,58.925,15.885,93.389,495.922,85.441,213.228,11.434
HND,2017,458.383,1176.537,72.795,21.377,105.064,543.403,81.511,209.215,12.945
HND,2018,482.356,1265.383,88.4,22.45,116.788,574.243,79.421,208.348,14.555
HND,2019,514.087,1382.363,98.431,22.371,115.806,615.05,78.15,210.143,14.963
HRV,2015,310.698,598.234,4.848,11.607,54.794,339.696,93.541,180.109,1.46
HRV,2016,306.941,607.397,5.104,11.491,58.947,351.169,89.614,177.335,1.49
HRV,2017,301.417,616.058,5.31,9.944,63.381,366.426,86.113,176.005,1.517
HRV,2018,298.897,637.157,5.58,13.173,63.563,382.965,82.712,176.316,1.544
HRV,2019,299.906,657.523,5.357,16.982,65.731,400.102,80.098,175.61,1.431
HTI,2015,649.778,1138.426,3.805,55.144,82.114,423.644,117.643,206.112,0.689
HTI,2016,727.54,1237.697,4.529,43.985,102.716,481.212,122.777,208.869,0.764
HTI,2017,813.368,1389.089,5.544,39.831,120.095,551.911,125.564,214.442,0.856
HTI,2018,932.38,1621.531,6.875,49.358,133.917,631.829,126.619,220.206,0.934
HTI,2019,1010.652,1776.574,7.884,25.927,171.253,715.066,131.3,230.805,1.024
HUN,2015,17227.799,68202.219,1345.551,2277.913,5474.677,34923.438,49.109,194.414,3.836
HUN,2016,19018.893,70004.523,1308.359,1142.891,5916.995,36167.453,52.142,191.925,3.587
HUN,2017,19843.861,72920.438,1285.991,1761.581,6936.471,39233.43,50.579,185.863,3.278
HUN,2018,21911.92,79003.516,1301.683,2505.459,8235.938,43347.043,49.931,180.027,2.966
HUN,2019,25053.385,87285.289,1332.276,2879.343,10058.696,47513.914,50.873,177.238,2.705
IDN,2015,4520191.5,29299552,490973.031,409963.438,3372048.25,11526333,36.264,235.058,3.939
IDN,2016,4871825,31703246,508381.062,441498.312,3598703.5,12401728,36.392,236.819,3.798
IDN,2017,5231685.5,34131136,545831.562,515684.344,3854890.5,13589826,36.499,238.115,3.808
IDN,2018,5705965.5,37024708,616844.812,529774.312,4259610,14838312,36.835,239.016,3.982
IDN,2019,6164138.5,40070608,701502.562,569565.125,4549925.5,15833943,37.022,240.668,4.213
IND,2015,105593.852,240557.422,9987.35,9496.835,32109.15,137718.734,61.645,140.436,5.831
IND,2016,112477.656,261784.703,10865.988,9849.322,35210.648,153916.688,59.979,139.597,5.794
IND,2017,121889.43,290734.031,11539.518,11268.12,38916.488,170983.047,58.877,140.435,5.574
IND,2018,134066.562,326033.688,11964.007,12774.174,44160.867,189712.375,58.555,142.398,5.225
IND,2019,144190.078,357075.094,12142.319,12386.229,44486.117,203625.141,59.436,147.189,5.005
IRL,2015,87.088,394.367,3.613,4.679,58.59,262.755,33.457,151.505,1.388
IRL,2016,90.675,437.719,3.897,5.2,91.831,270.389,33.138,159.967,1.424
IRL,2017,91.383,494.35,4.111,5.287,94.291,298.555,30.609,165.581,1.377
IRL,2018,92.233,549.721,4.293,6.344,86.357,327.241,28.306,168.707,1.318
IRL,2019,93.193,587.851,4.447,8.189,154.17,355.904,27.295,172.172,1.302
IRN,2015,10672212,32364370,20240.617,268765.406,2325000,11414167,76.22,231.142,0.145
IRN,2016,11266436,35078844,20833.414,382617.625,2281126.75,13151259,66.522,207.12,0.123
IRN,2017,12587890,39631280,24096.77,435562.5,2587388.75,15316530,63.993,201.475,0.123
IRN,2018,15063686,47936544,30432.184,457603.281,3027049.5,18876880,67.563,215.002,0.136
IRN,2019,20057632,64649748,42847.418,318486.938,4247124,25358742,71.85,231.587,0.153
IRQ,2015,234126.609,106911.164,1666.757,33749.059,20053.639,194680.969,107.862,49.254,0.768
IRQ,2016,230307.156,107274.297,1507.212,17187.525,13113.067,196924.141,104.894,48.858,0.686
IRQ,2017,284767.562,136074.469,1975.427,17498.193,17650.766,225722.375,113.151,54.068,0.785
IRQ,2018,326766.25,163312.812,2362.448,14739.899,19828.402,254870.188,114.99,57.47,0.831
IRQ,2019,329639.062,173732.359,2401.689,20048.303,21237.811,266224.656,111.053,58.529,0.809
ISL,2015,1411.239,4216.946,,60.185,384.809,2293.948,59.555,177.958,
ISL,2016,1411.13,4309.749,,60.337,465.557,2490.936,55.662,169.997,
ISL,2017,1387.797,4399.92,,70.635,504.255,2615.612,53.058,168.218,
ISL,2018,1471.2,4832.533,,97.875,503.314,2787.574,51.285,168.459,
ISL,2019,1594.597,5292.883,,93.874,503.65,2970.077,51.252,170.12,
ISR,2015,359.189,1957.022,0,25.268,197.176,1166.526,30.556,166.483,0
ISR,2016,369.764,2022.717,0,28.961,223.143,1223.668,30.126,164.796,0
ISR,2017,380.711,2093.517,0,32.325,230.619,1269.448,29.99,164.916,0
ISR,2018,406.978,2235.11,0,36.558,248.774,1330.142,30.026,164.903,0
ISR,2019,425.885,2327.354,0,36.164,257.374,1406.749,30.244,165.274,0
ITA,2015,1015.985,3937.854,6.88,39.729,240.689,1654.218,60.824,235.746,0.412
ITA,2016,1007.754,3891.75,7.675,39.003,252.163,1696.494,59.567,230.036,0.454
ITA,2017,1010.069,3901.446,8.539,38.205,265.351,1738.354,58.105,224.433,0.491
ITA,2018,1010.475,3918.851,9.925,37.724,278.057,1770.734,57.118,221.516,0.561
ITA,2019,1007.505,3935.754,10.361,41.164,282.064,1789.357,56.37,220.205,0.58
JAM,2015,,,177.578,,,1659.677,,,8.398
JAM,2016,,,209.383,,,1760.976,,,9.222
JAM,2017,,,250.28,,,1895.025,,,10.162
JAM,2018,,,301.106,,,2027.251,,,11.274
JAM,2019,,,337.001,,,2110.433,,,11.825
JOR,2015,17.084,43.933,2.56,1.25,4.731,27.397,46.424,119.386,6.957
JOR,2016,16.383,42.705,2.593,1.156,4.52,28.324,47.193,123.019,7.47
JOR,2017,17.224,45.546,3.017,1.148,4.844,29.4,47.804,126.407,8.374
JOR,2018,18.778,50.583,3.896,1.191,5.021,30.482,48.305,130.12,10.021
JOR,2019,19.348,52.902,4.412,1.244,4.86,31.597,48.644,133.005,11.092
JPN,2015,682030.062,1269498.375,,26739.131,99663.867,531319.812,128.498,239.18,
JPN,2016,671843.125,1266993.75,,26431.393,98521.414,535537.188,126.961,239.43,
JPN,2017,673593.812,1285748.375,,26818.787,103073.008,545897.375,123.392,235.529,
JPN,2018,675666.625,1307629.125,,27170.637,104800.562,546851.688,122.197,236.49,
JPN,2019,675831.25,1325404.875,,28170.246,106528.75,553760,120.54,236.397,
KAZ,2015,19232.787,81780.68,242.01,1594.179,7760.732,40884.133,25.502,108.438,0.321
KAZ,2016,22288.354,94064.68,258.632,1598.811,9072.689,46971.148,26.394,111.393,0.306
KAZ,2017,24412.465,103489.203,263.996,1997.954,9800.922,54378.859,26.248,111.27,0.284
KAZ,2018,26854.605,113075.789,268.064,1657.219,11434.197,61819.535,26.348,110.942,0.263
KAZ,2019,30083.242,129013.062,341.176,1820.06,14190.178,69532.625,25.844,110.831,0.293
KEN,2015,3174.541,7837.706,143.534,411.973,946.393,6284.185,37.383,92.296,1.69
KEN,2016,3482.555,8372.032,175.114,582.935,655.228,7022.963,38.571,92.724,1.939
KEN,2017,4377.378,9525.626,225.806,614.513,878.371,8165.842,41.557,90.432,2.144
KEN,2018,4900.808,10016.897,250.841,610.694,925.022,8892.111,43.093,88.078,2.206
KEN,2019,5526.653,10762.246,280.283,686.286,945.585,9740.36,44.447,86.554,2.254
KGZ,2015,,,0,,,430.489,,,0
KGZ,2016,,,0,,,476.331,,,0
KGZ,2017,,,0,,,530.476,,,0
KGZ,2018,,,0,,,569.386,,,0
KGZ,2019,,,0,,,590.042,,,0
KHM,2015,48441.562,56822.113,12232.06,3343.401,12394.698,73422.703,54.088,63.445,13.658
KHM,2016,50864.973,66928.062,12000.672,4072.382,13545.119,81241.898,52.262,68.766,12.33
KHM,2017,55854.816,80502.875,12184.588,3515.573,16155.265,89830.523,50.96,73.448,11.117
KHM,2018,61664.148,98802.07,13508.225,4255.26,18193,99544.273,48.586,77.847,10.643
KHM,2019,68149.164,118983.273,14896.651,4945.996,20751.211,110014.047,46.938,81.951,10.26
KIR,2015,,,,,,0.225,,,
KIR,2016,,,,,,0.244,,,
KIR,2017,,,,,,0.244,,,
KIR,2018,,,,,,0.263,,,
KIR,2019,,,,,,0.28,,,
KNA,2015,2.269,8,,0.148,0.618,2.493,88.953,313.65,
KNA,2016,2.365,8.226,,0.078,0.752,2.622,88.121,306.581,
KNA,2017,2.198,7.889,,0.063,0.761,2.692,88.716,318.446,
KNA,2018,2.053,7.67,,0.26,0.586,2.729,84.666,316.369,
KNA,2019,2.15,7.474,,0.309,0.573,2.838,89.018,309.455,
KOR,2015,1033488,3778820.25,,71848.891,409152.812,1658020.5,61.456,224.705,
KOR,2016,1066806.5,3947067.5,,77459.289,439890.531,1740779.625,61.059,225.913,
KOR,2017,1114208.375,4171001.5,,80594.102,497862.812,1835698.125,60.697,227.216,
KOR,2018,1163795.125,4440986,,84306.258,492280.844,1898192.75,60.446,230.658,
KOR,2019,1223820.75,4721939.5,,96582.812,478487.688,1919039.875,60.692,234.171,
KWT,2015,23.502,39.845,,2.539,6.245,34.473,69.034,117.04,
KWT,2016,25.213,43.605,,2.259,7.418,33.056,71.126,123.011,
KWT,2017,26.577,48.262,,2.369,7.519,36.611,77.783,141.25,
KWT,2018,27.743,52.246,,2.507,7.872,42.475,79.993,150.647,
KWT,2019,25.647,49.795,,2.114,6.637,40.873,83.004,161.156,
LAO,2015,90039.312,161041.297,102947.555,9663.544,27337.262,117252,56.055,100.258,64.091
LAO,2016,91288.734,169531.5,106786.242,10157.334,27343.469,129279,56.063,104.114,65.58
LAO,2017,103761.344,197874.172,122482.734,,,140749.141,56.332,107.426,66.496
LAO,2018,,,130159.406,,,152414.203,,,63.576
LAO,2019,,,131521.734,,,163369,,,61.572
LBN,2015,25989.234,164368.516,191.971,909.486,15438.062,75283.609,38.271,242.042,0.283
LBN,2016,24536.512,161125.516,175.005,1579.08,15519.059,77191.719,37.668,247.36,0.269
LBN,2017,25126.635,166884.719,168.192,1177.888,15630.716,80109.516,38.396,255.014,0.257
LBN,2018,25610.555,174524.875,163.621,1492.83,15150.455,82854.125,39.566,269.623,0.253
LBN,2019,24780.016,170252.766,149.443,1191.266,13573.803,80450.812,42.837,294.313,0.258
LBR,2015,1.894,6.186,0.633,0.476,0.613,2.669,44.626,145.784,14.907
LBR,2016,2.405,6.772,0.663,0.432,0.677,2.757,54.871,154.492,15.134
LBR,2017,2.71,6.987,0.654,0.436,0.519,2.763,61.696,159.059,14.89
LBR,2018,3.155,7.389,0.66,0.409,0.438,2.745,69.12,161.874,14.454
LBR,2019,4.267,9.201,0.789,0.354,0.64,2.582,78.013,168.225,14.421
LBY,2015,,,,,,24.4,,,
LBY,2016,,,,,,21.3,,,
LBY,2017,,,,,,34.573,,,
LBY,2018,,,,,,47.414,,,
LBY,2019,,,,,,45.584,,,
LCA,2015,3.957,11.441,0,0.21,0.784,4.882,80.908,233.914,0
LCA,2016,4.015,11.559,0,0.217,0.894,5.037,79.565,229.075,0
LCA,2017,4.232,12.224,0,0.292,0.963,5.398,78.261,226.049,0
LCA,2018,4.399,12.584,0.011,0.259,1.019,5.578,78.709,225.175,0.191
LCA,2019,4.541,13.019,0.021,0.247,1.072,5.731,79.091,226.743,0.368
LKA,2015,5118.327,19865.484,308.816,534.107,2317.252,10950.621,32.569,126.408,1.965
LKA,2016,5860.417,22580.654,347.847,591.784,2705.665,11996.083,33.273,128.205,1.975
LKA,2017,6504.695,25030.846,361.086,670.072,2981.307,13328.103,34.178,131.523,1.897
LKA,2018,7270.461,27870.236,369.471,621.532,3159.798,14366.103,35.26,135.165,1.792
LKA,2019,7978.307,30803.18,377.432,836.362,3284.039,15016.142,36.14,139.531,1.71
LSO,2015,49.893,50.061,0,3.436,4.952,30.268,112.325,112.702,0
LSO,2016,53.333,54.024,0,3.694,4.454,31.852,110.413,111.844,0
LSO,2017,54.699,55.055,0,3.767,4.542,32.048,115.563,116.314,0
LSO,2018,56.889,56.917,0,3.891,4.692,34.089,119.829,119.889,0
LSO,2019,61.737,61.421,0,5.376,5.389,35.552,121.766,121.143,0
LTU,2015,15.503,55.279,0.014,1.378,5.945,37.346,40.435,144.175,0.036
LTU,2016,16.474,58.32,0.015,1.182,6.541,38.89,41.089,145.458,0.039
LTU,2017,17.068,61.223,0.02,1.366,7.136,42.276,40.372,144.817,0.048
LTU,2018,17.948,64.983,0.028,1.451,8.079,45.491,40.098,145.179,0.062
LTU,2019,19.094,70.214,0.033,1.503,8.925,48.797,39.69,145.95,0.069
LUX,2015,24.609,75.13,0.025,2.025,7.456,52.041,46.931,143.276,0.047
LUX,2016,25.555,77.335,0.03,2.118,7.835,54.846,46.462,140.607,0.055
LUX,2017,26.838,80.613,0.029,2.301,8.357,56.789,47.26,141.952,0.051
LUX,2018,28.05,83.571,0.028,2.33,7.765,60.036,47.565,141.713,0.047
LUX,2019,29.653,86.958,0.027,2.565,8.142,63.491,48.118,141.104,0.044
LVA,2015,11.538,48.592,,1.181,4.19,24.561,45.779,192.808,
LVA,2016,12.096,48.951,,0.903,3.997,25.36,47.176,190.923,
LVA,2017,12.658,50.295,,1.246,4.314,26.962,46.945,186.538,
LVA,2018,13.798,52.842,,1.638,4.811,29.143,47.399,181.52,
LVA,2019,15.154,55.165,,1.529,5.231,30.463,49.684,180.862,
MAC,2015,0,0,,9.482,79.596,362.213,0,0,
MAC,2016,0,0,,9.156,69.33,362.876,0,0,
MAC,2017,0,0,,13.511,66.741,407.328,0,0,
MAC,2018,0,0,,16.005,58.188,444.666,0,0,
MAC,2019,0,0,,12.942,46.525,434.67,0,0,
MAR,2015,504.796,2388.546,77.447,54.81,225.461,987.95,49.38,233.653,7.576
MAR,2016,533.291,2444.363,89.366,57.823,246.463,1013.229,51.27,234.999,8.592
MAR,2017,573.235,2560.821,101.887,57.936,246.264,1063.045,51.916,231.923,9.227
MAR,2018,622.699,2717.734,112.586,57.915,256.819,1108.463,53.204,232.206,9.619
MAR,2019,644.237,2763.197,116.081,52.313,266.254,1151.17,54.218,232.549,9.769
MDA,2015,108.046,409.91,1.679,5.443,29.964,145.754,29.263,111.019,0.455
MDA,2016,111.585,424.548,1.65,4.661,31.054,160.815,28.432,108.174,0.42
MDA,2017,116.041,446.499,1.646,5.433,34.435,178.881,27.315,105.102,0.387
MDA,2018,120.302,467.591,1.628,6.099,40.719,192.509,26.465,102.866,0.358
MDA,2019,124.545,491.78,1.603,6.997,46.717,210.099,25.944,102.442,0.334
MDG,2015,44410.441,50694.383,222.157,996.731,5300.881,33216.176,65.785,75.094,0.329
MDG,2016,45057.238,54665.688,220.382,1659.296,5483.286,37637.586,63.08,76.532,0.309
MDG,2017,48381.75,61270.781,228.134,1948.269,5499.569,41058.844,61.382,77.735,0.289
MDG,2018,57484.797,74993.117,437.051,2286.724,7364.093,45886.301,60.361,78.745,0.459
MDG,2019,58104.926,78741.281,585.527,2966.2,7877.662,51035.215,58.636,79.461,0.591
MDV,2015,52.613,76.389,7.496,7.766,13.1,63.147,101.876,147.914,14.515
MDV,2016,71.885,104.663,8.904,16.904,9.508,67.3,106.339,154.826,13.171
MDV,2017,88.886,111.951,8.882,15.141,14.231,73.153,118.605,149.381,11.852
MDV,2018,100.67,119.799,8.573,19.19,18.739,81.586,124.156,147.748,10.573
MDV,2019,110.635,125.498,7.89,15.474,19.761,86.788,133.644,151.599,9.531
MEX,2015,12543.197,39550.852,652.882,677.643,3500.428,18551.459,57.935,182.678,3.016
MEX,2016,13951.072,44608.594,773.028,716.077,3896.366,20118.102,57.31,183.25,3.176
MEX,2017,15127.374,49123.016,893.347,674.868,4173.92,21911.895,56.974,185.01,3.365
MEX,2018,16164.159,53534.207,1026.137,713.977,4470.681,23491.508,56.25,186.296,3.571
MEX,2019,16726.703,56444.695,1122.129,637.522,4415.41,24203.617,56.861,191.878,3.815
MHL,2015,,,,,,0.181,,,
MHL,2016,,,,,,0.198,,,
MHL,2017,,,,,,0.208,,,
MHL,2018,,,,,,0.221,,,
MHL,2019,,,,,,0.237,,,
MKD,2015,464.158,1068.181,19.022,33.477,100.149,558.954,53.956,124.17,2.211
MKD,2016,476.117,1097.439,18.331,37.538,107.855,594.795,54.34,125.252,2.092
MKD,2017,418.742,964.649,15.166,30.615,108.817,618.106,56.027,129.069,2.029
MKD,2018,438.963,1029.921,15.082,,,658.053,56.529,132.63,1.942
MKD,2019,,,25.056,,,697.545,,,1.824
MLI,2015,3981.92,6825.76,10.408,514.406,778.198,7747.688,38.577,66.128,0.101
MLI,2016,4382.05,7283.536,10.129,684.17,744.165,8321.834,39.056,64.916,0.09
MLI,2017,5826.404,9069.497,11.629,784.537,843.753,8922.205,41.321,64.321,0.082
MLI,2018,6481.297,9547.906,27.093,614.681,1158.244,9481.953,42.878,63.166,0.179
MLI,2019,7099.419,10532.646,54.168,688.214,1434.212,10213.97,42.968,63.747,0.328
MLT,2015,3.803,14.287,,0.402,2.003,9.657,50.412,189.395,
MLT,2016,4.106,15.537,,0.255,2.194,10.37,50.411,190.75,
MLT,2017,4.264,16.944,,0.262,2.066,11.322,48.052,190.951,
MLT,2018,4.459,18.296,,,,12.403,45.408,186.299,
MLT,2019,,,,,,13.277,,,
MMR,2015,39569.375,74431.078,1028.975,6337.995,17766.061,74215.742,43.564,81.945,1.133
MMR,2016,47434.172,93690.68,1102.019,5638.44,20841.912,82700.023,46.234,91.32,1.074
MMR,2017,54607.727,115929.562,1175.602,6023.662,22841.516,92588.953,46.993,99.765,1.012
MMR,2018,62283.777,140181.312,1769.381,7674.474,23822.875,105258.5,47.232,106.305,1.342
MMR,2019,75672.289,174315.125,2605.468,9589.981,26595.672,116578.508,49.827,114.78,1.716
MNE,2015,2.118,6.374,0,0.212,0.525,3.655,40.661,122.372,0
MNE,2016,2.025,5.884,0.025,0.251,0.666,3.954,41.988,121.995,0.511
MNE,2017,2.34,6.609,0.054,0.403,0.754,4.299,43.566,123.032,1.014
MNE,2018,2.727,7.178,0.082,0.49,0.873,4.663,47.012,123.736,1.407
MNE,2019,3.138,7.701,0.122,0.42,0.931,4.951,51.548,126.51,2.005
MNG,2015,34422.582,52504.719,122.69,1450.801,3458.209,23150.4,111.165,169.56,0.396
MNG,2016,35794.07,54811.031,170.333,2360.21,2554.89,23942.867,109.67,167.937,0.522
MNG,2017,37973.617,55992.207,276.8,1658.141,5211.209,27876.297,107.089,157.903,0.781
MNG,2018,43757.09,66369.305,441.336,1607.8,7925.261,32411.225,100.792,152.878,1.017
MNG,2019,42927.457,69098.531,561.179,3013.8,8622.054,36897.641,96.176,154.81,1.257
MOZ,2015,800.125,609.792,41.631,80.697,119.125,637.76,81.826,62.361,4.257
MOZ,2016,926.194,754.551,46.945,74.113,121.006,752.702,84.691,68.996,4.293
MOZ,2017,1019.254,877.983,52.713,81.617,110.359,840.526,86.047,74.12,4.45
MOZ,2018,1363.446,1203.94,76.948,92.584,355.628,895.567,87.68,77.423,4.948
MOZ,2019,1356.281,1432.703,77.953,90.316,350.965,956.786,89.328,94.361,5.134
MRT,2015,161.188,708.989,1.544,12.636,56.044,200.221,49.179,216.315,0.471
MRT,2016,170.139,734.833,2.075,9.379,56.012,225.473,50.605,218.562,0.617
MRT,2017,176.997,765.396,2.663,7.407,47.625,241.913,49.819,215.435,0.749
MRT,2018,184.321,797.583,2.659,8.227,66.928,251.497,49.064,212.308,0.708
MRT,2019,244.652,1078.586,3.376,11.343,91.961,278.621,46.698,205.878,0.644
MUS,2015,350.008,691.786,16.04,19.42,51.735,409.893,64.173,126.837,2.941
MUS,2016,362.674,716.488,16.218,19.193,55.797,434.765,63.003,124.468,2.817
MUS,2017,373.329,741.185,16.332,18.875,60.624,457.201,61.705,122.505,2.699
MUS,2018,387.497,777.76,16.604,21.867,68.375,481.251,60.315,121.062,2.584
MUS,2019,403.338,818.519,16.816,27.15,72.493,503.03,59.402,120.547,2.477
MWI,2015,2699.746,3403.432,1.829,181.252,224.216,3213.173,45.374,57.2,0.031
MWI,2016,3419.635,4230.983,2.169,206.362,300.082,3812.567,46.014,56.931,0.029
MWI,2017,3983.921,4892.591,2.381,297.973,302.076,4635.556,45.244,55.564,0.027
MWI,2018,4560.968,5436.08,2.534,294.633,385.745,5258.469,45.682,54.447,0.025
MWI,2019,5060.174,5962.332,2.639,405.751,358.966,5976.584,45.092,53.132,0.024
MYS,2015,1331.616,1603.702,128.897,106.275,198.148,1176.941,112.175,135.096,10.858
MYS,2016,1419.18,1746.983,132.337,107.37,211.525,1249.698,112.052,137.934,10.449
MYS,2017,1499.659,1889.99,135.429,109.422,234.52,1372.31,110.035,138.675,9.937
MYS,2018,1561.813,2025.821,136.668,104.546,245.842,1447.451,108.832,141.165,9.523
MYS,2019,1627.534,2179.73,137.191,94.373,252.471,1510.693,107.487,143.955,9.06
NAM,2015,115.778,223.353,0.041,10.687,34.334,145.207,57.964,111.82,0.02
NAM,2016,126.412,253.145,0.041,9.489,24.586,156.879,61.36,122.877,0.02
NAM,2017,129.515,259.861,0.039,8.98,21.067,169.529,63.886,128.182,0.019
NAM,2018,128.343,255.511,0.165,9.271,20.431,178.052,65.516,130.433,0.084
NAM,2019,129.338,254.515,0.462,8.931,19.927,178.677,68.61,135.013,0.245
NER,2015,4345.938,11700.841,2.763,608.541,1244.878,5715.039,59.175,159.321,0.038
NER,2016,5036.478,12930.99,2.804,561.121,1097.261,6096.438,62.332,160.036,0.035
NER,2017,5502.292,13547.997,2.753,605.408,1217.291,6485.968,64.413,158.6,0.032
NER,2018,6057.919,14390.112,2.727,731.682,1331.255,7121.376,65.232,154.953,0.029
NER,2019,6598.45,15011.978,2.647,811.389,1475.436,7574.456,67.45,153.453,0.027
NGA,2015,94071.93,144184.438,974.116,2184.385,11927.785,95177.734,60.778,93.155,0.629
NGA,2016,106507.945,169683.047,1252.499,2354.785,12722.01,102575.422,61.021,97.215,0.718
NGA,2017,121277.656,199574.109,1612.094,3745.911,13162.222,114906.664,59.709,98.257,0.794
NGA,2018,159650.531,266693.375,2363.478,3836.1,20714.145,129112.625,58.281,97.358,0.863
NGA,2019,212750.609,367322.844,3151.385,4465.294,32550.191,145639.141,56.345,97.282,0.835
NIC,2015,294.128,722.303,24.8,26.059,75.692,347.707,56.42,138.554,4.757
NIC,2016,315.198,771.247,26.281,28.182,76.937,380.261,56.763,138.892,4.733
NIC,2017,342.872,831.369,27.4,32.942,77.925,414.279,57.104,138.46,4.563
NIC,2018,387.437,919.942,28.681,31.808,62.728,412.207,62.957,149.487,4.661
NIC,2019,420.859,967.643,29.241,28.085,44.624,414.714,68.447,157.373,4.756
NLD,2015,472.707,1324.935,5.483,24.547,128.106,690.11,67.877,190.251,0.787
NLD,2016,476.616,1360.051,6.113,24.778,117.017,708.285,66.829,190.699,0.857
NLD,2017,481.838,1385.493,6.92,25.25,123.527,738.809,65.218,187.531,0.937
NLD,2018,497.395,1444.701,7.678,26.53,131.642,774.349,64.082,186.13,0.989
NLD,2019,514.843,1511.762,8.777,27.537,142.613,810.183,63.426,186.24,1.081
NOR,2015,2063.16,6619.216,,156.378,585.149,3111.168,66.248,212.541,
NOR,2016,2150.645,6811.759,,168.592,612.24,3098.148,67.444,213.615,
NOR,2017,2239.659,6994.722,,174.649,634.737,3295.382,67.964,212.258,
NOR,2018,2371.508,7311.019,,193.943,656.36,3553.9,69.251,213.49,
NOR,2019,2515.097,7618.194,,213.309,701.294,3568.489,70.978,214.991,
NPL,2015,1082.566,4455.341,133.242,79.267,516.556,2130.15,32.273,132.822,3.972
NPL,2016,1404.145,5909.421,200.639,106.56,540.734,2253.163,33.602,141.417,4.801
NPL,2017,1327.063,5569.691,204.835,186.527,654.166,2674.493,32.599,136.82,5.032
NPL,2018,1566.113,6328.993,226.613,254.071,797.886,3044.927,34.029,137.518,4.924
NPL,2019,1875.455,7216.492,249.13,215.653,949.287,3458.793,36.106,138.929,4.796
NRU,2015,0,0,,,,0.139,0,0,
NRU,2016,0,0,,,,0.159,0,0,
NRU,2017,0,0,,,,0.168,0,0,
NRU,2018,0,0,,,,0.185,0,0,
NRU,2019,0,0,,,,0.191,0,0,
NZL,2015,187.293,398.883,,13.722,43.425,250.866,74.492,158.649,
NZL,2016,197.25,423.808,,13.94,46.73,266.002,73.397,157.699,
NZL,2017,206.477,449.192,,14.888,50.332,285.277,72.378,157.458,
NZL,2018,215.879,475.61,,16.166,54.116,297.864,71.853,158.301,
NZL,2019,227.865,507.798,,16.492,57.531,311.367,72.187,160.87,
OMN,2015,40.724,23.69,,4.004,3.393,26.3,162.222,94.368,
OMN,2016,41.285,24.422,,4.48,3.83,25.177,162.224,95.961,
OMN,2017,40.9,24.668,,3.721,3.705,27.145,171.452,103.407,
OMN,2018,43.163,26.815,,3.918,3.194,30.679,177.203,110.089,
OMN,2019,44.902,27.935,,4.423,2.401,29.349,186.262,115.878,
PAK,2015,15115.797,36220.52,1517.548,1012.831,2858.565,27443.023,37.677,90.282,3.783
PAK,2016,15337.735,36475.453,1504.557,1088.903,3006.727,29075.633,36.802,87.521,3.61
PAK,2017,16312.694,38483.016,1583.797,1577.747,3067.119,31922.303,36.069,85.089,3.502
PAK,2018,18211.039,41491.844,1806.449,1400.523,3840.421,34618.578,36.112,82.277,3.582
PAK,2019,21175.178,48045.977,2211.514,1011.972,4327.983,38558.77,36.341,82.457,3.795
PAN,2015,25.006,101.121,,2.985,18.345,54.092,37.731,152.58,
PAN,2016,27.591,115.749,,4.504,17.704,57.908,38.907,163.222,
PAN,2017,31.773,129.705,,3.671,20.797,62.203,41.456,169.237,
PAN,2018,34.876,145.508,,3.997,21.09,64.928,43.14,179.987,
PAN,2019,38.388,161.593,,4.039,20.926,66.788,45.09,189.802,
PER,2015,341.099,992.594,38.384,28.567,110.984,604.416,53.102,154.525,5.975
PER,2016,372.168,1091.061,52.397,29.439,109.466,647.668,53.494,156.826,7.531
PER,2017,390.962,1147.43,64.133,29.895,111.883,687.989,54.396,159.646,8.923
PER,2018,419.625,1232.707,75.573,32.666,120.612,729.773,54.391,159.782,9.796
PER,2019,443.73,1303.422,83.349,32.644,127.61,757.06,55.422,162.796,10.41
PHL,2015,5391.152,20823.715,1221.126,412.34,2516.692,13322.041,29.244,112.955,6.624
PHL,2016,5416.789,21400.082,1227.78,564.277,3003.956,14480.349,28.457,112.424,6.45
PHL,2017,5853.699,23461.863,1342.575,622.838,3330.791,15807.596,28.465,114.09,6.529
PHL,2018,6538.591,26570.324,1515.284,867.494,3796.365,17426.201,28.643,116.396,6.638
PHL,2019,7388.855,29747.93,1662.997,933.586,3953.507,18613.045,29.608,119.201,6.664
PLW,2015,,,,,,0.279,,,
PLW,2016,,,,,,0.297,,,
PLW,2017,,,,,,0.288,,,
PLW,2018,,,,,,0.285,,,
PLW,2019,,,,,,0.28,,,
PNG,2015,,,0.27,,,60.139,,,0.451
PNG,2016,,,0.272,,,65.038,,,0.412
PNG,2017,,,0.279,,,72.522,,,0.384
PNG,2018,,,0.29,,,79.405,,,0.372
PNG,2019,,,0.287,,,84.586,,,0.336
POL,2015,801.332,2509.759,14.346,81.59,279.893,1801.112,43.996,137.795,0.788
POL,2016,852.646,2629.286,14.05,61.122,273.933,1863.487,44.976,138.693,0.741
POL,2017,874.689,2712.979,13.662,75.216,273.602,1989.835,43.958,136.342,0.687
POL,2018,920.215,2822.946,13.695,98.652,287.895,2121.555,43.317,132.882,0.645
POL,2019,996.551,2967.224,13.678,97.915,325.774,2287.738,43.859,130.591,0.602
PRI,2015,0,0,,,,103.376,0,0,
PRI,2016,0,0,,,,104.337,0,0,
PRI,2017,0,0,,,,103.446,0,0,
PRI,2018,0,0,,,,100.979,0,0,
PRI,2019,0,0,,,,104.989,0,0,
PRT,2015,116.184,388.805,16.015,4.044,23.848,179.713,64.586,216.136,8.903
PRT,2016,116.085,388.789,15.451,2.872,26.015,186.49,62.605,209.675,8.333
PRT,2017,115.991,394.779,15.057,3.488,29.392,195.947,59.195,201.472,7.684
PRT,2018,117.453,406.994,14.792,3.796,32.152,205.184,56.607,196.152,7.129
PRT,2019,118.642,419.401,14.463,4.01,34.832,213.301,54.558,192.863,6.651
PRY,2015,105665.406,348995.031,371.593,7659.23,28904.98,188230.719,40.356,133.288,0.142
PRY,2016,114592.914,375064.719,375.291,7336.484,31709.434,204447.281,40.086,131.202,0.131
PRY,2017,119782.656,392284,368.279,9334.25,32720.223,219188.422,39.25,128.542,0.121
PRY,2018,127622.82,412269.344,363.534,8500.458,37496.836,231489.281,39.537,127.719,0.113
PRY,2019,146771.625,476086.969,391.521,12054.29,38542.734,237688.562,40.625,131.775,0.108
QAT,2015,,,,,,588.733,,,
QAT,2016,,,,,,552.305,,,
QAT,2017,,,,,,607.62,,,
QAT,2018,,,,,,696.558,,,
QAT,2019,,,,,,667.817,,,
ROU,2015,388.602,1558.384,11.985,36.912,139.738,711.93,53.609,214.983,1.653
ROU,2016,408.552,1599.997,14.452,27.927,147.671,763.652,54.184,212.197,1.917
ROU,2017,446.957,1757.005,16.938,21.962,170.292,857.896,52.099,204.804,1.974
ROU,2018,477.237,1926.51,17.828,25.334,175.146,951.728,50.508,203.891,1.887
ROU,2019,514.653,2113.318,18.917,36.351,214.08,1059.803,49.296,202.424,1.812
RUS,2015,76577.07,217270.797,856.456,3786.02,13240.54,83265.812,65.214,185.032,0.729
RUS,2016,83845.508,236014.109,1053.261,4061.79,14563.77,85799.945,65.907,185.52,0.828
RUS,2017,87403.773,244497.844,1153.461,3460.824,16611.521,92040.414,65.545,183.351,0.865
RUS,2018,92363.148,260540.641,1244.29,3360.545,17806.533,104559.039,64.146,180.945,0.864
RUS,2019,99251.109,283315.062,1392.851,3033.497,20034.623,109596.336,63.308,180.715,0.888
RWA,2015,5875.729,4194.815,138.857,656.919,817.081,6152,57.414,40.989,1.357
RWA,2016,7374.238,5568.947,191.794,702.053,1155.947,6847,58.806,44.41,1.529
RWA,2017,8260.771,6773.265,207.704,814.897,933.103,7694,60.462,49.575,1.52
RWA,2018,9117.269,7614.403,289.899,942.393,963.607,8298,59.718,49.874,1.899
RWA,2019,9771.984,8193.703,362.859,1201.89,1302.11,9313,58.776,49.283,2.183
SAU,2015,2623.606,2823.044,,351.456,380.976,2453.512,102.385,110.168,
SAU,2016,2858.921,3005.244,,269.941,361.897,2418.508,109.344,114.94,
SAU,2017,2973.663,3124.132,,287.39,344.842,2582.198,115.315,121.15,
SAU,2018,3118.36,3236.855,,301.923,316.871,2949.457,118.043,122.529,
SAU,2019,3336.857,3381.303,,277.043,379.987,2973.626,123.343,124.986,
SDN,2015,,,1.503,,,505.761,,,0.228
SDN,2016,,,1.231,,,605.409,,,0.213
SDN,2017,,,2.402,,,815.856,,,0.196
SDN,2018,,,4.842,,,1176.63,,,0.184
SDN,2019,,,4.966,,,1607.295,,,0.175
SEN,2015,7518.718,16589.9,548.466,656.877,1783.444,10508.65,49.195,108.547,3.589
SEN,2016,7730.28,17079.914,699.938,786.368,1935.743,11283.396,49.083,108.447,4.444
SEN,2017,8399.021,18436.215,882.888,829.924,2342.916,12191.796,49.152,107.89,5.167
SEN,2018,8867.407,19633.199,952.565,746.404,2638.919,12906.359,49.565,109.742,5.324
SEN,2019,9905.315,22572.354,1130.318,818.327,2975.673,13865.3,49.846,113.589,5.688
SGP,2015,216.005,751.286,,21.716,93.555,423.444,50.846,176.846,
SGP,2016,225.22,781.51,,23.969,91.84,440.218,51.866,179.973,
SGP,2017,237.166,811.211,,22.478,97.578,472.079,52.619,179.979,
SGP,2018,249.115,851.109,,21.659,94.704,503.395,53.248,181.924,
SGP,2019,261.709,892.094,,22.178,95.31,507.568,54.907,187.162,
SLB,2015,,,0,,,8.476,,,0
SLB,2016,,,0,,,8.978,,,0
SLB,2017,,,0,,,9.589,,,0
SLB,2018,,,0,,,10.386,,,0
SLB,2019,,,0,,,10.647,,,0
SLE,2015,16965.611,25156.961,817.713,1806.683,1526.88,21583.562,35.474,52.601,1.71
SLE,2016,22174.354,30955.066,1001.141,2990.783,1382.591,24296.285,36.031,50.299,1.627
SLE,2017,26742.152,33727.992,1062.261,2216.766,2748.811,27614.66,38.474,48.525,1.528
SLE,2018,36347.883,44993.258,1331.993,1607.155,2624.798,32401.627,39.307,48.656,1.44
SLE,2019,37524.852,46264.797,1379.685,1554.275,2884.626,37137.73,37.951,46.79,1.395
SLV,2015,13.825,38.882,0.179,0.588,3.09,23.438,60.223,169.381,0.778
SLV,2016,13.686,39.135,0.2,0.595,3.152,24.191,59.127,169.072,0.863
SLV,2017,14.215,41.329,0.23,0.644,3.36,24.979,58.259,169.381,0.944
SLV,2018,15.017,44.347,0.298,0.65,3.823,26.117,57.391,169.48,1.138
SLV,2019,14.829,44.772,0.37,0.666,4.142,27.023,56.445,170.415,1.409
SMR,2015,,,,,,1.279,,,
SMR,2016,,,,,,1.327,,,
SMR,2017,,,,,,1.353,,,
SMR,2018,,,,,,1.402,,,
SMR,2019,,,,,,1.431,,,
SOM,2015,0,0,,,,32375,0,0,
SOM,2016,0,0,,,,33571.41,0,0,
SOM,2017,0,0,,,,36053.07,0,0,
SOM,2018,0,0,,,,37747.297,0,0,
SOM,2019,0,0,,,,39519.16,0,0,
SRB,2015,1243.116,7568.739,11.338,114.629,617.659,4315.021,24.907,151.646,0.227
SRB,2016,1450.052,8578.445,26.44,139.45,633.052,4528.192,25.441,150.505,0.464
SRB,2017,1574.322,8949.356,39.755,133.982,710.416,4760.687,26.393,150.033,0.666
SRB,2018,1690.647,9380.061,69.232,199.441,817.229,5072.932,26.474,146.884,1.084
SRB,2019,1867.494,9882.498,118.557,266.492,951.392,5417.725,27.433,145.174,1.742
SSD,2015,99.842,69.592,,3.305,2.46,26.909,,,
SSD,2016,502.149,344.592,,12.583,8.32,150.649,,,
SSD,2017,1642.424,1106.104,,24.489,47.691,399.064,,,
SSD,2018,1094.426,744.479,,37.62,18.445,663.517,,,
SSD,2019,2663.353,1762.902,,111.975,23.003,783.637,,,
STP,2015,26.96,14.801,2.875,1.26,1.231,7.031,234.868,128.946,25.05
STP,2016,24.905,13.893,2.536,1.118,0.947,7.698,227.928,127.151,23.205
STP,2017,25.429,14.234,2.476,0.924,1.232,8.231,221.429,123.95,21.558
STP,2018,27.36,15.771,2.569,0.809,1.061,8.619,215.155,124.018,20.199
STP,2019,28.736,16.856,2.619,0.449,1.226,9.23,210.999,123.772,19.229
SUR,2015,,,,,,16.357,,,
SUR,2016,,,,,,19.489,,,
SUR,2017,,,,,,24.082,,,
SUR,2018,,,,,,25.855,,,
SUR,2019,,,,,,27.575,,,
SVK,2015,36.585,152.622,0.996,5.097,13.824,79.758,45.924,191.585,1.251
SVK,2016,39.61,154.165,0.944,2.756,14.265,81.038,49.064,190.963,1.169
SVK,2017,41.149,159.654,1.114,2.857,15.03,84.521,48.685,188.893,1.318
SVK,2018,43.015,166.621,1.286,3.356,15.404,89.606,47.89,185.504,1.432
SVK,2019,44.841,171.701,1.439,3.379,16.708,94.171,48.171,184.454,1.546
SVN,2015,24.895,86.795,0.025,1.849,5.397,38.853,64.046,223.292,0.065
SVN,2016,25.73,86.477,0.024,1.274,5.755,40.443,63.771,214.331,0.06
SVN,2017,26.249,87.457,0.024,1.312,6.567,43.009,61.03,203.345,0.055
SVN,2018,26.889,89.5,0.023,1.683,7.136,45.863,58.641,195.185,0.05
SVN,2019,27.777,91.635,0.022,1.834,7.67,48.393,57.68,190.281,0.046
SWE,2015,2978.569,8693.6,11.999,166.618,844.247,4259.121,70.541,205.89,0.284
SWE,2016,3049.2,9029.093,11.619,182.46,882.466,4406.143,69.926,207.061,0.266
SWE,2017,3185.894,9539.333,11.439,200.49,962.623,4624.096,68.898,206.296,0.247
SWE,2018,3338.214,10105.929,11.26,219.608,997.11,4830.323,68.582,207.622,0.231
SWE,2019,3474.21,10581.025,10.979,227.487,1002.024,5027.563,68.881,209.785,0.218
SWZ,2015,58.647,78.92,,3.606,2.875,51.972,88.742,119.418,
SWZ,2016,61.862,79.699,,4.712,2.495,56.496,89.852,115.76,
SWZ,2017,67.864,82.123,,4.471,3.059,59.285,91.555,110.792,
SWZ,2018,56.247,64.94,,3.297,4.847,62.474,92.072,106.302,
SWZ,2019,82.042,94.373,,2.768,4.746,66.396,93.028,107.01,
SYC,2015,29.164,48.354,0.42,0.958,5.802,18.34,171.683,284.654,2.474
SYC,2016,28.932,50.853,0.403,1.147,5.749,19.002,162.054,284.838,2.259
SYC,2017,33.302,61.236,0.446,1.212,6.813,20.806,154.213,283.566,2.066
SYC,2018,33.049,63.665,0.427,1.488,6.156,22.064,147.104,283.378,1.9
SYC,2019,31.248,61.674,0.386,1.096,6.348,23.841,140.175,276.663,1.73
SYR,2015,,,37.3,,,4524.911,,,0.168
SYR,2016,,,61.425,,,5696.999,,,0.229
SYR,2017,,,92.762,,,6572.147,,,0.319
SYR,2018,,,116.49,,,7100.793,,,0.389
SYR,2019,,,158.371,,,9121.46,,,0.432
TCD,2015,3983.176,7623.71,0,253.07,916.83,6916.77,38.018,72.765,0
TCD,2016,4892.557,9702.31,0,166.026,756.207,6158.629,40.547,80.408,0
TCD,2017,3576.759,7270.742,0,147.688,698.902,6035.358,41.889,85.151,0
TCD,2018,3291.231,6926.171,0,155.253,654.346,6316.526,41.592,87.528,0
TCD,2019,4094.73,8856.506,0,198.733,844.533,6604.192,41.268,89.26,0
TGO,2015,4854.24,3862.464,425.554,267.006,467.676,3162.835,101.401,80.683,8.889
TGO,2016,4812.219,4002.721,449.352,316.698,488.196,3574.379,94.12,78.287,8.789
TGO,2017,4982.937,4291.725,436.217,183.496,442.49,3713.574,93.805,80.793,8.212
TGO,2018,4846.341,4368.251,409.005,183.436,467.004,3961.763,90.431,81.51,7.632
TGO,2019,5105.021,4827.576,414.929,187.358,506.275,4259.581,86.942,82.217,7.067
THA,2015,13386.822,30655.982,784.97,864.905,2506.164,13743.463,80.797,185.027,4.738
THA,2016,13728.392,31356.943,827.122,929.944,2527.668,14554.569,80.395,183.629,4.844
THA,2017,14402.846,32678.377,878.714,926.119,2654.766,15451.959,79.704,180.839,4.863
THA,2018,14847.746,33592.641,931.538,958.2,2768.562,16316.417,78.666,177.98,4.935
THA,2019,15289.766,34524.93,977.072,965.034,2849.362,16828.33,78.978,178.336,5.047
TJK,2015,154.556,141.13,7.758,10.391,3.281,48.409,115.689,105.639,5.807
TJK,2016,162.247,139.219,7.622,12.812,3.927,54.479,111.524,95.696,5.239
TJK,2017,167.077,133.889,7.265,12.978,4.18,64.434,103.129,82.644,4.484
TJK,2018,131.907,99.134,5.315,10.401,4.665,71.059,100.194,75.301,4.037
TJK,2019,181.291,129.648,6.762,13.551,8.917,79.418,97.104,69.443,3.622
TKM,2015,,,,,,125.299,,,
TKM,2016,,,,,,126.593,,,
TKM,2017,,,,,,132.703,,,
TKM,2018,,,,,,142.622,,,
TKM,2019,,,,,,168.968,,,
TLS,2015,,,0,,,1.594,,,0
TLS,2016,,,0,,,1.651,,,0
TLS,2017,,,0,,,1.599,,,0
TLS,2018,,,0,,,1.56,,,0
TLS,2019,,,0.098,,,2.018,,,5.146
TON,2015,,,0.026,,,0.849,,,2.827
TON,2016,,,0.027,,,0.933,,,2.83
TON,2017,,,0.027,,,1.018,,,2.642
TON,2018,,,0.032,,,1.073,,,2.541
TON,2019,,,0.032,,,1.164,,,2.433
TTO,2015,,,,,,159.179,,,
TTO,2016,,,,,,149.294,,,
TTO,2017,,,,,,151.762,,,
TTO,2018,,,,,,160.332,,,
TTO,2019,,,,,,156.756,,,
TUN,2015,77.818,173.348,2.535,3.943,12.866,84.689,46.767,104.178,1.523
TUN,2016,80.658,180.33,2.498,4.798,12.568,89.789,46.87,104.789,1.452
TUN,2017,85.962,190.426,2.511,5.345,12.794,96.298,47.055,104.237,1.374
TUN,2018,93.18,203.5,2.559,5.912,13.642,105.268,47.009,102.666,1.291
TUN,2019,104.185,224.01,2.688,7.248,14.289,113.848,47.766,102.703,1.232
TUR,2015,941.54,5013.343,84.236,78.757,613.361,2350.942,40.617,216.27,3.634
TUR,2016,1061.449,5749.729,129.844,94.031,669.773,2626.559,41.163,222.975,5.035
TUR,2017,1262.044,6885.463,187.211,124.095,809.122,3133.704,40.273,219.723,5.974
TUR,2018,1600.037,8720.945,271.255,147.848,964.001,3758.316,41.508,226.239,7.037
TUR,2019,1932.386,10512.165,364.654,148.23,966.492,4320.2,43.399,236.093,8.19
TUV,2015,,,,,,0.047,,,
TUV,2016,,,,,,0.053,,,
TUV,2017,,,,,,0.057,,,
TUV,2018,,,,,,0.062,,,
TUV,2019,,,,,,0.068,,,
TZA,2015,83720.555,163444.359,1380.934,8880.15,22093.088,94349.312,46.169,90.135,0.762
TZA,2016,92461.469,182190.109,1429.22,10869.667,25728.566,108362.328,46.648,91.917,0.721
TZA,2017,103205.805,204223.781,1428.027,13332.764,29815.338,118744.5,47.668,94.326,0.66
TZA,2018,118184.844,233401.859,1448.639,15655.754,35946.434,129043.898,49.141,97.049,0.602
TZA,2019,133432.688,264092.688,1444.618,18058.572,42744.742,139893.797,50.797,100.538,0.55
UGA,2015,36696.645,136869.234,3828.96,5886.334,13947.319,81333.383,23.052,85.976,2.405
UGA,2016,42966.367,149484.875,3928.932,5898.78,14733.53,86950.828,25.469,88.611,2.329
UGA,2017,48898.656,161452.938,4024.839,6482.358,15661.396,97918.883,27.063,89.357,2.228
UGA,2018,60336.379,189586.062,4480.848,9039.214,18451.291,110649.305,27.797,87.342,2.064
UGA,2019,71703.352,211221.156,4723.759,10729.897,20311.443,120785.781,29.266,86.21,1.928
UKR,2015,2479.246,9805.998,20.018,46.778,222.832,1988.544,66.787,264.16,0.539
UKR,2016,2770.929,10790.757,30.248,73.313,296.307,2385.367,64.119,249.696,0.7
UKR,2017,3016.478,11533.219,37.251,98.17,372.294,2983.882,61.997,237.038,0.766
UKR,2018,3444.215,12913.052,42.213,144.351,484.729,3560.596,59.748,224.006,0.732
UKR,2019,3457.729,12661.409,45.145,154.031,563.568,3974.564,58.198,213.106,0.76
URY,2015,1022.937,1965.074,,66.426,221.632,1455.848,69.498,133.506,
URY,2016,1109.593,2175.511,,62.152,239.644,1589.195,69.597,136.454,
URY,2017,1237.866,2492.05,,57.915,223.304,1707.109,68.466,137.836,
URY,2018,1366.379,2795.058,,62.215,239.883,1831.132,67.366,137.803,
URY,2019,1512.414,3135.735,,69.923,269.605,1975.921,67.099,139.119,
USA,2015,11631.218,31299.133,,624.646,3098.332,18238.303,63.107,169.819,
USA,2016,11738.539,32173.389,,638.91,3159.508,18745.076,62.503,171.31,
USA,2017,12028.399,33526.07,,664.291,3334.84,19542.98,61.548,171.55,
USA,2018,12380.521,35101.957,,697.925,3581.089,20611.861,60.242,170.802,
USA,2019,12715.462,36715.07,,741.442,3713.499,21433.227,59.49,171.773,
UZB,2015,173134.844,192078.219,374.664,10496.014,38401.676,210183.109,36.104,40.054,0.078
UZB,2016,192905.641,238297.328,393.179,12141.25,43230.523,242495.516,34.864,43.067,0.071
UZB,2017,231621.859,312860.75,443.657,16358.208,60950.598,302536.812,34.262,46.279,0.066
UZB,2018,319329.938,473626.188,570.616,32862.609,101043.367,406648.531,33.595,49.828,0.06
UZB,2019,388402.344,623467.125,628.2,56674.969,148040.016,511838.094,33.908,54.43,0.055
VCT,2015,2.585,5.118,0,0.15,0.367,2.04,129.064,255.5,0
VCT,2016,2.462,4.846,0,0.13,0.413,2.091,129.442,254.731,0
VCT,2017,2.741,5.459,0,0.14,0.409,2.139,130.278,259.504,0
VCT,2018,2.788,5.575,0,0.13,0.419,2.191,129.397,258.756,0
VCT,2019,2.856,5.759,0,0.17,0.252,2.229,130.281,262.708,0
VEN,2015,31402.705,20401.318,22.608,1405.822,974.495,6025.33,464.475,301.754,0.334
VEN,2016,116337.328,74364.391,80.104,2831.618,1962.837,21059.373,564.875,361.076,0.389
VEN,2017,1834930,1152762.125,1232.89,24725.902,17139.637,150606.859,662.259,416.052,0.445
VEN,2018,1130322688,697360320,749183.375,18927960,2271535,79260048,805.642,497.046,0.534
VEN,2019,224164000000,133776000000,146085600,2461376000,324779680,10306909184,1215.698,725.502,0.792
VNM,2015,2231596,5822363,179465.234,298954.875,734825.062,4192862.25,40.108,104.645,3.226
VNM,2016,2295996,5839953.5,183102.281,279511.25,786648.75,4502733,41.409,105.326,3.302
VNM,2017,2522649,6373345.5,190657.219,312298.656,878176.375,5005975,42.038,106.207,3.177
VNM,2018,2800324.5,7033654,209302.672,332780.312,989125.625,5542332,42.644,107.109,3.187
VNM,2019,3141807.5,7900712,246908.312,420916.469,1199739.125,6037347.5,43.079,108.332,3.386
VUT,2015,,,1.317,,,82.798,,,1.565
VUT,2016,,,1.287,,,87.249,,,1.459
VUT,2017,,,1.279,,,94.887,,,1.348
VUT,2018,,,1.102,,,100.771,,,1.264
VUT,2019,,,1.203,,,103.59,,,1.186
WSM,2015,,,,,,2.015,,,
WSM,2016,,,,,,2.107,,,
WSM,2017,,,,,,2.106,,,
WSM,2018,,,,,,2.157,,,
WSM,2019,,,,,,2.237,,,
YEM,2015,27181.141,42245.242,424.923,375.707,582.801,5729.031,284.729,442.528,4.451
YEM,2016,29412.217,44830.379,453.421,235.047,584.062,5316.938,326.266,497.297,5.03
YEM,2017,19917.074,29922.992,304.749,32.407,772.048,5190.032,352.438,529.495,5.393
YEM,2018,7306.226,11030.401,111.711,122.432,738.335,5731.456,345.158,521.094,5.277
YEM,2019,7641.787,11888.176,115.175,75.244,964.628,6240.082,331.585,515.84,4.998
ZAF,2015,2167.062,7440.179,104.473,141.874,680.702,4049.884,44.42,152.506,2.141
ZAF,2016,2379.593,8217.289,144.012,141.809,704.744,4359.061,45.538,157.252,2.756
ZAF,2017,2485.741,8635.416,184.882,147.073,726.15,4653.579,45.949,159.625,3.418
ZAF,2018,2618.273,9139.532,207.804,145.63,740.797,4873.899,46.624,162.75,3.7
ZAF,2019,2761.406,9690.407,232.493,137.314,771.564,5077.625,47.439,166.474,3.994
ZMB,2015,71.677,323.655,7.142,10.953,59.538,180.062,32.249,145.62,3.213
ZMB,2016,94.652,431.282,13.542,8.152,70.552,221.242,34.659,157.925,4.959
ZMB,2017,106.785,512.443,19.362,13.656,81.91,246.252,35.131,168.587,6.37
ZMB,2018,128.338,622.153,22.422,23.629,74.292,282.423,36.814,178.466,6.432
ZMB,2019,152.65,686.074,24.451,26.127,80.681,297.553,41.561,186.795,6.657
ZWE,2015,,,0.188,,,19.963,,,0.666
ZWE,2016,,,0.194,,,20.549,,,0.678
ZWE,2017,,,0.191,,,22.041,,,0.631
ZWE,2018,,,0.203,,,24.312,,,0.628
ZWE,2019,,,0.208,,,21.441,,,0.71
