iso3,measure,unit_measure,year,value
AUS,PIT_R_TH,PT_WG_EARN_G,2015,49
AUS,PIT_R_TH,PT_WG_EARN_G,2016,49
AUS,PIT_R_TH,PT_WG_EARN_G,2017,49
AUS,PIT_R_TH,PT_WG_EARN_G,2018,47
AUS,PIT_R_TH,PT_WG_EARN_G,2019,47
AUS,PIT_R_TH,PT_WG_EARN_G,2020,47
AUS,PIT_R_TH,PT_WG_EARN_G,2021,47
AUS,PIT_R_TH,PT_WG_EARN_G,2022,47
AUS,PIT_R_TH,PT_WG_EARN_G,2023,47
AUS,PIT_R_TH,PT_WG_EARN_G,2024,47
AUS,PIT_R_TH,PT_WG_EARN_G,2025,47
AUS,PIT_SSC_R_TH,PT_WG_EARN_G,2015,49
AUS,PIT_SSC_R_TH,PT_WG_EARN_G,2016,49
AUS,PIT_SSC_R_TH,PT_WG_EARN_G,2017,49
AUS,PIT_SSC_R_TH,PT_WG_EARN_G,2018,47
AUS,PIT_SSC_R_TH,PT_WG_EARN_G,2019,47
AUS,PIT_SSC_R_TH,PT_WG_EARN_G,2020,47
AUS,PIT_SSC_R_TH,PT_WG_EARN_G,2021,47
AUS,PIT_SSC_R_TH,PT_WG_EARN_G,2022,47
AUS,PIT_SSC_R_TH,PT_WG_EARN_G,2023,47
AUS,PIT_SSC_R_TH,PT_WG_EARN_G,2024,47
AUS,PIT_SSC_R_TH,PT_WG_EARN_G,2025,47
AUS,TS_PIT,PT_WG_EARN_G,2015,49
AUS,TS_PIT,PT_WG_EARN_G,2016,49
AUS,TS_PIT,PT_WG_EARN_G,2017,49
AUS,TS_PIT,PT_WG_EARN_G,2018,47
AUS,TS_PIT,PT_WG_EARN_G,2019,47
AUS,TS_PIT,PT_WG_EARN_G,2020,47
AUS,TS_PIT,PT_WG_EARN_G,2021,47
AUS,TS_PIT,PT_WG_EARN_G,2022,47
AUS,TS_PIT,PT_WG_EARN_G,2023,47
AUS,TS_PIT,PT_WG_EARN_G,2024,47
AUS,TS_PIT,PT_WG_EARN_G,2025,47
AUS,TS_PIT_TH,FCTR_WG_A_SAL_A,2015,2.229938
AUS,TS_PIT_TH,FCTR_WG_A_SAL_A,2016,2.194088
AUS,TS_PIT_TH,FCTR_WG_A_SAL_A,2017,2.15994
AUS,TS_PIT_TH,FCTR_WG_A_SAL_A,2018,2.098449
AUS,TS_PIT_TH,FCTR_WG_A_SAL_A,2019,2.050567
AUS,TS_PIT_TH,FCTR_WG_A_SAL_A,2020,1.98057
AUS,TS_PIT_TH,FCTR_WG_A_SAL_A,2021,1.937535
AUS,TS_PIT_TH,FCTR_WG_A_SAL_A,2022,1.880192
AUS,TS_PIT_TH,FCTR_WG_A_SAL_A,2023,1.807861
AUS,TS_PIT_TH,FCTR_WG_A_SAL_A,2024,1.73421
AUS,TS_PIT_TH,FCTR_WG_A_SAL_A,2025,1.74835
AUS,WGE,USD_PPP,2015,54759.628412
AUS,WGE,USD_PPP,2016,56572.531222
AUS,WGE,USD_PPP,2017,56401.360899
AUS,WGE,USD_PPP,2018,58336.356379
AUS,WGE,USD_PPP,2019,60154.750863
AUS,WGE,USD_PPP,2020,63502.917893
AUS,WGE,USD_PPP,2021,66561.8652
AUS,WGE,USD_PPP,2022,70399.042695
AUS,WGE,USD_PPP,2023,72880.221091
AUS,WGE,USD_PPP,2024,75216.467626
AUS,WGE,USD_PPP,2025,78814.569407
AUS,WGE,XDC,2015,80720
AUS,WGE,XDC,2016,82039
AUS,WGE,XDC,2017,83336
AUS,WGE,XDC,2018,85777.951445
AUS,WGE,XDC,2019,87781
AUS,WGE,XDC,2020,90883
AUS,WGE,XDC,2021,92902
AUS,WGE,XDC,2022,95735
AUS,WGE,XDC,2023,99565.253115
AUS,WGE,XDC,2024,103794
AUS,WGE,XDC,2025,108674
AUT,PIT_R_TH,PT_WG_EARN_G,2015,50
AUT,PIT_R_TH,PT_WG_EARN_G,2016,55
AUT,PIT_R_TH,PT_WG_EARN_G,2017,55
AUT,PIT_R_TH,PT_WG_EARN_G,2018,55
AUT,PIT_R_TH,PT_WG_EARN_G,2019,55
AUT,PIT_R_TH,PT_WG_EARN_G,2020,55
AUT,PIT_R_TH,PT_WG_EARN_G,2021,55
AUT,PIT_R_TH,PT_WG_EARN_G,2022,55
AUT,PIT_R_TH,PT_WG_EARN_G,2023,55
AUT,PIT_R_TH,PT_WG_EARN_G,2024,55
AUT,PIT_R_TH,PT_WG_EARN_G,2025,55
AUT,PIT_SSC_R_TH,PT_WG_EARN_G,2015,50
AUT,PIT_SSC_R_TH,PT_WG_EARN_G,2016,55
AUT,PIT_SSC_R_TH,PT_WG_EARN_G,2017,55
AUT,PIT_SSC_R_TH,PT_WG_EARN_G,2018,55
AUT,PIT_SSC_R_TH,PT_WG_EARN_G,2019,55
AUT,PIT_SSC_R_TH,PT_WG_EARN_G,2020,55
AUT,PIT_SSC_R_TH,PT_WG_EARN_G,2021,55
AUT,PIT_SSC_R_TH,PT_WG_EARN_G,2022,55
AUT,PIT_SSC_R_TH,PT_WG_EARN_G,2023,55
AUT,PIT_SSC_R_TH,PT_WG_EARN_G,2024,55
AUT,PIT_SSC_R_TH,PT_WG_EARN_G,2025,55
AUT,TS_PIT,PT_WG_EARN_G,2015,50
AUT,TS_PIT,PT_WG_EARN_G,2016,55
AUT,TS_PIT,PT_WG_EARN_G,2017,55
AUT,TS_PIT,PT_WG_EARN_G,2018,55
AUT,TS_PIT,PT_WG_EARN_G,2019,55
AUT,TS_PIT,PT_WG_EARN_G,2020,55
AUT,TS_PIT,PT_WG_EARN_G,2021,55
AUT,TS_PIT,PT_WG_EARN_G,2022,55
AUT,TS_PIT,PT_WG_EARN_G,2023,55
AUT,TS_PIT,PT_WG_EARN_G,2024,55
AUT,TS_PIT,PT_WG_EARN_G,2025,55
AUT,TS_PIT_TH,FCTR_WG_A_SAL_A,2015,13.539476
AUT,TS_PIT_TH,FCTR_WG_A_SAL_A,2016,24.310926
AUT,TS_PIT_TH,FCTR_WG_A_SAL_A,2017,23.826478
AUT,TS_PIT_TH,FCTR_WG_A_SAL_A,2018,23.289873
AUT,TS_PIT_TH,FCTR_WG_A_SAL_A,2019,22.659401
AUT,TS_PIT_TH,FCTR_WG_A_SAL_A,2020,22.348941
AUT,TS_PIT_TH,FCTR_WG_A_SAL_A,2021,21.751674
AUT,TS_PIT_TH,FCTR_WG_A_SAL_A,2022,20.658344
AUT,TS_PIT_TH,FCTR_WG_A_SAL_A,2023,19.290971
AUT,TS_PIT_TH,FCTR_WG_A_SAL_A,2024,18.081621
AUT,TS_PIT_TH,FCTR_WG_A_SAL_A,2025,17.439889
AUT,WGE,USD_PPP,2015,54984.749409
AUT,WGE,USD_PPP,2016,58013.663172
AUT,WGE,USD_PPP,2017,59356.412372
AUT,WGE,USD_PPP,2018,61507.260752
AUT,WGE,USD_PPP,2019,65550.087978
AUT,WGE,USD_PPP,2020,67353.132224
AUT,WGE,USD_PPP,2021,70031.366288
AUT,WGE,USD_PPP,2022,75841.893931
AUT,WGE,USD_PPP,2023,77422.378582
AUT,WGE,USD_PPP,2024,82859.079592
AUT,WGE,USD_PPP,2025,86370.040659
AUT,WGE,XDC,2015,43910.758635
AUT,WGE,XDC,2016,45072.625003
AUT,WGE,XDC,2017,46001.738245
AUT,WGE,XDC,2018,47077.811517
AUT,WGE,XDC,2019,48397.731556
AUT,WGE,XDC,2020,49086.918379
AUT,WGE,XDC,2021,50447.06004
AUT,WGE,XDC,2022,53125.532596
AUT,WGE,XDC,2023,56927.612813
AUT,WGE,XDC,2024,60749.223137
AUT,WGE,XDC,2025,63053.950606
BEL,PIT_R_TH,PT_WG_EARN_G,2015,45.365331
BEL,PIT_R_TH,PT_WG_EARN_G,2016,46.333732
BEL,PIT_R_TH,PT_WG_EARN_G,2017,46.015648
BEL,PIT_R_TH,PT_WG_EARN_G,2018,46.015648
BEL,PIT_R_TH,PT_WG_EARN_G,2019,46.015648
BEL,PIT_R_TH,PT_WG_EARN_G,2020,46.015648
BEL,PIT_R_TH,PT_WG_EARN_G,2021,45.972401
BEL,PIT_R_TH,PT_WG_EARN_G,2022,45.972401
BEL,PIT_R_TH,PT_WG_EARN_G,2023,45.972401
BEL,PIT_R_TH,PT_WG_EARN_G,2024,45.842657
BEL,PIT_R_TH,PT_WG_EARN_G,2025,45.842657
BEL,PIT_SSC_R_TH,PT_WG_EARN_G,2015,58.435331
BEL,PIT_SSC_R_TH,PT_WG_EARN_G,2016,60.533822
BEL,PIT_SSC_R_TH,PT_WG_EARN_G,2017,60.215738
BEL,PIT_SSC_R_TH,PT_WG_EARN_G,2018,60.215738
BEL,PIT_SSC_R_TH,PT_WG_EARN_G,2019,60.215738
BEL,PIT_SSC_R_TH,PT_WG_EARN_G,2020,60.215738
BEL,PIT_SSC_R_TH,PT_WG_EARN_G,2021,60.172491
BEL,PIT_SSC_R_TH,PT_WG_EARN_G,2022,60.172143
BEL,PIT_SSC_R_TH,PT_WG_EARN_G,2023,60.172143
BEL,PIT_SSC_R_TH,PT_WG_EARN_G,2024,60.042399
BEL,PIT_SSC_R_TH,PT_WG_EARN_G,2025,60.042399
BEL,TS_PIT,PT_WG_EARN_G,2015,53.8
BEL,TS_PIT,PT_WG_EARN_G,2016,53.3
BEL,TS_PIT,PT_WG_EARN_G,2017,52.9341
BEL,TS_PIT,PT_WG_EARN_G,2018,52.9341
BEL,TS_PIT,PT_WG_EARN_G,2019,52.9341
BEL,TS_PIT,PT_WG_EARN_G,2020,52.9341
BEL,TS_PIT,PT_WG_EARN_G,2021,52.8844
BEL,TS_PIT,PT_WG_EARN_G,2022,52.8844
BEL,TS_PIT,PT_WG_EARN_G,2023,52.8844
BEL,TS_PIT,PT_WG_EARN_G,2024,52.7351
BEL,TS_PIT,PT_WG_EARN_G,2025,52.7351
BEL,TS_PIT_TH,FCTR_WG_A_SAL_A,2015,1.025977
BEL,TS_PIT_TH,FCTR_WG_A_SAL_A,2016,1.046325
BEL,TS_PIT_TH,FCTR_WG_A_SAL_A,2017,1.044424
BEL,TS_PIT_TH,FCTR_WG_A_SAL_A,2018,1.049507
BEL,TS_PIT_TH,FCTR_WG_A_SAL_A,2019,1.046545
BEL,TS_PIT_TH,FCTR_WG_A_SAL_A,2020,1.0504
BEL,TS_PIT_TH,FCTR_WG_A_SAL_A,2021,1.037233
BEL,TS_PIT_TH,FCTR_WG_A_SAL_A,2022,0.990934
BEL,TS_PIT_TH,FCTR_WG_A_SAL_A,2023,1.014585
BEL,TS_PIT_TH,FCTR_WG_A_SAL_A,2024,1.03031
BEL,TS_PIT_TH,FCTR_WG_A_SAL_A,2025,1.02899
BEL,WGE,USD_PPP,2015,58114.456304
BEL,WGE,USD_PPP,2016,59574.05605
BEL,WGE,USD_PPP,2017,61275.005603
BEL,WGE,USD_PPP,2018,63471.535202
BEL,WGE,USD_PPP,2019,67655.370985
BEL,WGE,USD_PPP,2020,70251.951183
BEL,WGE,USD_PPP,2021,71297.184415
BEL,WGE,USD_PPP,2022,77727.182284
BEL,WGE,USD_PPP,2023,80437.319271
BEL,WGE,USD_PPP,2024,84228.124966
BEL,WGE,USD_PPP,2025,87529.651577
BEL,WGE,XDC,2015,46479
BEL,WGE,XDC,2016,46528
BEL,WGE,XDC,2017,47527
BEL,WGE,XDC,2018,48645
BEL,WGE,XDC,2019,49783
BEL,WGE,XDC,2020,50312
BEL,WGE,XDC,2021,51328
BEL,WGE,XDC,2022,55038
BEL,WGE,XDC,2023,58913
BEL,WGE,XDC,2024,60370
BEL,WGE,XDC,2025,62348.173203
CAN,PIT_R_TH,PT_WG_EARN_G,2015,49.5296
CAN,PIT_R_TH,PT_WG_EARN_G,2016,53.5296
CAN,PIT_R_TH,PT_WG_EARN_G,2017,53.5296
CAN,PIT_R_TH,PT_WG_EARN_G,2018,53.5296
CAN,PIT_R_TH,PT_WG_EARN_G,2019,53.5296
CAN,PIT_R_TH,PT_WG_EARN_G,2020,53.5296
CAN,PIT_R_TH,PT_WG_EARN_G,2021,53.5296
CAN,PIT_R_TH,PT_WG_EARN_G,2022,53.5296
CAN,PIT_R_TH,PT_WG_EARN_G,2023,53.5296
CAN,PIT_R_TH,PT_WG_EARN_G,2024,53.5296
CAN,PIT_R_TH,PT_WG_EARN_G,2025,53.5296
CAN,PIT_SSC_R_TH,PT_WG_EARN_G,2015,49.5296
CAN,PIT_SSC_R_TH,PT_WG_EARN_G,2016,53.5296
CAN,PIT_SSC_R_TH,PT_WG_EARN_G,2017,53.5296
CAN,PIT_SSC_R_TH,PT_WG_EARN_G,2018,53.5296
CAN,PIT_SSC_R_TH,PT_WG_EARN_G,2019,53.5296
CAN,PIT_SSC_R_TH,PT_WG_EARN_G,2020,53.5296
CAN,PIT_SSC_R_TH,PT_WG_EARN_G,2021,53.5296
CAN,PIT_SSC_R_TH,PT_WG_EARN_G,2022,53.5296
CAN,PIT_SSC_R_TH,PT_WG_EARN_G,2023,53.5296
CAN,PIT_SSC_R_TH,PT_WG_EARN_G,2024,53.5296
CAN,PIT_SSC_R_TH,PT_WG_EARN_G,2025,53.5296
CAN,TS_PIT,PT_WG_EARN_G,2015,49.5296
CAN,TS_PIT,PT_WG_EARN_G,2016,53.5296
CAN,TS_PIT,PT_WG_EARN_G,2017,53.5296
CAN,TS_PIT,PT_WG_EARN_G,2018,53.5296
CAN,TS_PIT,PT_WG_EARN_G,2019,53.5296
CAN,TS_PIT,PT_WG_EARN_G,2020,53.5296
CAN,TS_PIT,PT_WG_EARN_G,2021,53.5296
CAN,TS_PIT,PT_WG_EARN_G,2022,53.5296
CAN,TS_PIT,PT_WG_EARN_G,2023,53.5296
CAN,TS_PIT,PT_WG_EARN_G,2024,53.5296
CAN,TS_PIT,PT_WG_EARN_G,2025,53.5296
CAN,TS_PIT_TH,FCTR_WG_A_SAL_A,2015,3.353659
CAN,TS_PIT_TH,FCTR_WG_A_SAL_A,2016,3.374233
CAN,TS_PIT_TH,FCTR_WG_A_SAL_A,2017,3.278689
CAN,TS_PIT_TH,FCTR_WG_A_SAL_A,2018,3.211679
CAN,TS_PIT_TH,FCTR_WG_A_SAL_A,2019,3.198852
CAN,TS_PIT_TH,FCTR_WG_A_SAL_A,2020,2.893114
CAN,TS_PIT_TH,FCTR_WG_A_SAL_A,2021,2.770956
CAN,TS_PIT_TH,FCTR_WG_A_SAL_A,2022,2.699502
CAN,TS_PIT_TH,FCTR_WG_A_SAL_A,2023,2.70373
CAN,TS_PIT_TH,FCTR_WG_A_SAL_A,2024,2.728347
CAN,TS_PIT_TH,FCTR_WG_A_SAL_A,2025,2.754178
CAN,WGE,USD_PPP,2015,52563.923813
CAN,WGE,USD_PPP,2016,54016.192966
CAN,WGE,USD_PPP,2017,55349.172341
CAN,WGE,USD_PPP,2018,56774.648011
CAN,WGE,USD_PPP,2019,56492.524909
CAN,WGE,USD_PPP,2020,63327.547919
CAN,WGE,USD_PPP,2021,68328.788836
CAN,WGE,USD_PPP,2022,71461.355643
CAN,WGE,USD_PPP,2023,76975.936059
CAN,WGE,USD_PPP,2024,79919.379679
CAN,WGE,USD_PPP,2025,81745.30575
CAN,WGE,XDC,2015,65600
CAN,WGE,XDC,2016,65200
CAN,WGE,XDC,2017,67100
CAN,WGE,XDC,2018,68500
CAN,WGE,XDC,2019,68800
CAN,WGE,XDC,2020,76100
CAN,WGE,XDC,2021,79500
CAN,WGE,XDC,2022,82300
CAN,WGE,XDC,2023,87400
CAN,WGE,XDC,2024,90747.338912
CAN,WGE,XDC,2025,92400.828262
CHE,PIT_R_TH,PT_WG_EARN_G,2015,36.08622
CHE,PIT_R_TH,PT_WG_EARN_G,2016,36.104972
CHE,PIT_R_TH,PT_WG_EARN_G,2017,36.067468
CHE,PIT_R_TH,PT_WG_EARN_G,2018,36.096638
CHE,PIT_R_TH,PT_WG_EARN_G,2019,36.038299
CHE,PIT_R_TH,PT_WG_EARN_G,2020,35.959127
CHE,PIT_R_TH,PT_WG_EARN_G,2021,35.894538
CHE,PIT_R_TH,PT_WG_EARN_G,2022,35.84902
CHE,PIT_R_TH,PT_WG_EARN_G,2023,36.060874
CHE,PIT_R_TH,PT_WG_EARN_G,2024,35.993572
CHE,PIT_R_TH,PT_WG_EARN_G,2025,35.972867
CHE,PIT_SSC_R_TH,PT_WG_EARN_G,2015,41.73622
CHE,PIT_SSC_R_TH,PT_WG_EARN_G,2016,41.729972
CHE,PIT_SSC_R_TH,PT_WG_EARN_G,2017,41.692468
CHE,PIT_SSC_R_TH,PT_WG_EARN_G,2018,41.721638
CHE,PIT_SSC_R_TH,PT_WG_EARN_G,2019,41.663299
CHE,PIT_SSC_R_TH,PT_WG_EARN_G,2020,41.734127
CHE,PIT_SSC_R_TH,PT_WG_EARN_G,2021,41.694538
CHE,PIT_SSC_R_TH,PT_WG_EARN_G,2022,41.64902
CHE,PIT_SSC_R_TH,PT_WG_EARN_G,2023,41.360874
CHE,PIT_SSC_R_TH,PT_WG_EARN_G,2024,41.293572
CHE,PIT_SSC_R_TH,PT_WG_EARN_G,2025,41.272867
CHE,TS_PIT,PT_WG_EARN_G,2015,41.67
CHE,TS_PIT,PT_WG_EARN_G,2016,41.67
CHE,TS_PIT,PT_WG_EARN_G,2017,41.67
CHE,TS_PIT,PT_WG_EARN_G,2018,41.67
CHE,TS_PIT,PT_WG_EARN_G,2019,41.67
CHE,TS_PIT,PT_WG_EARN_G,2020,41.67
CHE,TS_PIT,PT_WG_EARN_G,2021,41.67
CHE,TS_PIT,PT_WG_EARN_G,2022,41.54
CHE,TS_PIT,PT_WG_EARN_G,2023,41.54
CHE,TS_PIT,PT_WG_EARN_G,2024,41.41
CHE,TS_PIT,PT_WG_EARN_G,2025,41.41
CHE,TS_PIT_TH,FCTR_WG_A_SAL_A,2015,3.474337
CHE,TS_PIT_TH,FCTR_WG_A_SAL_A,2016,3.371824
CHE,TS_PIT_TH,FCTR_WG_A_SAL_A,2017,3.357612
CHE,TS_PIT_TH,FCTR_WG_A_SAL_A,2018,3.318929
CHE,TS_PIT_TH,FCTR_WG_A_SAL_A,2019,3.268144
CHE,TS_PIT_TH,FCTR_WG_A_SAL_A,2020,3.216664
CHE,TS_PIT_TH,FCTR_WG_A_SAL_A,2021,3.096507
CHE,TS_PIT_TH,FCTR_WG_A_SAL_A,2022,3.137307
CHE,TS_PIT_TH,FCTR_WG_A_SAL_A,2023,3.083848
CHE,TS_PIT_TH,FCTR_WG_A_SAL_A,2024,3.10415
CHE,TS_PIT_TH,FCTR_WG_A_SAL_A,2025,3.08328
CHE,WGE,USD_PPP,2015,70037.363631
CHE,WGE,USD_PPP,2016,74178.576038
CHE,WGE,USD_PPP,2017,75385.431543
CHE,WGE,USD_PPP,2018,76853.537457
CHE,WGE,USD_PPP,2019,81223.652255
CHE,WGE,USD_PPP,2020,84920.486632
CHE,WGE,USD_PPP,2021,92380.686132
CHE,WGE,USD_PPP,2022,97455.397323
CHE,WGE,USD_PPP,2023,97628.163109
CHE,WGE,USD_PPP,2024,102792.77285
CHE,WGE,USD_PPP,2025,106532.018096
CHE,WGE,XDC,2015,86528.110538
CHE,WGE,XDC,2016,89160
CHE,WGE,XDC,2017,89622.669331
CHE,WGE,XDC,2018,90600
CHE,WGE,XDC,2019,92138.722748
CHE,WGE,XDC,2020,93816
CHE,WGE,XDC,2021,97619.760574
CHE,WGE,XDC,2022,96180
CHE,WGE,XDC,2023,97531.810848
CHE,WGE,XDC,2024,100006.008457
CHE,WGE,XDC,2025,100714.666477
CHL,PIT_R_TH,PT_WG_EARN_G,2015,40
CHL,PIT_R_TH,PT_WG_EARN_G,2016,40
CHL,PIT_R_TH,PT_WG_EARN_G,2017,35
CHL,PIT_R_TH,PT_WG_EARN_G,2018,35
CHL,PIT_R_TH,PT_WG_EARN_G,2019,35
CHL,PIT_R_TH,PT_WG_EARN_G,2020,35
CHL,PIT_R_TH,PT_WG_EARN_G,2021,39.999999
CHL,PIT_R_TH,PT_WG_EARN_G,2022,40.000001
CHL,PIT_R_TH,PT_WG_EARN_G,2023,39.999998
CHL,PIT_R_TH,PT_WG_EARN_G,2024,39.999999
CHL,PIT_R_TH,PT_WG_EARN_G,2025,39.999999
CHL,PIT_SSC_R_TH,PT_WG_EARN_G,2015,40
CHL,PIT_SSC_R_TH,PT_WG_EARN_G,2016,40
CHL,PIT_SSC_R_TH,PT_WG_EARN_G,2017,35
CHL,PIT_SSC_R_TH,PT_WG_EARN_G,2018,35
CHL,PIT_SSC_R_TH,PT_WG_EARN_G,2019,35
CHL,PIT_SSC_R_TH,PT_WG_EARN_G,2020,35
CHL,PIT_SSC_R_TH,PT_WG_EARN_G,2021,39.999999
CHL,PIT_SSC_R_TH,PT_WG_EARN_G,2022,40.000001
CHL,PIT_SSC_R_TH,PT_WG_EARN_G,2023,39.999998
CHL,PIT_SSC_R_TH,PT_WG_EARN_G,2024,39.999999
CHL,PIT_SSC_R_TH,PT_WG_EARN_G,2025,39.999999
CHL,TS_PIT,PT_WG_EARN_G,2015,40
CHL,TS_PIT,PT_WG_EARN_G,2016,40
CHL,TS_PIT,PT_WG_EARN_G,2017,35
CHL,TS_PIT,PT_WG_EARN_G,2018,35
CHL,TS_PIT,PT_WG_EARN_G,2019,35
CHL,TS_PIT,PT_WG_EARN_G,2020,35
CHL,TS_PIT,PT_WG_EARN_G,2021,39.999999
CHL,TS_PIT,PT_WG_EARN_G,2022,40.000001
CHL,TS_PIT,PT_WG_EARN_G,2023,39.999998
CHL,TS_PIT,PT_WG_EARN_G,2024,39.999999
CHL,TS_PIT,PT_WG_EARN_G,2025,39.999999
CHL,TS_PIT_TH,FCTR_WG_A_SAL_A,2015,10.035255
CHL,TS_PIT_TH,FCTR_WG_A_SAL_A,2016,9.754696
CHL,TS_PIT_TH,FCTR_WG_A_SAL_A,2017,7.727266
CHL,TS_PIT_TH,FCTR_WG_A_SAL_A,2018,7.705428
CHL,TS_PIT_TH,FCTR_WG_A_SAL_A,2019,7.621059
CHL,TS_PIT_TH,FCTR_WG_A_SAL_A,2020,7.658949
CHL,TS_PIT_TH,FCTR_WG_A_SAL_A,2021,19.187084
CHL,TS_PIT_TH,FCTR_WG_A_SAL_A,2022,19.719908
CHL,TS_PIT_TH,FCTR_WG_A_SAL_A,2023,19.529906
CHL,TS_PIT_TH,FCTR_WG_A_SAL_A,2024,19.294607
CHL,TS_PIT_TH,FCTR_WG_A_SAL_A,2025,18.576002
CHL,WGE,USD_PPP,2015,21671.96052
CHL,WGE,USD_PPP,2016,22594.836018
CHL,WGE,USD_PPP,2017,23507.028261
CHL,WGE,USD_PPP,2018,24403.357431
CHL,WGE,USD_PPP,2019,25252.507574
CHL,WGE,USD_PPP,2020,25088.188592
CHL,WGE,USD_PPP,2021,25515.790176
CHL,WGE,USD_PPP,2022,27148.070567
CHL,WGE,USD_PPP,2023,28771.324764
CHL,WGE,USD_PPP,2024,29326.439453
CHL,WGE,USD_PPP,2025,30500.794023
CHL,WGE,XDC,2015,8481551
CHL,WGE,XDC,2016,8975814.5015
CHL,WGE,XDC,2017,9348496
CHL,WGE,XDC,2018,9669328
CHL,WGE,XDC,2019,10042276
CHL,WGE,XDC,2020,10282188
CHL,WGE,XDC,2021,10793531
CHL,WGE,XDC,2022,11850890
CHL,WGE,XDC,2023,12575914
CHL,WGE,XDC,2024,13349540
CHL,WGE,XDC,2025,14201852
COL,PIT_R_TH,PT_WG_EARN_G,2015,22.275
COL,PIT_R_TH,PT_WG_EARN_G,2016,22.275
COL,PIT_R_TH,PT_WG_EARN_G,2017,22.275
COL,PIT_R_TH,PT_WG_EARN_G,2018,22.274999
COL,PIT_R_TH,PT_WG_EARN_G,2019,38.999999
COL,PIT_R_TH,PT_WG_EARN_G,2020,39.000005
COL,PIT_R_TH,PT_WG_EARN_G,2021,39.000005
COL,PIT_R_TH,PT_WG_EARN_G,2022,38.999999
COL,PIT_R_TH,PT_WG_EARN_G,2023,38.999999
COL,PIT_R_TH,PT_WG_EARN_G,2024,39.000005
COL,PIT_R_TH,PT_WG_EARN_G,2025,38.999999
COL,PIT_SSC_R_TH,PT_WG_EARN_G,2015,22.275
COL,PIT_SSC_R_TH,PT_WG_EARN_G,2016,22.275
COL,PIT_SSC_R_TH,PT_WG_EARN_G,2017,22.275
COL,PIT_SSC_R_TH,PT_WG_EARN_G,2018,22.274999
COL,PIT_SSC_R_TH,PT_WG_EARN_G,2019,38.999999
COL,PIT_SSC_R_TH,PT_WG_EARN_G,2020,39.000005
COL,PIT_SSC_R_TH,PT_WG_EARN_G,2021,39.000005
COL,PIT_SSC_R_TH,PT_WG_EARN_G,2022,38.999999
COL,PIT_SSC_R_TH,PT_WG_EARN_G,2023,38.999999
COL,PIT_SSC_R_TH,PT_WG_EARN_G,2024,39.000005
COL,PIT_SSC_R_TH,PT_WG_EARN_G,2025,38.999999
COL,TS_PIT,PT_WG_EARN_G,2015,33
COL,TS_PIT,PT_WG_EARN_G,2016,33
COL,TS_PIT,PT_WG_EARN_G,2017,33
COL,TS_PIT,PT_WG_EARN_G,2018,33
COL,TS_PIT,PT_WG_EARN_G,2019,38.999999
COL,TS_PIT,PT_WG_EARN_G,2020,39.000005
COL,TS_PIT,PT_WG_EARN_G,2021,39.000005
COL,TS_PIT,PT_WG_EARN_G,2022,38.999999
COL,TS_PIT,PT_WG_EARN_G,2023,38.999999
COL,TS_PIT,PT_WG_EARN_G,2024,39.000005
COL,TS_PIT,PT_WG_EARN_G,2025,38.999999
COL,TS_PIT_TH,FCTR_WG_A_SAL_A,2015,11.369485
COL,TS_PIT_TH,FCTR_WG_A_SAL_A,2016,11.492163
COL,TS_PIT_TH,FCTR_WG_A_SAL_A,2017,11.615895
COL,TS_PIT_TH,FCTR_WG_A_SAL_A,2018,11.452119
COL,TS_PIT_TH,FCTR_WG_A_SAL_A,2019,64.10572
COL,TS_PIT_TH,FCTR_WG_A_SAL_A,2020,68.894177
COL,TS_PIT_TH,FCTR_WG_A_SAL_A,2021,65.985844
COL,TS_PIT_TH,FCTR_WG_A_SAL_A,2022,56.138153
COL,TS_PIT_TH,FCTR_WG_A_SAL_A,2023,51.021979
COL,TS_PIT_TH,FCTR_WG_A_SAL_A,2024,52.319361
COL,TS_PIT_TH,FCTR_WG_A_SAL_A,2025,51.543977
COL,WGE,USD_PPP,2015,11717.682953
COL,WGE,USD_PPP,2016,12113.944908
COL,WGE,USD_PPP,2017,12544.586914
COL,WGE,USD_PPP,2018,13300.668435
COL,WGE,USD_PPP,2019,14093.305642
COL,WGE,USD_PPP,2020,14080.454674
COL,WGE,USD_PPP,2021,14216.805623
COL,WGE,USD_PPP,2022,17083.292916
COL,WGE,USD_PPP,2023,18746.794872
COL,WGE,USD_PPP,2024,19559.969539
COL,WGE,USD_PPP,2025,20533.858314
COL,WGE,XDC,2015,15107886
COL,WGE,XDC,2016,15725628
COL,WGE,XDC,2017,16659420
COL,WGE,XDC,2018,17585619
COL,WGE,XDC,2019,18499302
COL,WGE,XDC,2020,17892648
COL,WGE,XDC,2021,19055160
COL,WGE,XDC,2022,23470233
COL,WGE,XDC,2023,27107484
COL,WGE,XDC,2024,29342796
COL,WGE,XDC,2025,31542293
CRI,PIT_R_TH,PT_WG_EARN_G,2015,13.846154
CRI,PIT_R_TH,PT_WG_EARN_G,2016,13.767123
CRI,PIT_R_TH,PT_WG_EARN_G,2017,13.767123
CRI,PIT_R_TH,PT_WG_EARN_G,2018,13.767123
CRI,PIT_R_TH,PT_WG_EARN_G,2019,16.061644
CRI,PIT_R_TH,PT_WG_EARN_G,2020,22.945205
CRI,PIT_R_TH,PT_WG_EARN_G,2021,23.076923
CRI,PIT_R_TH,PT_WG_EARN_G,2022,23.076923
CRI,PIT_R_TH,PT_WG_EARN_G,2023,23.076923
CRI,PIT_R_TH,PT_WG_EARN_G,2024,23.076923
CRI,PIT_R_TH,PT_WG_EARN_G,2025,23.076923
CRI,PIT_SSC_R_TH,PT_WG_EARN_G,2015,22.467692
CRI,PIT_SSC_R_TH,PT_WG_EARN_G,2016,23.107123
CRI,PIT_SSC_R_TH,PT_WG_EARN_G,2017,23.607123
CRI,PIT_SSC_R_TH,PT_WG_EARN_G,2018,24.107123
CRI,PIT_SSC_R_TH,PT_WG_EARN_G,2019,26.401644
CRI,PIT_SSC_R_TH,PT_WG_EARN_G,2020,33.445205
CRI,PIT_SSC_R_TH,PT_WG_EARN_G,2021,32.769231
CRI,PIT_SSC_R_TH,PT_WG_EARN_G,2022,32.769231
CRI,PIT_SSC_R_TH,PT_WG_EARN_G,2023,32.926154
CRI,PIT_SSC_R_TH,PT_WG_EARN_G,2024,32.926154
CRI,PIT_SSC_R_TH,PT_WG_EARN_G,2025,32.926154
CRI,TS_PIT,PT_WG_EARN_G,2015,15
CRI,TS_PIT,PT_WG_EARN_G,2016,15
CRI,TS_PIT,PT_WG_EARN_G,2017,15
CRI,TS_PIT,PT_WG_EARN_G,2018,15
CRI,TS_PIT,PT_WG_EARN_G,2019,17.5
CRI,TS_PIT,PT_WG_EARN_G,2020,25
CRI,TS_PIT,PT_WG_EARN_G,2021,25
CRI,TS_PIT,PT_WG_EARN_G,2022,25
CRI,TS_PIT,PT_WG_EARN_G,2023,25
CRI,TS_PIT,PT_WG_EARN_G,2024,25
CRI,TS_PIT,PT_WG_EARN_G,2025,25
CRI,TS_PIT_TH,FCTR_WG_A_SAL_A,2015,1.981938
CRI,TS_PIT_TH,FCTR_WG_A_SAL_A,2016,2.026157
CRI,TS_PIT_TH,FCTR_WG_A_SAL_A,2017,1.973903
CRI,TS_PIT_TH,FCTR_WG_A_SAL_A,2018,1.976605
CRI,TS_PIT_TH,FCTR_WG_A_SAL_A,2019,6.665202
CRI,TS_PIT_TH,FCTR_WG_A_SAL_A,2020,6.81783
CRI,TS_PIT_TH,FCTR_WG_A_SAL_A,2021,5.940131
CRI,TS_PIT_TH,FCTR_WG_A_SAL_A,2022,5.995148
CRI,TS_PIT_TH,FCTR_WG_A_SAL_A,2023,6.482258
CRI,TS_PIT_TH,FCTR_WG_A_SAL_A,2024,6.300921
CRI,TS_PIT_TH,FCTR_WG_A_SAL_A,2025,5.965382
CRI,WGE,USD_PPP,2015,22051.65591
CRI,WGE,USD_PPP,2016,24068.933042
CRI,WGE,USD_PPP,2017,24999.881704
CRI,WGE,USD_PPP,2018,25427.290638
CRI,WGE,USD_PPP,2019,27561.814627
CRI,WGE,USD_PPP,2020,27392.11523
CRI,WGE,USD_PPP,2021,28407.693986
CRI,WGE,USD_PPP,2022,28337.984821
CRI,WGE,USD_PPP,2023,29595.655904
CRI,WGE,USD_PPP,2024,30985.406817
CRI,WGE,USD_PPP,2025,33482.134944
CRI,WGE,XDC,2015,7805491.748214
CRI,WGE,XDC,2016,7620897.016732
CRI,WGE,XDC,2017,7869006.195755
CRI,WGE,XDC,2018,7931012.996671
CRI,WGE,XDC,2019,8248632.710474
CRI,WGE,XDC,2020,8294100
CRI,WGE,XDC,2021,9491541.114081
CRI,WGE,XDC,2022,9638627.786667
CRI,WGE,XDC,2023,9716521.23
CRI,WGE,XDC,2024,9868240.651679
CRI,WGE,XDC,2025,10340494.45
CZE,PIT_R_TH,PT_WG_EARN_G,2015,0
CZE,PIT_R_TH,PT_WG_EARN_G,2016,0
CZE,PIT_R_TH,PT_WG_EARN_G,2017,0
CZE,PIT_R_TH,PT_WG_EARN_G,2018,0
CZE,PIT_R_TH,PT_WG_EARN_G,2019,0
CZE,PIT_R_TH,PT_WG_EARN_G,2020,0
CZE,PIT_R_TH,PT_WG_EARN_G,2021,23
CZE,PIT_R_TH,PT_WG_EARN_G,2022,23
CZE,PIT_R_TH,PT_WG_EARN_G,2023,23
CZE,PIT_R_TH,PT_WG_EARN_G,2024,23
CZE,PIT_R_TH,PT_WG_EARN_G,2025,23
CZE,PIT_SSC_R_TH,PT_WG_EARN_G,2015,11
CZE,PIT_SSC_R_TH,PT_WG_EARN_G,2016,11
CZE,PIT_SSC_R_TH,PT_WG_EARN_G,2017,11
CZE,PIT_SSC_R_TH,PT_WG_EARN_G,2018,11
CZE,PIT_SSC_R_TH,PT_WG_EARN_G,2019,11
CZE,PIT_SSC_R_TH,PT_WG_EARN_G,2020,11
CZE,PIT_SSC_R_TH,PT_WG_EARN_G,2021,27.5
CZE,PIT_SSC_R_TH,PT_WG_EARN_G,2022,27.5
CZE,PIT_SSC_R_TH,PT_WG_EARN_G,2023,27.5
CZE,PIT_SSC_R_TH,PT_WG_EARN_G,2024,34.6
CZE,PIT_SSC_R_TH,PT_WG_EARN_G,2025,34.6
CZE,TS_PIT,PT_WG_EARN_G,2015,15
CZE,TS_PIT,PT_WG_EARN_G,2016,15
CZE,TS_PIT,PT_WG_EARN_G,2017,15
CZE,TS_PIT,PT_WG_EARN_G,2018,15
CZE,TS_PIT,PT_WG_EARN_G,2019,15
CZE,TS_PIT,PT_WG_EARN_G,2020,15
CZE,TS_PIT,PT_WG_EARN_G,2021,23
CZE,TS_PIT,PT_WG_EARN_G,2022,23
CZE,TS_PIT,PT_WG_EARN_G,2023,23
CZE,TS_PIT,PT_WG_EARN_G,2024,23
CZE,TS_PIT,PT_WG_EARN_G,2025,23
CZE,TS_PIT_TH,FCTR_WG_A_SAL_A,2015,3E-06
CZE,TS_PIT_TH,FCTR_WG_A_SAL_A,2016,3E-06
CZE,TS_PIT_TH,FCTR_WG_A_SAL_A,2017,3E-06
CZE,TS_PIT_TH,FCTR_WG_A_SAL_A,2018,3E-06
CZE,TS_PIT_TH,FCTR_WG_A_SAL_A,2019,2E-06
CZE,TS_PIT_TH,FCTR_WG_A_SAL_A,2020,2E-06
CZE,TS_PIT_TH,FCTR_WG_A_SAL_A,2021,3.810768
CZE,TS_PIT_TH,FCTR_WG_A_SAL_A,2022,3.89416
CZE,TS_PIT_TH,FCTR_WG_A_SAL_A,2023,3.733828
CZE,TS_PIT_TH,FCTR_WG_A_SAL_A,2024,2.872461
CZE,TS_PIT_TH,FCTR_WG_A_SAL_A,2025,2.866303
CZE,WGE,USD_PPP,2015,24814.238412
CZE,WGE,USD_PPP,2016,26605.985328
CZE,WGE,USD_PPP,2017,28659.830532
CZE,WGE,USD_PPP,2018,30953.977302
CZE,WGE,USD_PPP,2019,33939.362249
CZE,WGE,USD_PPP,2020,34858.082523
CZE,WGE,USD_PPP,2021,35536.928875
CZE,WGE,USD_PPP,2022,37544.175667
CZE,WGE,USD_PPP,2023,39338.998252
CZE,WGE,USD_PPP,2024,42522.009778
CZE,WGE,USD_PPP,2025,45133.279468
CZE,WGE,XDC,2015,320960
CZE,WGE,XDC,2016,334606
CZE,WGE,XDC,2017,356098
CZE,WGE,XDC,2018,382948
CZE,WGE,XDC,2019,410579
CZE,WGE,XDC,2020,423535
CZE,WGE,XDC,2021,446411
CZE,WGE,XDC,2022,479623
CZE,WGE,XDC,2023,518383
CZE,WGE,XDC,2024,551030
CZE,WGE,XDC,2025,584743.637889
DEU,PIT_R_TH,PT_WG_EARN_G,2015,47.475
DEU,PIT_R_TH,PT_WG_EARN_G,2016,47.475
DEU,PIT_R_TH,PT_WG_EARN_G,2017,47.475
DEU,PIT_R_TH,PT_WG_EARN_G,2018,47.475
DEU,PIT_R_TH,PT_WG_EARN_G,2019,47.475
DEU,PIT_R_TH,PT_WG_EARN_G,2020,47.475
DEU,PIT_R_TH,PT_WG_EARN_G,2021,47.475
DEU,PIT_R_TH,PT_WG_EARN_G,2022,47.475
DEU,PIT_R_TH,PT_WG_EARN_G,2023,47.475
DEU,PIT_R_TH,PT_WG_EARN_G,2024,47.475
DEU,PIT_R_TH,PT_WG_EARN_G,2025,47.475
DEU,PIT_SSC_R_TH,PT_WG_EARN_G,2015,47.475
DEU,PIT_SSC_R_TH,PT_WG_EARN_G,2016,47.475
DEU,PIT_SSC_R_TH,PT_WG_EARN_G,2017,47.475
DEU,PIT_SSC_R_TH,PT_WG_EARN_G,2018,47.475
DEU,PIT_SSC_R_TH,PT_WG_EARN_G,2019,47.475
DEU,PIT_SSC_R_TH,PT_WG_EARN_G,2020,47.475
DEU,PIT_SSC_R_TH,PT_WG_EARN_G,2021,47.475
DEU,PIT_SSC_R_TH,PT_WG_EARN_G,2022,47.475
DEU,PIT_SSC_R_TH,PT_WG_EARN_G,2023,47.475
DEU,PIT_SSC_R_TH,PT_WG_EARN_G,2024,47.475
DEU,PIT_SSC_R_TH,PT_WG_EARN_G,2025,47.475
DEU,TS_PIT,PT_WG_EARN_G,2015,47.475
DEU,TS_PIT,PT_WG_EARN_G,2016,47.475
DEU,TS_PIT,PT_WG_EARN_G,2017,47.475
DEU,TS_PIT,PT_WG_EARN_G,2018,47.475
DEU,TS_PIT,PT_WG_EARN_G,2019,47.475
DEU,TS_PIT,PT_WG_EARN_G,2020,47.475
DEU,TS_PIT,PT_WG_EARN_G,2021,47.475
DEU,TS_PIT,PT_WG_EARN_G,2022,47.475
DEU,TS_PIT,PT_WG_EARN_G,2023,47.475
DEU,TS_PIT,PT_WG_EARN_G,2024,47.475
DEU,TS_PIT,PT_WG_EARN_G,2025,47.475
DEU,TS_PIT_TH,FCTR_WG_A_SAL_A,2015,5.529533
DEU,TS_PIT_TH,FCTR_WG_A_SAL_A,2016,5.504366
DEU,TS_PIT_TH,FCTR_WG_A_SAL_A,2017,5.464008
DEU,TS_PIT_TH,FCTR_WG_A_SAL_A,2018,5.390284
DEU,TS_PIT_TH,FCTR_WG_A_SAL_A,2019,5.348707
DEU,TS_PIT_TH,FCTR_WG_A_SAL_A,2020,5.547725
DEU,TS_PIT_TH,FCTR_WG_A_SAL_A,2021,5.450095
DEU,TS_PIT_TH,FCTR_WG_A_SAL_A,2022,5.075538
DEU,TS_PIT_TH,FCTR_WG_A_SAL_A,2023,4.867634
DEU,TS_PIT_TH,FCTR_WG_A_SAL_A,2024,4.6366
DEU,TS_PIT_TH,FCTR_WG_A_SAL_A,2025,4.424168
DEU,WGE,USD_PPP,2015,60546.598338
DEU,WGE,USD_PPP,2016,63911.097065
DEU,WGE,USD_PPP,2017,65656.734684
DEU,WGE,USD_PPP,2018,68570.482675
DEU,WGE,USD_PPP,2019,72170.469525
DEU,WGE,USD_PPP,2020,72152.518983
DEU,WGE,USD_PPP,2021,74713.792157
DEU,WGE,USD_PPP,2022,82188.23878
DEU,WGE,USD_PPP,2023,83208.87093
DEU,WGE,USD_PPP,2024,89093.909096
DEU,WGE,USD_PPP,2025,93985.110174
DEU,WGE,XDC,2015,47100
DEU,WGE,XDC,2016,48100
DEU,WGE,XDC,2017,48900
DEU,WGE,XDC,2018,50430
DEU,WGE,XDC,2019,51800
DEU,WGE,XDC,2020,51000
DEU,WGE,XDC,2021,52800
DEU,WGE,XDC,2022,57374
DEU,WGE,XDC,2023,60428
DEU,WGE,XDC,2024,63528
DEU,WGE,XDC,2025,66700.043591
DNK,PIT_R_TH,PT_WG_EARN_G,2015,55.794
DNK,PIT_R_TH,PT_WG_EARN_G,2016,55.794
DNK,PIT_R_TH,PT_WG_EARN_G,2017,55.794
DNK,PIT_R_TH,PT_WG_EARN_G,2018,55.8584
DNK,PIT_R_TH,PT_WG_EARN_G,2019,55.886
DNK,PIT_R_TH,PT_WG_EARN_G,2020,55.8952
DNK,PIT_R_TH,PT_WG_EARN_G,2021,55.8952
DNK,PIT_R_TH,PT_WG_EARN_G,2022,55.9044
DNK,PIT_R_TH,PT_WG_EARN_G,2023,55.9044
DNK,PIT_R_TH,PT_WG_EARN_G,2024,55.9044
DNK,PIT_R_TH,PT_WG_EARN_G,2025,55.9044
DNK,PIT_SSC_R_TH,PT_WG_EARN_G,2015,55.794
DNK,PIT_SSC_R_TH,PT_WG_EARN_G,2016,55.794
DNK,PIT_SSC_R_TH,PT_WG_EARN_G,2017,55.794
DNK,PIT_SSC_R_TH,PT_WG_EARN_G,2018,55.8584
DNK,PIT_SSC_R_TH,PT_WG_EARN_G,2019,55.886
DNK,PIT_SSC_R_TH,PT_WG_EARN_G,2020,55.8952
DNK,PIT_SSC_R_TH,PT_WG_EARN_G,2021,55.8952
DNK,PIT_SSC_R_TH,PT_WG_EARN_G,2022,55.9044
DNK,PIT_SSC_R_TH,PT_WG_EARN_G,2023,55.9044
DNK,PIT_SSC_R_TH,PT_WG_EARN_G,2024,55.9044
DNK,PIT_SSC_R_TH,PT_WG_EARN_G,2025,55.9044
DNK,TS_PIT,PT_WG_EARN_G,2015,55.794
DNK,TS_PIT,PT_WG_EARN_G,2016,55.794
DNK,TS_PIT,PT_WG_EARN_G,2017,55.794
DNK,TS_PIT,PT_WG_EARN_G,2018,55.8584
DNK,TS_PIT,PT_WG_EARN_G,2019,55.886
DNK,TS_PIT,PT_WG_EARN_G,2020,55.8952
DNK,TS_PIT,PT_WG_EARN_G,2021,55.8952
DNK,TS_PIT,PT_WG_EARN_G,2022,55.9044
DNK,TS_PIT,PT_WG_EARN_G,2023,55.9044
DNK,TS_PIT,PT_WG_EARN_G,2024,55.9044
DNK,TS_PIT,PT_WG_EARN_G,2025,55.9044
DNK,TS_PIT_TH,FCTR_WG_A_SAL_A,2015,1.236698
DNK,TS_PIT_TH,FCTR_WG_A_SAL_A,2016,1.249225
DNK,TS_PIT_TH,FCTR_WG_A_SAL_A,2017,1.265165
DNK,TS_PIT_TH,FCTR_WG_A_SAL_A,2018,1.287778
DNK,TS_PIT_TH,FCTR_WG_A_SAL_A,2019,1.290873
DNK,TS_PIT_TH,FCTR_WG_A_SAL_A,2020,1.31176
DNK,TS_PIT_TH,FCTR_WG_A_SAL_A,2021,1.3107
DNK,TS_PIT_TH,FCTR_WG_A_SAL_A,2022,1.279386
DNK,TS_PIT_TH,FCTR_WG_A_SAL_A,2023,1.26301
DNK,TS_PIT_TH,FCTR_WG_A_SAL_A,2024,1.22791
DNK,TS_PIT_TH,FCTR_WG_A_SAL_A,2025,1.238198
DNK,WGE,USD_PPP,2015,55261.95481
DNK,WGE,USD_PPP,2016,57430.542684
DNK,WGE,USD_PPP,2017,59962.784943
DNK,WGE,USD_PPP,2018,62237.685513
DNK,WGE,USD_PPP,2019,66117.182885
DNK,WGE,USD_PPP,2020,69127.42672
DNK,WGE,USD_PPP,2021,71848.077292
DNK,WGE,USD_PPP,2022,75404.461661
DNK,WGE,USD_PPP,2023,76547.494766
DNK,WGE,USD_PPP,2024,83674.652011
DNK,WGE,USD_PPP,2025,88453.705523
DNK,WGE,XDC,2015,403600
DNK,WGE,XDC,2016,406600
DNK,WGE,XDC,2017,412045
DNK,WGE,XDC,2018,421100
DNK,WGE,XDC,2019,432300
DNK,WGE,XDC,2020,440000
DNK,WGE,XDC,2021,451800
DNK,WGE,XDC,2022,469400
DNK,WGE,XDC,2023,489600
DNK,WGE,XDC,2024,521300
DNK,WGE,XDC,2025,537071.115052
ESP,PIT_R_TH,PT_WG_EARN_G,2015,45
ESP,PIT_R_TH,PT_WG_EARN_G,2016,45
ESP,PIT_R_TH,PT_WG_EARN_G,2017,43.5
ESP,PIT_R_TH,PT_WG_EARN_G,2018,43.5
ESP,PIT_R_TH,PT_WG_EARN_G,2019,43.5
ESP,PIT_R_TH,PT_WG_EARN_G,2020,43.5
ESP,PIT_R_TH,PT_WG_EARN_G,2021,49.038565
ESP,PIT_R_TH,PT_WG_EARN_G,2022,48.573128
ESP,PIT_R_TH,PT_WG_EARN_G,2023,48.571793
ESP,PIT_R_TH,PT_WG_EARN_G,2024,48.571793
ESP,PIT_R_TH,PT_WG_EARN_G,2025,48.575712
ESP,PIT_SSC_R_TH,PT_WG_EARN_G,2015,45
ESP,PIT_SSC_R_TH,PT_WG_EARN_G,2016,45
ESP,PIT_SSC_R_TH,PT_WG_EARN_G,2017,43.5
ESP,PIT_SSC_R_TH,PT_WG_EARN_G,2018,43.5
ESP,PIT_SSC_R_TH,PT_WG_EARN_G,2019,43.5
ESP,PIT_SSC_R_TH,PT_WG_EARN_G,2020,43.5
ESP,PIT_SSC_R_TH,PT_WG_EARN_G,2021,49.038565
ESP,PIT_SSC_R_TH,PT_WG_EARN_G,2022,48.573128
ESP,PIT_SSC_R_TH,PT_WG_EARN_G,2023,48.571793
ESP,PIT_SSC_R_TH,PT_WG_EARN_G,2024,48.571793
ESP,PIT_SSC_R_TH,PT_WG_EARN_G,2025,48.575712
ESP,TS_PIT,PT_WG_EARN_G,2015,45
ESP,TS_PIT,PT_WG_EARN_G,2016,45
ESP,TS_PIT,PT_WG_EARN_G,2017,43.5
ESP,TS_PIT,PT_WG_EARN_G,2018,43.5
ESP,TS_PIT,PT_WG_EARN_G,2019,43.5
ESP,TS_PIT,PT_WG_EARN_G,2020,43.5
ESP,TS_PIT,PT_WG_EARN_G,2021,49.0386
ESP,TS_PIT,PT_WG_EARN_G,2022,48.5731
ESP,TS_PIT,PT_WG_EARN_G,2023,48.5718
ESP,TS_PIT,PT_WG_EARN_G,2024,48.5718
ESP,TS_PIT,PT_WG_EARN_G,2025,48.5757
ESP,TS_PIT_TH,FCTR_WG_A_SAL_A,2015,2.445619
ESP,TS_PIT_TH,FCTR_WG_A_SAL_A,2016,2.449093
ESP,TS_PIT_TH,FCTR_WG_A_SAL_A,2017,2.442919
ESP,TS_PIT_TH,FCTR_WG_A_SAL_A,2018,2.409777
ESP,TS_PIT_TH,FCTR_WG_A_SAL_A,2019,2.385347
ESP,TS_PIT_TH,FCTR_WG_A_SAL_A,2020,2.501202
ESP,TS_PIT_TH,FCTR_WG_A_SAL_A,2021,11.066264
ESP,TS_PIT_TH,FCTR_WG_A_SAL_A,2022,10.603051
ESP,TS_PIT_TH,FCTR_WG_A_SAL_A,2023,10.098512
ESP,TS_PIT_TH,FCTR_WG_A_SAL_A,2024,9.712311
ESP,TS_PIT_TH,FCTR_WG_A_SAL_A,2025,9.358409
ESP,WGE,USD_PPP,2015,39838.737627
ESP,WGE,USD_PPP,2016,41156.214769
ESP,WGE,USD_PPP,2017,42086.456366
ESP,WGE,USD_PPP,2018,42611.359109
ESP,WGE,USD_PPP,2019,45176.439952
ESP,WGE,USD_PPP,2020,42931.134566
ESP,WGE,USD_PPP,2021,46851.126781
ESP,WGE,USD_PPP,2022,50528.646678
ESP,WGE,USD_PPP,2023,51958.01166
ESP,WGE,USD_PPP,2024,54938.791072
ESP,WGE,USD_PPP,2025,57517.476985
ESP,WGE,XDC,2015,26475.3
ESP,WGE,XDC,2016,26448.81
ESP,WGE,XDC,2017,26549.79
ESP,WGE,XDC,2018,26921.76
ESP,WGE,XDC,2019,27292.47
ESP,WGE,XDC,2020,26028.06
ESP,WGE,XDC,2021,27570.48
ESP,WGE,XDC,2022,28779.87
ESP,WGE,XDC,2023,30249.96
ESP,WGE,XDC,2024,31472.01
ESP,WGE,XDC,2025,32678.398389
EST,PIT_R_TH,PT_WG_EARN_G,2015,18.72
EST,PIT_R_TH,PT_WG_EARN_G,2016,0
EST,PIT_R_TH,PT_WG_EARN_G,2017,17.28
EST,PIT_R_TH,PT_WG_EARN_G,2018,15.026842
EST,PIT_R_TH,PT_WG_EARN_G,2019,12.375274
EST,PIT_R_TH,PT_WG_EARN_G,2020,17.707537
EST,PIT_R_TH,PT_WG_EARN_G,2021,18.142794
EST,PIT_R_TH,PT_WG_EARN_G,2022,7.117079
EST,PIT_R_TH,PT_WG_EARN_G,2023,9.183001
EST,PIT_R_TH,PT_WG_EARN_G,2024,15.868144
EST,PIT_R_TH,PT_WG_EARN_G,2025,8.673985
EST,PIT_SSC_R_TH,PT_WG_EARN_G,2015,20.32
EST,PIT_SSC_R_TH,PT_WG_EARN_G,2016,1.6
EST,PIT_SSC_R_TH,PT_WG_EARN_G,2017,18.88
EST,PIT_SSC_R_TH,PT_WG_EARN_G,2018,16.626842
EST,PIT_SSC_R_TH,PT_WG_EARN_G,2019,13.975274
EST,PIT_SSC_R_TH,PT_WG_EARN_G,2020,19.307537
EST,PIT_SSC_R_TH,PT_WG_EARN_G,2021,19.742794
EST,PIT_SSC_R_TH,PT_WG_EARN_G,2022,8.717079
EST,PIT_SSC_R_TH,PT_WG_EARN_G,2023,10.783001
EST,PIT_SSC_R_TH,PT_WG_EARN_G,2024,17.468144
EST,PIT_SSC_R_TH,PT_WG_EARN_G,2025,10.273985
EST,TS_PIT,PT_WG_EARN_G,2015,20
EST,TS_PIT,PT_WG_EARN_G,2016,20
EST,TS_PIT,PT_WG_EARN_G,2017,20
EST,TS_PIT,PT_WG_EARN_G,2018,20
EST,TS_PIT,PT_WG_EARN_G,2019,20
EST,TS_PIT,PT_WG_EARN_G,2020,20
EST,TS_PIT,PT_WG_EARN_G,2021,20
EST,TS_PIT,PT_WG_EARN_G,2022,20
EST,TS_PIT,PT_WG_EARN_G,2023,20
EST,TS_PIT,PT_WG_EARN_G,2024,20
EST,TS_PIT,PT_WG_EARN_G,2025,22
EST,TS_PIT_TH,FCTR_WG_A_SAL_A,2015,0.143966
EST,TS_PIT_TH,FCTR_WG_A_SAL_A,2016,0.147724
EST,TS_PIT_TH,FCTR_WG_A_SAL_A,2017,0.146415
EST,TS_PIT_TH,FCTR_WG_A_SAL_A,2018,0.387521
EST,TS_PIT_TH,FCTR_WG_A_SAL_A,2019,0.362567
EST,TS_PIT_TH,FCTR_WG_A_SAL_A,2020,0.35402
EST,TS_PIT_TH,FCTR_WG_A_SAL_A,2021,0.329784
EST,TS_PIT_TH,FCTR_WG_A_SAL_A,2022,0.301495
EST,TS_PIT_TH,FCTR_WG_A_SAL_A,2023,0.353528
EST,TS_PIT_TH,FCTR_WG_A_SAL_A,2024,0.330389
EST,TS_PIT_TH,FCTR_WG_A_SAL_A,2025,0.311485
EST,WGE,USD_PPP,2015,24272.184459
EST,WGE,USD_PPP,2016,26585.1001
EST,WGE,USD_PPP,2017,28026.637857
EST,WGE,USD_PPP,2018,29204.581719
EST,WGE,USD_PPP,2019,31808.27669
EST,WGE,USD_PPP,2020,33430.554243
EST,WGE,USD_PPP,2021,34617.742956
EST,WGE,USD_PPP,2022,35778.840989
EST,WGE,USD_PPP,2023,37875.054124
EST,WGE,USD_PPP,2024,41353.656194
EST,WGE,USD_PPP,2025,43448.170842
EST,WGE,XDC,2015,13044.734635
EST,WGE,XDC,2016,14032.910607
EST,WGE,XDC,2017,14991.67
EST,WGE,XDC,2018,15734.165473
EST,WGE,XDC,2019,16816.729191
EST,WGE,XDC,2020,17223.50208
EST,WGE,XDC,2021,18489.342017
EST,WGE,XDC,2022,20222.331019
EST,WGE,XDC,2023,22558.545478
EST,WGE,XDC,2024,24139.459012
EST,WGE,XDC,2025,25603.157622
FIN,PIT_R_TH,PT_WG_EARN_G,2015,49.111633
FIN,PIT_R_TH,PT_WG_EARN_G,2016,50.014896
FIN,PIT_R_TH,PT_WG_EARN_G,2017,49.019397
FIN,PIT_R_TH,PT_WG_EARN_G,2018,48.655142
FIN,PIT_R_TH,PT_WG_EARN_G,2019,48.738973
FIN,PIT_R_TH,PT_WG_EARN_G,2020,49.051774
FIN,PIT_R_TH,PT_WG_EARN_G,2021,48.980043
FIN,PIT_R_TH,PT_WG_EARN_G,2022,49.081592
FIN,PIT_R_TH,PT_WG_EARN_G,2023,47.446862
FIN,PIT_R_TH,PT_WG_EARN_G,2024,48.06433
FIN,PIT_R_TH,PT_WG_EARN_G,2025,47.346418
FIN,PIT_SSC_R_TH,PT_WG_EARN_G,2015,57.467517
FIN,PIT_SSC_R_TH,PT_WG_EARN_G,2016,58.943686
FIN,PIT_SSC_R_TH,PT_WG_EARN_G,2017,58.349397
FIN,PIT_SSC_R_TH,PT_WG_EARN_G,2018,58.435142
FIN,PIT_SSC_R_TH,PT_WG_EARN_G,2019,58.528973
FIN,PIT_SSC_R_TH,PT_WG_EARN_G,2020,59.27723
FIN,PIT_SSC_R_TH,PT_WG_EARN_G,2021,59.533255
FIN,PIT_SSC_R_TH,PT_WG_EARN_G,2022,59.413343
FIN,PIT_SSC_R_TH,PT_WG_EARN_G,2023,57.996802
FIN,PIT_SSC_R_TH,PT_WG_EARN_G,2024,57.478685
FIN,PIT_SSC_R_TH,PT_WG_EARN_G,2025,56.89547
FIN,TS_PIT,PT_WG_EARN_G,2015,51.59
FIN,TS_PIT,PT_WG_EARN_G,2016,51.62
FIN,TS_PIT,PT_WG_EARN_G,2017,51.41
FIN,TS_PIT,PT_WG_EARN_G,2018,51.11
FIN,TS_PIT,PT_WG_EARN_G,2019,51.13
FIN,TS_PIT,PT_WG_EARN_G,2020,51.22
FIN,TS_PIT,PT_WG_EARN_G,2021,51.27
FIN,TS_PIT,PT_WG_EARN_G,2022,51.26
FIN,TS_PIT,PT_WG_EARN_G,2023,51.38
FIN,TS_PIT,PT_WG_EARN_G,2024,51.46
FIN,TS_PIT,PT_WG_EARN_G,2025,51.79
FIN,TS_PIT_TH,FCTR_WG_A_SAL_A,2015,2.255193
FIN,TS_PIT_TH,FCTR_WG_A_SAL_A,2016,1.803856
FIN,TS_PIT_TH,FCTR_WG_A_SAL_A,2017,1.844204
FIN,TS_PIT_TH,FCTR_WG_A_SAL_A,2018,1.842791
FIN,TS_PIT_TH,FCTR_WG_A_SAL_A,2019,1.847268
FIN,TS_PIT_TH,FCTR_WG_A_SAL_A,2020,1.822825
FIN,TS_PIT_TH,FCTR_WG_A_SAL_A,2021,1.828297
FIN,TS_PIT_TH,FCTR_WG_A_SAL_A,2022,1.825101
FIN,TS_PIT_TH,FCTR_WG_A_SAL_A,2023,1.817355
FIN,TS_PIT_TH,FCTR_WG_A_SAL_A,2024,3.07417
FIN,TS_PIT_TH,FCTR_WG_A_SAL_A,2025,2.973185
FIN,WGE,USD_PPP,2015,47678.022508
FIN,WGE,USD_PPP,2016,49702.876177
FIN,WGE,USD_PPP,2017,51137.216195
FIN,WGE,USD_PPP,2018,52803.7524
FIN,WGE,USD_PPP,2019,55809.56361
FIN,WGE,USD_PPP,2020,59945.485376
FIN,WGE,USD_PPP,2021,62399.236488
FIN,WGE,USD_PPP,2022,65100.280155
FIN,WGE,USD_PPP,2023,66746.841577
FIN,WGE,USD_PPP,2024,70244.093156
FIN,WGE,USD_PPP,2025,73498.659236
FIN,WGE,XDC,2015,43268
FIN,WGE,XDC,2016,43783
FIN,WGE,XDC,2017,44165
FIN,WGE,XDC,2018,45081
FIN,WGE,XDC,2019,46117
FIN,WGE,XDC,2020,48083
FIN,WGE,XDC,2021,49329
FIN,WGE,XDC,2022,50830
FIN,WGE,XDC,2023,52922
FIN,WGE,XDC,2024,53857.969478
FIN,WGE,XDC,2025,55462.100093
FRA,PIT_R_TH,PT_WG_EARN_G,2015,53.9865
FRA,PIT_R_TH,PT_WG_EARN_G,2016,53.962
FRA,PIT_R_TH,PT_WG_EARN_G,2017,53.9375
FRA,PIT_R_TH,PT_WG_EARN_G,2018,55.172
FRA,PIT_R_TH,PT_WG_EARN_G,2019,55.172
FRA,PIT_R_TH,PT_WG_EARN_G,2020,55.172
FRA,PIT_R_TH,PT_WG_EARN_G,2021,55.172
FRA,PIT_R_TH,PT_WG_EARN_G,2022,55.172
FRA,PIT_R_TH,PT_WG_EARN_G,2023,55.172
FRA,PIT_R_TH,PT_WG_EARN_G,2024,55.172
FRA,PIT_R_TH,PT_WG_EARN_G,2025,55.172
FRA,PIT_SSC_R_TH,PT_WG_EARN_G,2015,55.0365
FRA,PIT_SSC_R_TH,PT_WG_EARN_G,2016,55.062
FRA,PIT_SSC_R_TH,PT_WG_EARN_G,2017,55.0875
FRA,PIT_SSC_R_TH,PT_WG_EARN_G,2018,55.572
FRA,PIT_SSC_R_TH,PT_WG_EARN_G,2019,55.572
FRA,PIT_SSC_R_TH,PT_WG_EARN_G,2020,55.572
FRA,PIT_SSC_R_TH,PT_WG_EARN_G,2021,55.572
FRA,PIT_SSC_R_TH,PT_WG_EARN_G,2022,55.572
FRA,PIT_SSC_R_TH,PT_WG_EARN_G,2023,55.572
FRA,PIT_SSC_R_TH,PT_WG_EARN_G,2024,55.572
FRA,PIT_SSC_R_TH,PT_WG_EARN_G,2025,55.572
FRA,TS_PIT,PT_WG_EARN_G,2015,54.501
FRA,TS_PIT,PT_WG_EARN_G,2016,54.501
FRA,TS_PIT,PT_WG_EARN_G,2017,54.501
FRA,TS_PIT,PT_WG_EARN_G,2018,55.368
FRA,TS_PIT,PT_WG_EARN_G,2019,55.368
FRA,TS_PIT,PT_WG_EARN_G,2020,55.368
FRA,TS_PIT,PT_WG_EARN_G,2021,55.368
FRA,TS_PIT,PT_WG_EARN_G,2022,55.368
FRA,TS_PIT,PT_WG_EARN_G,2023,55.368
FRA,TS_PIT,PT_WG_EARN_G,2024,55.368
FRA,TS_PIT,PT_WG_EARN_G,2025,55.368
FRA,TS_PIT_TH,FCTR_WG_A_SAL_A,2015,14.77634
FRA,TS_PIT_TH,FCTR_WG_A_SAL_A,2016,14.830284
FRA,TS_PIT_TH,FCTR_WG_A_SAL_A,2017,14.779185
FRA,TS_PIT_TH,FCTR_WG_A_SAL_A,2018,14.63573
FRA,TS_PIT_TH,FCTR_WG_A_SAL_A,2019,15.013889
FRA,TS_PIT_TH,FCTR_WG_A_SAL_A,2020,15.601425
FRA,TS_PIT_TH,FCTR_WG_A_SAL_A,2021,14.850376
FRA,TS_PIT_TH,FCTR_WG_A_SAL_A,2022,14.059618
FRA,TS_PIT_TH,FCTR_WG_A_SAL_A,2023,13.572959
FRA,TS_PIT_TH,FCTR_WG_A_SAL_A,2024,13.110908
FRA,TS_PIT_TH,FCTR_WG_A_SAL_A,2025,12.941798
FRA,WGE,USD_PPP,2015,46971.000771
FRA,WGE,USD_PPP,2016,48554.94055
FRA,WGE,USD_PPP,2017,49411.216633
FRA,WGE,USD_PPP,2018,51107.82526
FRA,WGE,USD_PPP,2019,55395.680873
FRA,WGE,USD_PPP,2020,54352.947027
FRA,WGE,USD_PPP,2021,56236.433066
FRA,WGE,USD_PPP,2022,60290.620809
FRA,WGE,USD_PPP,2023,61518.112047
FRA,WGE,USD_PPP,2024,65168.812997
FRA,WGE,USD_PPP,2025,67272.649205
FRA,WGE,XDC,2015,37975
FRA,WGE,XDC,2016,37875
FRA,WGE,XDC,2017,38052
FRA,WGE,XDC,2018,38646
FRA,WGE,XDC,2019,39106.82
FRA,WGE,XDC,2020,37669.4
FRA,WGE,XDC,2021,39587.38
FRA,WGE,XDC,2022,41867
FRA,WGE,XDC,2023,43600.076606
FRA,WGE,XDC,2024,45312.939232
FRA,WGE,XDC,2025,45964.378978
GBR,PIT_R_TH,PT_WG_EARN_G,2015,45
GBR,PIT_R_TH,PT_WG_EARN_G,2016,45
GBR,PIT_R_TH,PT_WG_EARN_G,2017,45
GBR,PIT_R_TH,PT_WG_EARN_G,2018,45
GBR,PIT_R_TH,PT_WG_EARN_G,2019,45
GBR,PIT_R_TH,PT_WG_EARN_G,2020,45
GBR,PIT_R_TH,PT_WG_EARN_G,2021,45
GBR,PIT_R_TH,PT_WG_EARN_G,2022,45
GBR,PIT_R_TH,PT_WG_EARN_G,2023,45
GBR,PIT_R_TH,PT_WG_EARN_G,2024,45
GBR,PIT_R_TH,PT_WG_EARN_G,2025,45
GBR,PIT_SSC_R_TH,PT_WG_EARN_G,2015,47
GBR,PIT_SSC_R_TH,PT_WG_EARN_G,2016,47
GBR,PIT_SSC_R_TH,PT_WG_EARN_G,2017,47
GBR,PIT_SSC_R_TH,PT_WG_EARN_G,2018,47
GBR,PIT_SSC_R_TH,PT_WG_EARN_G,2019,47
GBR,PIT_SSC_R_TH,PT_WG_EARN_G,2020,47
GBR,PIT_SSC_R_TH,PT_WG_EARN_G,2021,47
GBR,PIT_SSC_R_TH,PT_WG_EARN_G,2022,47.74
GBR,PIT_SSC_R_TH,PT_WG_EARN_G,2023,47
GBR,PIT_SSC_R_TH,PT_WG_EARN_G,2024,47
GBR,PIT_SSC_R_TH,PT_WG_EARN_G,2025,47
GBR,TS_PIT,PT_WG_EARN_G,2015,45
GBR,TS_PIT,PT_WG_EARN_G,2016,45
GBR,TS_PIT,PT_WG_EARN_G,2017,45
GBR,TS_PIT,PT_WG_EARN_G,2018,45
GBR,TS_PIT,PT_WG_EARN_G,2019,45
GBR,TS_PIT,PT_WG_EARN_G,2020,45
GBR,TS_PIT,PT_WG_EARN_G,2021,45
GBR,TS_PIT,PT_WG_EARN_G,2022,45
GBR,TS_PIT,PT_WG_EARN_G,2023,45
GBR,TS_PIT,PT_WG_EARN_G,2024,45
GBR,TS_PIT,PT_WG_EARN_G,2025,45
GBR,TS_PIT_TH,FCTR_WG_A_SAL_A,2015,4.169222
GBR,TS_PIT_TH,FCTR_WG_A_SAL_A,2016,4.042911
GBR,TS_PIT_TH,FCTR_WG_A_SAL_A,2017,3.894003
GBR,TS_PIT_TH,FCTR_WG_A_SAL_A,2018,3.785407
GBR,TS_PIT_TH,FCTR_WG_A_SAL_A,2019,3.659439
GBR,TS_PIT_TH,FCTR_WG_A_SAL_A,2020,3.752071
GBR,TS_PIT_TH,FCTR_WG_A_SAL_A,2021,3.532088
GBR,TS_PIT_TH,FCTR_WG_A_SAL_A,2022,3.327648
GBR,TS_PIT_TH,FCTR_WG_A_SAL_A,2023,2.550807
GBR,TS_PIT_TH,FCTR_WG_A_SAL_A,2024,2.378423
GBR,TS_PIT_TH,FCTR_WG_A_SAL_A,2025,2.235356
GBR,WGE,USD_PPP,2015,51963.898098
GBR,WGE,USD_PPP,2016,53880.126199
GBR,WGE,USD_PPP,2017,56267.816812
GBR,WGE,USD_PPP,2018,57619.844813
GBR,WGE,USD_PPP,2019,61209.708235
GBR,WGE,USD_PPP,2020,61180.309482
GBR,WGE,USD_PPP,2021,63486.084209
GBR,WGE,USD_PPP,2022,70616.509101
GBR,WGE,USD_PPP,2023,71778.439407
GBR,WGE,USD_PPP,2024,77446.542496
GBR,WGE,USD_PPP,2025,82329.10372
GBR,WGE,XDC,2015,35978
GBR,WGE,XDC,2016,37102
GBR,WGE,XDC,2017,38521
GBR,WGE,XDC,2018,39626
GBR,WGE,XDC,2019,40990
GBR,WGE,XDC,2020,39978
GBR,WGE,XDC,2021,42468
GBR,WGE,XDC,2022,45077
GBR,WGE,XDC,2023,49059
GBR,WGE,XDC,2024,52615
GBR,WGE,XDC,2025,55982.587454
GRC,PIT_R_TH,PT_WG_EARN_G,2015,49.37
GRC,PIT_R_TH,PT_WG_EARN_G,2016,54.325
GRC,PIT_R_TH,PT_WG_EARN_G,2017,54.325
GRC,PIT_R_TH,PT_WG_EARN_G,2018,55
GRC,PIT_R_TH,PT_WG_EARN_G,2019,55
GRC,PIT_R_TH,PT_WG_EARN_G,2020,54
GRC,PIT_R_TH,PT_WG_EARN_G,2021,39.5048
GRC,PIT_R_TH,PT_WG_EARN_G,2022,39.571883
GRC,PIT_R_TH,PT_WG_EARN_G,2023,39.6198
GRC,PIT_R_TH,PT_WG_EARN_G,2024,39.6198
GRC,PIT_R_TH,PT_WG_EARN_G,2025,39.8498
GRC,PIT_SSC_R_TH,PT_WG_EARN_G,2015,49.37
GRC,PIT_SSC_R_TH,PT_WG_EARN_G,2016,54.325
GRC,PIT_SSC_R_TH,PT_WG_EARN_G,2017,54.325
GRC,PIT_SSC_R_TH,PT_WG_EARN_G,2018,55
GRC,PIT_SSC_R_TH,PT_WG_EARN_G,2019,55
GRC,PIT_SSC_R_TH,PT_WG_EARN_G,2020,54
GRC,PIT_SSC_R_TH,PT_WG_EARN_G,2021,53.6248
GRC,PIT_SSC_R_TH,PT_WG_EARN_G,2022,53.54605
GRC,PIT_SSC_R_TH,PT_WG_EARN_G,2023,53.4898
GRC,PIT_SSC_R_TH,PT_WG_EARN_G,2024,53.4898
GRC,PIT_SSC_R_TH,PT_WG_EARN_G,2025,53.2198
GRC,TS_PIT,PT_WG_EARN_G,2015,50
GRC,TS_PIT,PT_WG_EARN_G,2016,55
GRC,TS_PIT,PT_WG_EARN_G,2017,55
GRC,TS_PIT,PT_WG_EARN_G,2018,55
GRC,TS_PIT,PT_WG_EARN_G,2019,55
GRC,TS_PIT,PT_WG_EARN_G,2020,54
GRC,TS_PIT,PT_WG_EARN_G,2021,44
GRC,TS_PIT,PT_WG_EARN_G,2022,44
GRC,TS_PIT,PT_WG_EARN_G,2023,44
GRC,TS_PIT,PT_WG_EARN_G,2024,44
GRC,TS_PIT,PT_WG_EARN_G,2025,44
GRC,TS_PIT_TH,FCTR_WG_A_SAL_A,2015,25.031983
GRC,TS_PIT_TH,FCTR_WG_A_SAL_A,2016,11.59406
GRC,TS_PIT_TH,FCTR_WG_A_SAL_A,2017,11.707338
GRC,TS_PIT_TH,FCTR_WG_A_SAL_A,2018,11.700915
GRC,TS_PIT_TH,FCTR_WG_A_SAL_A,2019,11.575702
GRC,TS_PIT_TH,FCTR_WG_A_SAL_A,2020,12.430177
GRC,TS_PIT_TH,FCTR_WG_A_SAL_A,2021,2.322172
GRC,TS_PIT_TH,FCTR_WG_A_SAL_A,2022,2.096258
GRC,TS_PIT_TH,FCTR_WG_A_SAL_A,2023,1.930357
GRC,TS_PIT_TH,FCTR_WG_A_SAL_A,2024,1.808481
GRC,TS_PIT_TH,FCTR_WG_A_SAL_A,2025,1.738306
GRC,WGE,USD_PPP,2015,33593.525429
GRC,WGE,USD_PPP,2016,33965.553054
GRC,WGE,USD_PPP,2017,34535.595315
GRC,WGE,USD_PPP,2018,35271.773536
GRC,WGE,USD_PPP,2019,37527.745451
GRC,WGE,USD_PPP,2020,35283.999966
GRC,WGE,USD_PPP,2021,38511.756753
GRC,WGE,USD_PPP,2022,43403.547664
GRC,WGE,USD_PPP,2023,45780.903234
GRC,WGE,USD_PPP,2024,49493.074511
GRC,WGE,USD_PPP,2025,50974.447
GRC,WGE,XDC,2015,20455.33
GRC,WGE,XDC,2016,20033
GRC,WGE,XDC,2017,19913
GRC,WGE,XDC,2018,19924
GRC,WGE,XDC,2019,20243
GRC,WGE,XDC,2020,18834
GRC,WGE,XDC,2021,20057.37
GRC,WGE,XDC,2022,22181.63
GRC,WGE,XDC,2023,24058.73
GRC,WGE,XDC,2024,25679.8
GRC,WGE,XDC,2025,26562.579109
HUN,PIT_R_TH,PT_WG_EARN_G,2015,16
HUN,PIT_R_TH,PT_WG_EARN_G,2016,15
HUN,PIT_R_TH,PT_WG_EARN_G,2017,15
HUN,PIT_R_TH,PT_WG_EARN_G,2018,15
HUN,PIT_R_TH,PT_WG_EARN_G,2019,15
HUN,PIT_R_TH,PT_WG_EARN_G,2020,15
HUN,PIT_R_TH,PT_WG_EARN_G,2021,15
HUN,PIT_R_TH,PT_WG_EARN_G,2022,15
HUN,PIT_R_TH,PT_WG_EARN_G,2023,15
HUN,PIT_R_TH,PT_WG_EARN_G,2024,15
HUN,PIT_R_TH,PT_WG_EARN_G,2025,15
HUN,PIT_SSC_R_TH,PT_WG_EARN_G,2015,34.5
HUN,PIT_SSC_R_TH,PT_WG_EARN_G,2016,33.5
HUN,PIT_SSC_R_TH,PT_WG_EARN_G,2017,33.5
HUN,PIT_SSC_R_TH,PT_WG_EARN_G,2018,33.5
HUN,PIT_SSC_R_TH,PT_WG_EARN_G,2019,33.5
HUN,PIT_SSC_R_TH,PT_WG_EARN_G,2020,33.5
HUN,PIT_SSC_R_TH,PT_WG_EARN_G,2021,33.5
HUN,PIT_SSC_R_TH,PT_WG_EARN_G,2022,33.5
HUN,PIT_SSC_R_TH,PT_WG_EARN_G,2023,33.5
HUN,PIT_SSC_R_TH,PT_WG_EARN_G,2024,33.5
HUN,PIT_SSC_R_TH,PT_WG_EARN_G,2025,33.5
HUN,TS_PIT,PT_WG_EARN_G,2015,16
HUN,TS_PIT,PT_WG_EARN_G,2016,15
HUN,TS_PIT,PT_WG_EARN_G,2017,15
HUN,TS_PIT,PT_WG_EARN_G,2018,15
HUN,TS_PIT,PT_WG_EARN_G,2019,15
HUN,TS_PIT,PT_WG_EARN_G,2020,15
HUN,TS_PIT,PT_WG_EARN_G,2021,15
HUN,TS_PIT,PT_WG_EARN_G,2022,15
HUN,TS_PIT,PT_WG_EARN_G,2023,15
HUN,TS_PIT,PT_WG_EARN_G,2024,15
HUN,TS_PIT,PT_WG_EARN_G,2025,15
HUN,TS_PIT_TH,FCTR_WG_A_SAL_A,2015,0
HUN,TS_PIT_TH,FCTR_WG_A_SAL_A,2016,0
HUN,TS_PIT_TH,FCTR_WG_A_SAL_A,2017,0
HUN,TS_PIT_TH,FCTR_WG_A_SAL_A,2018,0
HUN,TS_PIT_TH,FCTR_WG_A_SAL_A,2019,0
HUN,TS_PIT_TH,FCTR_WG_A_SAL_A,2020,0
HUN,TS_PIT_TH,FCTR_WG_A_SAL_A,2021,0
HUN,TS_PIT_TH,FCTR_WG_A_SAL_A,2022,0
HUN,TS_PIT_TH,FCTR_WG_A_SAL_A,2023,0
HUN,TS_PIT_TH,FCTR_WG_A_SAL_A,2024,0
HUN,TS_PIT_TH,FCTR_WG_A_SAL_A,2025,0
HUN,WGE,USD_PPP,2015,23719.019972
HUN,WGE,USD_PPP,2016,25123.476434
HUN,WGE,USD_PPP,2017,27201.548185
HUN,WGE,USD_PPP,2018,29351.125584
HUN,WGE,USD_PPP,2019,31589.872908
HUN,WGE,USD_PPP,2020,33770.0004
HUN,WGE,USD_PPP,2021,34735.741055
HUN,WGE,USD_PPP,2022,38168.881315
HUN,WGE,USD_PPP,2023,39863.126273
HUN,WGE,USD_PPP,2024,43331.808151
HUN,WGE,USD_PPP,2025,45966.979773
HUN,WGE,XDC,2015,3143196
HUN,WGE,XDC,2016,3343284
HUN,WGE,XDC,2017,3730608
HUN,WGE,XDC,2018,4117728
HUN,WGE,XDC,2019,4593599
HUN,WGE,XDC,2020,5043851.282229
HUN,WGE,XDC,2021,5153088
HUN,WGE,XDC,2022,5972568
HUN,WGE,XDC,2023,6922308
HUN,WGE,XDC,2024,7754304
HUN,WGE,XDC,2025,8455487.311176
IRL,PIT_R_TH,PT_WG_EARN_G,2015,48
IRL,PIT_R_TH,PT_WG_EARN_G,2016,48
IRL,PIT_R_TH,PT_WG_EARN_G,2017,48
IRL,PIT_R_TH,PT_WG_EARN_G,2018,48
IRL,PIT_R_TH,PT_WG_EARN_G,2019,48
IRL,PIT_R_TH,PT_WG_EARN_G,2020,48
IRL,PIT_R_TH,PT_WG_EARN_G,2021,48
IRL,PIT_R_TH,PT_WG_EARN_G,2022,48
IRL,PIT_R_TH,PT_WG_EARN_G,2023,48
IRL,PIT_R_TH,PT_WG_EARN_G,2024,48
IRL,PIT_R_TH,PT_WG_EARN_G,2025,48
IRL,PIT_SSC_R_TH,PT_WG_EARN_G,2015,52
IRL,PIT_SSC_R_TH,PT_WG_EARN_G,2016,52
IRL,PIT_SSC_R_TH,PT_WG_EARN_G,2017,52
IRL,PIT_SSC_R_TH,PT_WG_EARN_G,2018,52
IRL,PIT_SSC_R_TH,PT_WG_EARN_G,2019,52
IRL,PIT_SSC_R_TH,PT_WG_EARN_G,2020,52
IRL,PIT_SSC_R_TH,PT_WG_EARN_G,2021,52
IRL,PIT_SSC_R_TH,PT_WG_EARN_G,2022,52
IRL,PIT_SSC_R_TH,PT_WG_EARN_G,2023,52
IRL,PIT_SSC_R_TH,PT_WG_EARN_G,2024,52.025
IRL,PIT_SSC_R_TH,PT_WG_EARN_G,2025,52.1
IRL,TS_PIT,PT_WG_EARN_G,2015,48
IRL,TS_PIT,PT_WG_EARN_G,2016,48
IRL,TS_PIT,PT_WG_EARN_G,2017,48
IRL,TS_PIT,PT_WG_EARN_G,2018,48
IRL,TS_PIT,PT_WG_EARN_G,2019,48
IRL,TS_PIT,PT_WG_EARN_G,2020,48
IRL,TS_PIT,PT_WG_EARN_G,2021,48
IRL,TS_PIT,PT_WG_EARN_G,2022,48
IRL,TS_PIT,PT_WG_EARN_G,2023,48
IRL,TS_PIT,PT_WG_EARN_G,2024,48
IRL,TS_PIT,PT_WG_EARN_G,2025,48
IRL,TS_PIT_TH,FCTR_WG_A_SAL_A,2015,1.601654
IRL,TS_PIT_TH,FCTR_WG_A_SAL_A,2016,1.566533
IRL,TS_PIT_TH,FCTR_WG_A_SAL_A,2017,1.539297
IRL,TS_PIT_TH,FCTR_WG_A_SAL_A,2018,1.483161
IRL,TS_PIT_TH,FCTR_WG_A_SAL_A,2019,1.325477
IRL,TS_PIT_TH,FCTR_WG_A_SAL_A,2020,1.298036
IRL,TS_PIT_TH,FCTR_WG_A_SAL_A,2021,1.378917
IRL,TS_PIT_TH,FCTR_WG_A_SAL_A,2022,1.346655
IRL,TS_PIT_TH,FCTR_WG_A_SAL_A,2023,1.259317
IRL,TS_PIT_TH,FCTR_WG_A_SAL_A,2024,1.207122
IRL,TS_PIT_TH,FCTR_WG_A_SAL_A,2025,1.162416
IRL,WGE,USD_PPP,2015,54026.624431
IRL,WGE,USD_PPP,2016,56292.994327
IRL,WGE,USD_PPP,2017,57280.614244
IRL,WGE,USD_PPP,2018,59613.345713
IRL,WGE,USD_PPP,2019,60643.345056
IRL,WGE,USD_PPP,2020,63721.219026
IRL,WGE,USD_PPP,2021,67558.398879
IRL,WGE,USD_PPP,2022,70840.613859
IRL,WGE,USD_PPP,2023,72305.835217
IRL,WGE,USD_PPP,2024,76769.351829
IRL,WGE,USD_PPP,2025,80970.032192
IRL,WGE,XDC,2015,43732.888889
IRL,WGE,XDC,2016,44712.888889
IRL,WGE,XDC,2017,45504
IRL,WGE,XDC,2018,47226.555556
IRL,WGE,XDC,2019,52845
IRL,WGE,XDC,2020,53962
IRL,WGE,XDC,2021,50796.815502
IRL,WGE,XDC,2022,52013.960039
IRL,WGE,XDC,2023,55620.988111
IRL,WGE,XDC,2024,58025.983765
IRL,WGE,XDC,2025,60257.780227
ISL,PIT_R_TH,PT_WG_EARN_G,2015,44.3904
ISL,PIT_R_TH,PT_WG_EARN_G,2016,44.399998
ISL,PIT_R_TH,PT_WG_EARN_G,2017,44.3904
ISL,PIT_R_TH,PT_WG_EARN_G,2018,44.3904
ISL,PIT_R_TH,PT_WG_EARN_G,2019,44.3904
ISL,PIT_R_TH,PT_WG_EARN_G,2020,44.3904
ISL,PIT_R_TH,PT_WG_EARN_G,2021,44.4
ISL,PIT_R_TH,PT_WG_EARN_G,2022,44.4
ISL,PIT_R_TH,PT_WG_EARN_G,2023,44.4
ISL,PIT_R_TH,PT_WG_EARN_G,2024,44.4288
ISL,PIT_R_TH,PT_WG_EARN_G,2025,44.4384
ISL,PIT_SSC_R_TH,PT_WG_EARN_G,2015,44.3904
ISL,PIT_SSC_R_TH,PT_WG_EARN_G,2016,44.399998
ISL,PIT_SSC_R_TH,PT_WG_EARN_G,2017,44.3904
ISL,PIT_SSC_R_TH,PT_WG_EARN_G,2018,44.3904
ISL,PIT_SSC_R_TH,PT_WG_EARN_G,2019,44.3904
ISL,PIT_SSC_R_TH,PT_WG_EARN_G,2020,44.3904
ISL,PIT_SSC_R_TH,PT_WG_EARN_G,2021,44.4
ISL,PIT_SSC_R_TH,PT_WG_EARN_G,2022,44.4
ISL,PIT_SSC_R_TH,PT_WG_EARN_G,2023,44.4
ISL,PIT_SSC_R_TH,PT_WG_EARN_G,2024,44.4288
ISL,PIT_SSC_R_TH,PT_WG_EARN_G,2025,44.4384
ISL,TS_PIT,PT_WG_EARN_G,2015,46.24
ISL,TS_PIT,PT_WG_EARN_G,2016,46.249998
ISL,TS_PIT,PT_WG_EARN_G,2017,46.24
ISL,TS_PIT,PT_WG_EARN_G,2018,46.24
ISL,TS_PIT,PT_WG_EARN_G,2019,46.24
ISL,TS_PIT,PT_WG_EARN_G,2020,46.24
ISL,TS_PIT,PT_WG_EARN_G,2021,46.25
ISL,TS_PIT,PT_WG_EARN_G,2022,46.25
ISL,TS_PIT,PT_WG_EARN_G,2023,46.25
ISL,TS_PIT,PT_WG_EARN_G,2024,46.28
ISL,TS_PIT,PT_WG_EARN_G,2025,46.29
ISL,TS_PIT_TH,FCTR_WG_A_SAL_A,2015,1.363465
ISL,TS_PIT_TH,FCTR_WG_A_SAL_A,2016,1.261743
ISL,TS_PIT_TH,FCTR_WG_A_SAL_A,2017,1.229826
ISL,TS_PIT_TH,FCTR_WG_A_SAL_A,2018,1.282301
ISL,TS_PIT_TH,FCTR_WG_A_SAL_A,2019,1.28079
ISL,TS_PIT_TH,FCTR_WG_A_SAL_A,2020,1.242477
ISL,TS_PIT_TH,FCTR_WG_A_SAL_A,2021,1.240187
ISL,TS_PIT_TH,FCTR_WG_A_SAL_A,2022,1.245338
ISL,TS_PIT_TH,FCTR_WG_A_SAL_A,2023,1.282322
ISL,TS_PIT_TH,FCTR_WG_A_SAL_A,2024,1.325903
ISL,TS_PIT_TH,FCTR_WG_A_SAL_A,2025,1.332212
ISL,WGE,USD_PPP,2015,54024.027947
ISL,WGE,USD_PPP,2016,59215.90337
ISL,WGE,USD_PPP,2017,61355.028317
ISL,WGE,USD_PPP,2018,61800.261318
ISL,WGE,USD_PPP,2019,65249.442243
ISL,WGE,USD_PPP,2020,66427.751816
ISL,WGE,USD_PPP,2021,69262.414026
ISL,WGE,USD_PPP,2022,75432.236905
ISL,WGE,USD_PPP,2023,77987.764808
ISL,WGE,USD_PPP,2024,80990.962674
ISL,WGE,USD_PPP,2025,83562.908601
ISL,WGE,XDC,2015,7668000
ISL,WGE,XDC,2016,8292000
ISL,WGE,XDC,2017,8484000
ISL,WGE,XDC,2018,8712000
ISL,WGE,XDC,2019,9048000
ISL,WGE,XDC,2020,9516000
ISL,WGE,XDC,2021,9876000
ISL,WGE,XDC,2022,10440000
ISL,WGE,XDC,2023,11220000
ISL,WGE,XDC,2024,11808000
ISL,WGE,XDC,2025,12433526.866578
ISR,PIT_R_TH,PT_WG_EARN_G,2015,50
ISR,PIT_R_TH,PT_WG_EARN_G,2016,50
ISR,PIT_R_TH,PT_WG_EARN_G,2017,50
ISR,PIT_R_TH,PT_WG_EARN_G,2018,50
ISR,PIT_R_TH,PT_WG_EARN_G,2019,50
ISR,PIT_R_TH,PT_WG_EARN_G,2020,50
ISR,PIT_R_TH,PT_WG_EARN_G,2021,50
ISR,PIT_R_TH,PT_WG_EARN_G,2022,50
ISR,PIT_R_TH,PT_WG_EARN_G,2023,50
ISR,PIT_R_TH,PT_WG_EARN_G,2024,50
ISR,PIT_R_TH,PT_WG_EARN_G,2025,50
ISR,PIT_SSC_R_TH,PT_WG_EARN_G,2015,50
ISR,PIT_SSC_R_TH,PT_WG_EARN_G,2016,50
ISR,PIT_SSC_R_TH,PT_WG_EARN_G,2017,50
ISR,PIT_SSC_R_TH,PT_WG_EARN_G,2018,50
ISR,PIT_SSC_R_TH,PT_WG_EARN_G,2019,50
ISR,PIT_SSC_R_TH,PT_WG_EARN_G,2020,50
ISR,PIT_SSC_R_TH,PT_WG_EARN_G,2021,50
ISR,PIT_SSC_R_TH,PT_WG_EARN_G,2022,50
ISR,PIT_SSC_R_TH,PT_WG_EARN_G,2023,50
ISR,PIT_SSC_R_TH,PT_WG_EARN_G,2024,50
ISR,PIT_SSC_R_TH,PT_WG_EARN_G,2025,50
ISR,TS_PIT,PT_WG_EARN_G,2015,50
ISR,TS_PIT,PT_WG_EARN_G,2016,50
ISR,TS_PIT,PT_WG_EARN_G,2017,50
ISR,TS_PIT,PT_WG_EARN_G,2018,50
ISR,TS_PIT,PT_WG_EARN_G,2019,50
ISR,TS_PIT,PT_WG_EARN_G,2020,50
ISR,TS_PIT,PT_WG_EARN_G,2021,50
ISR,TS_PIT,PT_WG_EARN_G,2022,50
ISR,TS_PIT,PT_WG_EARN_G,2023,50
ISR,TS_PIT,PT_WG_EARN_G,2024,50
ISR,TS_PIT,PT_WG_EARN_G,2025,50
ISR,TS_PIT_TH,FCTR_WG_A_SAL_A,2015,5.80213
ISR,TS_PIT_TH,FCTR_WG_A_SAL_A,2016,5.59539
ISR,TS_PIT_TH,FCTR_WG_A_SAL_A,2017,4.3262
ISR,TS_PIT_TH,FCTR_WG_A_SAL_A,2018,4.31824
ISR,TS_PIT_TH,FCTR_WG_A_SAL_A,2019,4.166414
ISR,TS_PIT_TH,FCTR_WG_A_SAL_A,2020,3.94336
ISR,TS_PIT_TH,FCTR_WG_A_SAL_A,2021,3.806604
ISR,TS_PIT_TH,FCTR_WG_A_SAL_A,2022,3.61573
ISR,TS_PIT_TH,FCTR_WG_A_SAL_A,2023,3.6639
ISR,TS_PIT_TH,FCTR_WG_A_SAL_A,2024,3.501635
ISR,TS_PIT_TH,FCTR_WG_A_SAL_A,2025,3.44034
ISR,WGE,USD_PPP,2015,35607.436919
ISR,WGE,USD_PPP,2016,37905.126981
ISR,WGE,USD_PPP,2017,39432.426158
ISR,WGE,USD_PPP,2018,39275.348534
ISR,WGE,USD_PPP,2019,40846.097899
ISR,WGE,USD_PPP,2020,42876.122298
ISR,WGE,USD_PPP,2021,46514.938687
ISR,WGE,USD_PPP,2022,53222.56108
ISR,WGE,USD_PPP,2023,53363.901338
ISR,WGE,USD_PPP,2024,57253.742457
ISR,WGE,USD_PPP,2025,59178.201685
ISR,WGE,XDC,2015,139728
ISR,WGE,XDC,2016,143604
ISR,WGE,XDC,2017,147936
ISR,WGE,XDC,2018,148644
ISR,WGE,XDC,2019,155904
ISR,WGE,XDC,2020,165240
ISR,WGE,XDC,2021,170136
ISR,WGE,XDC,2022,183432
ISR,WGE,XDC,2023,190584
ISR,WGE,XDC,2024,206064
ISR,WGE,XDC,2025,209735.374686
ITA,PIT_R_TH,PT_WG_EARN_G,2015,48.8131
ITA,PIT_R_TH,PT_WG_EARN_G,2016,48.8131
ITA,PIT_R_TH,PT_WG_EARN_G,2017,42.275573
ITA,PIT_R_TH,PT_WG_EARN_G,2018,42.275573
ITA,PIT_R_TH,PT_WG_EARN_G,2019,42.275573
ITA,PIT_R_TH,PT_WG_EARN_G,2020,42.275573
ITA,PIT_R_TH,PT_WG_EARN_G,2021,42.275573
ITA,PIT_R_TH,PT_WG_EARN_G,2022,42.275573
ITA,PIT_R_TH,PT_WG_EARN_G,2023,42.275573
ITA,PIT_R_TH,PT_WG_EARN_G,2024,42.275573
ITA,PIT_R_TH,PT_WG_EARN_G,2025,42.747873
ITA,PIT_SSC_R_TH,PT_WG_EARN_G,2015,48.8131
ITA,PIT_SSC_R_TH,PT_WG_EARN_G,2016,48.8131
ITA,PIT_SSC_R_TH,PT_WG_EARN_G,2017,52.765573
ITA,PIT_SSC_R_TH,PT_WG_EARN_G,2018,52.765573
ITA,PIT_SSC_R_TH,PT_WG_EARN_G,2019,52.765573
ITA,PIT_SSC_R_TH,PT_WG_EARN_G,2020,52.765573
ITA,PIT_SSC_R_TH,PT_WG_EARN_G,2021,52.765573
ITA,PIT_SSC_R_TH,PT_WG_EARN_G,2022,52.765573
ITA,PIT_SSC_R_TH,PT_WG_EARN_G,2023,52.765573
ITA,PIT_SSC_R_TH,PT_WG_EARN_G,2024,52.765573
ITA,PIT_SSC_R_TH,PT_WG_EARN_G,2025,52.237873
ITA,TS_PIT,PT_WG_EARN_G,2015,48.8131
ITA,TS_PIT,PT_WG_EARN_G,2016,48.8131
ITA,TS_PIT,PT_WG_EARN_G,2017,47.23
ITA,TS_PIT,PT_WG_EARN_G,2018,47.23
ITA,TS_PIT,PT_WG_EARN_G,2019,47.23
ITA,TS_PIT,PT_WG_EARN_G,2020,47.23
ITA,TS_PIT,PT_WG_EARN_G,2021,47.23
ITA,TS_PIT,PT_WG_EARN_G,2022,47.23
ITA,TS_PIT,PT_WG_EARN_G,2023,47.23
ITA,TS_PIT,PT_WG_EARN_G,2024,47.23
ITA,TS_PIT,PT_WG_EARN_G,2025,47.23
ITA,TS_PIT_TH,FCTR_WG_A_SAL_A,2015,9.819967
ITA,TS_PIT_TH,FCTR_WG_A_SAL_A,2016,9.797844
ITA,TS_PIT_TH,FCTR_WG_A_SAL_A,2017,2.712898
ITA,TS_PIT_TH,FCTR_WG_A_SAL_A,2018,2.689386
ITA,TS_PIT_TH,FCTR_WG_A_SAL_A,2019,2.654326
ITA,TS_PIT_TH,FCTR_WG_A_SAL_A,2020,2.584444
ITA,TS_PIT_TH,FCTR_WG_A_SAL_A,2021,2.514594
ITA,TS_PIT_TH,FCTR_WG_A_SAL_A,2022,1.660396
ITA,TS_PIT_TH,FCTR_WG_A_SAL_A,2023,1.612097
ITA,TS_PIT_TH,FCTR_WG_A_SAL_A,2024,1.562364
ITA,TS_PIT_TH,FCTR_WG_A_SAL_A,2025,1.509617
ITA,WGE,USD_PPP,2015,41367.894104
ITA,WGE,USD_PPP,2016,43707.475668
ITA,WGE,USD_PPP,2017,44493.731885
ITA,WGE,USD_PPP,2018,45450.897914
ITA,WGE,USD_PPP,2019,48461.449848
ITA,WGE,USD_PPP,2020,50951.142021
ITA,WGE,USD_PPP,2021,52947.401598
ITA,WGE,USD_PPP,2022,55350.669274
ITA,WGE,USD_PPP,2023,54944.556618
ITA,WGE,USD_PPP,2024,57892.693924
ITA,WGE,USD_PPP,2025,60502.62252
ITA,WGE,XDC,2015,30550
ITA,WGE,XDC,2016,30619
ITA,WGE,XDC,2017,30696
ITA,WGE,XDC,2018,30962
ITA,WGE,XDC,2019,31369
ITA,WGE,XDC,2020,32216
ITA,WGE,XDC,2021,33111
ITA,WGE,XDC,2022,33318
ITA,WGE,XDC,2023,34289
ITA,WGE,XDC,2024,35360
ITA,WGE,XDC,2025,36593.932167
JPN,PIT_R_TH,PT_WG_EARN_G,2015,55.665275
JPN,PIT_R_TH,PT_WG_EARN_G,2016,55.721221
JPN,PIT_R_TH,PT_WG_EARN_G,2017,55.777165
JPN,PIT_R_TH,PT_WG_EARN_G,2018,55.777165
JPN,PIT_R_TH,PT_WG_EARN_G,2019,55.777165
JPN,PIT_R_TH,PT_WG_EARN_G,2020,55.665275
JPN,PIT_R_TH,PT_WG_EARN_G,2021,55.777165
JPN,PIT_R_TH,PT_WG_EARN_G,2022,55.777165
JPN,PIT_R_TH,PT_WG_EARN_G,2023,55.665275
JPN,PIT_R_TH,PT_WG_EARN_G,2024,55.60933
JPN,PIT_R_TH,PT_WG_EARN_G,2025,55.637302
JPN,PIT_SSC_R_TH,PT_WG_EARN_G,2015,56.165275
JPN,PIT_SSC_R_TH,PT_WG_EARN_G,2016,56.121221
JPN,PIT_SSC_R_TH,PT_WG_EARN_G,2017,56.077165
JPN,PIT_SSC_R_TH,PT_WG_EARN_G,2018,56.077165
JPN,PIT_SSC_R_TH,PT_WG_EARN_G,2019,56.077165
JPN,PIT_SSC_R_TH,PT_WG_EARN_G,2020,56.165275
JPN,PIT_SSC_R_TH,PT_WG_EARN_G,2021,56.077165
JPN,PIT_SSC_R_TH,PT_WG_EARN_G,2022,56.077165
JPN,PIT_SSC_R_TH,PT_WG_EARN_G,2023,56.165275
JPN,PIT_SSC_R_TH,PT_WG_EARN_G,2024,56.20933
JPN,PIT_SSC_R_TH,PT_WG_EARN_G,2025,56.187302
JPN,TS_PIT,PT_WG_EARN_G,2015,55.945
JPN,TS_PIT,PT_WG_EARN_G,2016,55.945
JPN,TS_PIT,PT_WG_EARN_G,2017,55.945
JPN,TS_PIT,PT_WG_EARN_G,2018,55.945
JPN,TS_PIT,PT_WG_EARN_G,2019,55.945
JPN,TS_PIT,PT_WG_EARN_G,2020,55.945
JPN,TS_PIT,PT_WG_EARN_G,2021,55.945
JPN,TS_PIT,PT_WG_EARN_G,2022,55.945
JPN,TS_PIT,PT_WG_EARN_G,2023,55.945
JPN,TS_PIT,PT_WG_EARN_G,2024,55.945
JPN,TS_PIT,PT_WG_EARN_G,2025,55.945
JPN,TS_PIT_TH,FCTR_WG_A_SAL_A,2015,8.739852
JPN,TS_PIT_TH,FCTR_WG_A_SAL_A,2016,8.632352
JPN,TS_PIT_TH,FCTR_WG_A_SAL_A,2017,8.595115
JPN,TS_PIT_TH,FCTR_WG_A_SAL_A,2018,8.493955
JPN,TS_PIT_TH,FCTR_WG_A_SAL_A,2019,8.469835
JPN,TS_PIT_TH,FCTR_WG_A_SAL_A,2020,8.324279
JPN,TS_PIT_TH,FCTR_WG_A_SAL_A,2021,8.575664
JPN,TS_PIT_TH,FCTR_WG_A_SAL_A,2022,8.445833
JPN,TS_PIT_TH,FCTR_WG_A_SAL_A,2023,8.289439
JPN,TS_PIT_TH,FCTR_WG_A_SAL_A,2024,7.898953
JPN,TS_PIT_TH,FCTR_WG_A_SAL_A,2025,7.669291
JPN,WGE,USD_PPP,2015,49143.728912
JPN,WGE,USD_PPP,2016,48698.982663
JPN,WGE,USD_PPP,2017,48955.414937
JPN,WGE,USD_PPP,2018,49990.394916
JPN,WGE,USD_PPP,2019,50583.001475
JPN,WGE,USD_PPP,2020,50452.835048
JPN,WGE,USD_PPP,2021,51279.320544
JPN,WGE,USD_PPP,2022,54655.343517
JPN,WGE,USD_PPP,2023,55355.314074
JPN,WGE,USD_PPP,2024,58248.526621
JPN,WGE,USD_PPP,2025,59729.258975
JPN,WGE,XDC,2015,5083905.909774
JPN,WGE,XDC,2016,5138692.374145
JPN,WGE,XDC,2017,5145307.169232
JPN,WGE,XDC,2018,5206931.367501
JPN,WGE,XDC,2019,5221759.592271
JPN,WGE,XDC,2020,5251659.559002
JPN,WGE,XDC,2021,5087487.487619
JPN,WGE,XDC,2022,5165693.391993
JPN,WGE,XDC,2023,5273732.131696
JPN,WGE,XDC,2024,5540007.665037
JPN,WGE,XDC,2025,5703038.490627
KOR,PIT_R_TH,PT_WG_EARN_G,2015,39.340574
KOR,PIT_R_TH,PT_WG_EARN_G,2016,39.329443
KOR,PIT_R_TH,PT_WG_EARN_G,2017,41.399413
KOR,PIT_R_TH,PT_WG_EARN_G,2018,43.427886
KOR,PIT_R_TH,PT_WG_EARN_G,2019,43.339124
KOR,PIT_R_TH,PT_WG_EARN_G,2020,44.131701
KOR,PIT_R_TH,PT_WG_EARN_G,2021,47.21055
KOR,PIT_R_TH,PT_WG_EARN_G,2022,47.13694
KOR,PIT_R_TH,PT_WG_EARN_G,2023,47.074948
KOR,PIT_R_TH,PT_WG_EARN_G,2024,47.072484
KOR,PIT_R_TH,PT_WG_EARN_G,2025,47.072483
KOR,PIT_SSC_R_TH,PT_WG_EARN_G,2015,43.224366
KOR,PIT_SSC_R_TH,PT_WG_EARN_G,2016,43.239866
KOR,PIT_SSC_R_TH,PT_WG_EARN_G,2017,45.309835
KOR,PIT_SSC_R_TH,PT_WG_EARN_G,2018,47.428142
KOR,PIT_SSC_R_TH,PT_WG_EARN_G,2019,47.531497
KOR,PIT_SSC_R_TH,PT_WG_EARN_G,2020,48.608539
KOR,PIT_SSC_R_TH,PT_WG_EARN_G,2021,51.835686
KOR,PIT_SSC_R_TH,PT_WG_EARN_G,2022,51.910776
KOR,PIT_SSC_R_TH,PT_WG_EARN_G,2023,51.974062
KOR,PIT_SSC_R_TH,PT_WG_EARN_G,2024,51.976562
KOR,PIT_SSC_R_TH,PT_WG_EARN_G,2025,51.976561
KOR,TS_PIT,PT_WG_EARN_G,2015,41.8
KOR,TS_PIT,PT_WG_EARN_G,2016,41.8
KOR,TS_PIT,PT_WG_EARN_G,2017,43.999998
KOR,TS_PIT,PT_WG_EARN_G,2018,46.200005
KOR,TS_PIT,PT_WG_EARN_G,2019,46.199998
KOR,TS_PIT,PT_WG_EARN_G,2020,46.200001
KOR,TS_PIT,PT_WG_EARN_G,2021,49.499989
KOR,TS_PIT,PT_WG_EARN_G,2022,49.499992
KOR,TS_PIT,PT_WG_EARN_G,2023,49.500014
KOR,TS_PIT,PT_WG_EARN_G,2024,49.500003
KOR,TS_PIT,PT_WG_EARN_G,2025,49.500003
KOR,TS_PIT_TH,FCTR_WG_A_SAL_A,2015,4.456371
KOR,TS_PIT_TH,FCTR_WG_A_SAL_A,2016,4.27601
KOR,TS_PIT_TH,FCTR_WG_A_SAL_A,2017,12.88879
KOR,TS_PIT_TH,FCTR_WG_A_SAL_A,2018,12.244843
KOR,TS_PIT_TH,FCTR_WG_A_SAL_A,2019,11.903192
KOR,TS_PIT_TH,FCTR_WG_A_SAL_A,2020,11.736734
KOR,TS_PIT_TH,FCTR_WG_A_SAL_A,2021,21.796074
KOR,TS_PIT_TH,FCTR_WG_A_SAL_A,2022,20.665668
KOR,TS_PIT_TH,FCTR_WG_A_SAL_A,2023,20.074675
KOR,TS_PIT_TH,FCTR_WG_A_SAL_A,2024,19.508361
KOR,TS_PIT_TH,FCTR_WG_A_SAL_A,2025,18.991063
KOR,WGE,USD_PPP,2015,46298.899483
KOR,WGE,USD_PPP,2016,48204.733413
KOR,WGE,USD_PPP,2017,48820.46143
KOR,WGE,USD_PPP,2018,52514.53744
KOR,WGE,USD_PPP,2019,54610.77994
KOR,WGE,USD_PPP,2020,56373.347528
KOR,WGE,USD_PPP,2021,59373.762935
KOR,WGE,USD_PPP,2022,63746.104176
KOR,WGE,USD_PPP,2023,64785.774983
KOR,WGE,USD_PPP,2024,65846.122774
KOR,WGE,USD_PPP,2025,67593.727024
KOR,WGE,XDC,2015,39695196
KOR,WGE,XDC,2016,41398692
KOR,WGE,XDC,2017,42601944
KOR,WGE,XDC,2018,44893176
KOR,WGE,XDC,2019,46285248
KOR,WGE,XDC,2020,46753752
KOR,WGE,XDC,2021,49272372
KOR,WGE,XDC,2022,52055568
KOR,WGE,XDC,2023,53667996
KOR,WGE,XDC,2024,55238136
KOR,WGE,XDC,2025,56749796.536392
LTU,PIT_R_TH,PT_WG_EARN_G,2015,15
LTU,PIT_R_TH,PT_WG_EARN_G,2016,15
LTU,PIT_R_TH,PT_WG_EARN_G,2017,15
LTU,PIT_R_TH,PT_WG_EARN_G,2018,15
LTU,PIT_R_TH,PT_WG_EARN_G,2019,27
LTU,PIT_R_TH,PT_WG_EARN_G,2020,32
LTU,PIT_R_TH,PT_WG_EARN_G,2021,32
LTU,PIT_R_TH,PT_WG_EARN_G,2022,32
LTU,PIT_R_TH,PT_WG_EARN_G,2023,32
LTU,PIT_R_TH,PT_WG_EARN_G,2024,32
LTU,PIT_R_TH,PT_WG_EARN_G,2025,32
LTU,PIT_SSC_R_TH,PT_WG_EARN_G,2015,24
LTU,PIT_SSC_R_TH,PT_WG_EARN_G,2016,24
LTU,PIT_SSC_R_TH,PT_WG_EARN_G,2017,24
LTU,PIT_SSC_R_TH,PT_WG_EARN_G,2018,24
LTU,PIT_SSC_R_TH,PT_WG_EARN_G,2019,33.98
LTU,PIT_SSC_R_TH,PT_WG_EARN_G,2020,38.98
LTU,PIT_SSC_R_TH,PT_WG_EARN_G,2021,38.98
LTU,PIT_SSC_R_TH,PT_WG_EARN_G,2022,38.98
LTU,PIT_SSC_R_TH,PT_WG_EARN_G,2023,38.98
LTU,PIT_SSC_R_TH,PT_WG_EARN_G,2024,38.98
LTU,PIT_SSC_R_TH,PT_WG_EARN_G,2025,38.98
LTU,TS_PIT,PT_WG_EARN_G,2015,15
LTU,TS_PIT,PT_WG_EARN_G,2016,15
LTU,TS_PIT,PT_WG_EARN_G,2017,15
LTU,TS_PIT,PT_WG_EARN_G,2018,15
LTU,TS_PIT,PT_WG_EARN_G,2019,27
LTU,TS_PIT,PT_WG_EARN_G,2020,32
LTU,TS_PIT,PT_WG_EARN_G,2021,32
LTU,TS_PIT,PT_WG_EARN_G,2022,32
LTU,TS_PIT,PT_WG_EARN_G,2023,32
LTU,TS_PIT,PT_WG_EARN_G,2024,32
LTU,TS_PIT,PT_WG_EARN_G,2025,32
LTU,TS_PIT_TH,FCTR_WG_A_SAL_A,2015,0.231005
LTU,TS_PIT_TH,FCTR_WG_A_SAL_A,2016,0.256148
LTU,TS_PIT_TH,FCTR_WG_A_SAL_A,2017,0.364149
LTU,TS_PIT_TH,FCTR_WG_A_SAL_A,2018,0.408492
LTU,TS_PIT_TH,FCTR_WG_A_SAL_A,2019,8.833456
LTU,TS_PIT_TH,FCTR_WG_A_SAL_A,2020,6.190679
LTU,TS_PIT_TH,FCTR_WG_A_SAL_A,2021,4.372888
LTU,TS_PIT_TH,FCTR_WG_A_SAL_A,2022,4.257783
LTU,TS_PIT_TH,FCTR_WG_A_SAL_A,2023,4.246472
LTU,TS_PIT_TH,FCTR_WG_A_SAL_A,2024,4.39365
LTU,TS_PIT_TH,FCTR_WG_A_SAL_A,2025,4.443889
LTU,WGE,USD_PPP,2015,19345.897856
LTU,WGE,USD_PPP,2016,21370.358696
LTU,WGE,USD_PPP,2017,23074.727393
LTU,WGE,USD_PPP,2018,24994.407829
LTU,WGE,USD_PPP,2019,35744.512233
LTU,WGE,USD_PPP,2020,38861.01611
LTU,WGE,USD_PPP,2021,42186.959296
LTU,WGE,USD_PPP,2022,44930.770257
LTU,WGE,USD_PPP,2023,47168.623657
LTU,WGE,USD_PPP,2024,52076.837783
LTU,WGE,USD_PPP,2025,56642.771055
LTU,WGE,XDC,2015,8623.2
LTU,WGE,XDC,2016,9369.6
LTU,WGE,XDC,2017,10215.6
LTU,WGE,XDC,2018,11163
LTU,WGE,XDC,2019,15435
LTU,WGE,XDC,2020,16844.4
LTU,WGE,XDC,2021,18560.4
LTU,WGE,XDC,2022,21195.6
LTU,WGE,XDC,2023,23806.8
LTU,WGE,XDC,2024,25983.6
LTU,WGE,XDC,2025,28473.619829
LUX,PIT_R_TH,PT_WG_EARN_G,2015,43.6
LUX,PIT_R_TH,PT_WG_EARN_G,2016,43.6
LUX,PIT_R_TH,PT_WG_EARN_G,2017,45.78
LUX,PIT_R_TH,PT_WG_EARN_G,2018,45.78
LUX,PIT_R_TH,PT_WG_EARN_G,2019,45.78
LUX,PIT_R_TH,PT_WG_EARN_G,2020,45.78
LUX,PIT_R_TH,PT_WG_EARN_G,2021,45.78
LUX,PIT_R_TH,PT_WG_EARN_G,2022,45.78
LUX,PIT_R_TH,PT_WG_EARN_G,2023,45.78
LUX,PIT_R_TH,PT_WG_EARN_G,2024,45.78
LUX,PIT_R_TH,PT_WG_EARN_G,2025,45.78
LUX,PIT_SSC_R_TH,PT_WG_EARN_G,2015,45.5
LUX,PIT_SSC_R_TH,PT_WG_EARN_G,2016,45.5
LUX,PIT_SSC_R_TH,PT_WG_EARN_G,2017,47.18
LUX,PIT_SSC_R_TH,PT_WG_EARN_G,2018,47.18
LUX,PIT_SSC_R_TH,PT_WG_EARN_G,2019,47.18
LUX,PIT_SSC_R_TH,PT_WG_EARN_G,2020,47.18
LUX,PIT_SSC_R_TH,PT_WG_EARN_G,2021,47.18
LUX,PIT_SSC_R_TH,PT_WG_EARN_G,2022,47.18
LUX,PIT_SSC_R_TH,PT_WG_EARN_G,2023,47.18
LUX,PIT_SSC_R_TH,PT_WG_EARN_G,2024,47.18
LUX,PIT_SSC_R_TH,PT_WG_EARN_G,2025,47.18
LUX,TS_PIT,PT_WG_EARN_G,2015,43.6
LUX,TS_PIT,PT_WG_EARN_G,2016,43.6
LUX,TS_PIT,PT_WG_EARN_G,2017,45.78
LUX,TS_PIT,PT_WG_EARN_G,2018,45.78
LUX,TS_PIT,PT_WG_EARN_G,2019,45.78
LUX,TS_PIT,PT_WG_EARN_G,2020,45.78
LUX,TS_PIT,PT_WG_EARN_G,2021,45.78
LUX,TS_PIT,PT_WG_EARN_G,2022,45.78
LUX,TS_PIT,PT_WG_EARN_G,2023,45.78
LUX,TS_PIT,PT_WG_EARN_G,2024,45.78
LUX,TS_PIT,PT_WG_EARN_G,2025,45.78
LUX,TS_PIT_TH,FCTR_WG_A_SAL_A,2015,2.932785
LUX,TS_PIT_TH,FCTR_WG_A_SAL_A,2016,2.902134
LUX,TS_PIT_TH,FCTR_WG_A_SAL_A,2017,3.679296
LUX,TS_PIT_TH,FCTR_WG_A_SAL_A,2018,3.587221
LUX,TS_PIT_TH,FCTR_WG_A_SAL_A,2019,3.526601
LUX,TS_PIT_TH,FCTR_WG_A_SAL_A,2020,3.340764
LUX,TS_PIT_TH,FCTR_WG_A_SAL_A,2021,3.291102
LUX,TS_PIT_TH,FCTR_WG_A_SAL_A,2022,3.149519
LUX,TS_PIT_TH,FCTR_WG_A_SAL_A,2023,2.972912
LUX,TS_PIT_TH,FCTR_WG_A_SAL_A,2024,3.170297
LUX,TS_PIT_TH,FCTR_WG_A_SAL_A,2025,3.25869
LUX,WGE,USD_PPP,2015,63401.165236
LUX,WGE,USD_PPP,2016,66261.759361
LUX,WGE,USD_PPP,2017,68651.765751
LUX,WGE,USD_PPP,2018,70368.004791
LUX,WGE,USD_PPP,2019,73419.207016
LUX,WGE,USD_PPP,2020,76863.421209
LUX,WGE,USD_PPP,2021,78526.894666
LUX,WGE,USD_PPP,2022,83692.898359
LUX,WGE,USD_PPP,2023,85483.385464
LUX,WGE,USD_PPP,2024,89408.291133
LUX,WGE,USD_PPP,2025,93202.517297
LUX,WGE,XDC,2015,55858
LUX,WGE,XDC,2016,56448
LUX,WGE,XDC,2017,58238
LUX,WGE,XDC,2018,59733
LUX,WGE,XDC,2019,60896
LUX,WGE,XDC,2020,64424
LUX,WGE,XDC,2021,65517
LUX,WGE,XDC,2022,68578
LUX,WGE,XDC,2023,72943
LUX,WGE,XDC,2024,75341
LUX,WGE,XDC,2025,77844.332108
LVA,PIT_R_TH,PT_WG_EARN_G,2015,8.51
LVA,PIT_R_TH,PT_WG_EARN_G,2016,4.485
LVA,PIT_R_TH,PT_WG_EARN_G,2017,2.07
LVA,PIT_R_TH,PT_WG_EARN_G,2018,29.2
LVA,PIT_R_TH,PT_WG_EARN_G,2019,31.3
LVA,PIT_R_TH,PT_WG_EARN_G,2020,31.3
LVA,PIT_R_TH,PT_WG_EARN_G,2021,30.9
LVA,PIT_R_TH,PT_WG_EARN_G,2022,30.9
LVA,PIT_R_TH,PT_WG_EARN_G,2023,30.9
LVA,PIT_R_TH,PT_WG_EARN_G,2024,30.9
LVA,PIT_R_TH,PT_WG_EARN_G,2025,0
LVA,PIT_SSC_R_TH,PT_WG_EARN_G,2015,19.01
LVA,PIT_SSC_R_TH,PT_WG_EARN_G,2016,14.985
LVA,PIT_SSC_R_TH,PT_WG_EARN_G,2017,12.57
LVA,PIT_SSC_R_TH,PT_WG_EARN_G,2018,40.2
LVA,PIT_SSC_R_TH,PT_WG_EARN_G,2019,31.8
LVA,PIT_SSC_R_TH,PT_WG_EARN_G,2020,31.8
LVA,PIT_SSC_R_TH,PT_WG_EARN_G,2021,31.4
LVA,PIT_SSC_R_TH,PT_WG_EARN_G,2022,31.4
LVA,PIT_SSC_R_TH,PT_WG_EARN_G,2023,31.4
LVA,PIT_SSC_R_TH,PT_WG_EARN_G,2024,31.4
LVA,PIT_SSC_R_TH,PT_WG_EARN_G,2025,10.5
LVA,TS_PIT,PT_WG_EARN_G,2015,23
LVA,TS_PIT,PT_WG_EARN_G,2016,23
LVA,TS_PIT,PT_WG_EARN_G,2017,23
LVA,TS_PIT,PT_WG_EARN_G,2018,35.280899
LVA,TS_PIT,PT_WG_EARN_G,2019,31.557789
LVA,TS_PIT,PT_WG_EARN_G,2020,31.557789
LVA,TS_PIT,PT_WG_EARN_G,2021,31.155779
LVA,TS_PIT,PT_WG_EARN_G,2022,31.155779
LVA,TS_PIT,PT_WG_EARN_G,2023,31.155779
LVA,TS_PIT,PT_WG_EARN_G,2024,31.155779
LVA,TS_PIT,PT_WG_EARN_G,2025,0
LVA,TS_PIT_TH,FCTR_WG_A_SAL_A,2015,0.104819
LVA,TS_PIT_TH,FCTR_WG_A_SAL_A,2016,0.13215
LVA,TS_PIT_TH,FCTR_WG_A_SAL_A,2017,0.140346
LVA,TS_PIT_TH,FCTR_WG_A_SAL_A,2018,4.625039
LVA,TS_PIT_TH,FCTR_WG_A_SAL_A,2019,4.904767
LVA,TS_PIT_TH,FCTR_WG_A_SAL_A,2020,4.598755
LVA,TS_PIT_TH,FCTR_WG_A_SAL_A,2021,4.111032
LVA,TS_PIT_TH,FCTR_WG_A_SAL_A,2022,4.733394
LVA,TS_PIT_TH,FCTR_WG_A_SAL_A,2023,4.245488
LVA,TS_PIT_TH,FCTR_WG_A_SAL_A,2024,3.906599
LVA,TS_PIT_TH,FCTR_WG_A_SAL_A,2025,0
LVA,WGE,USD_PPP,2015,19274.856382
LVA,WGE,USD_PPP,2016,20927.340614
LVA,WGE,USD_PPP,2017,22660.887378
LVA,WGE,USD_PPP,2018,24272.830039
LVA,WGE,USD_PPP,2019,26686.027389
LVA,WGE,USD_PPP,2020,29075.858645
LVA,WGE,USD_PPP,2021,32914.494027
LVA,WGE,USD_PPP,2022,34326.550077
LVA,WGE,USD_PPP,2023,36675.733304
LVA,WGE,USD_PPP,2024,40621.843207
LVA,WGE,USD_PPP,2025,42975.030219
LVA,WGE,XDC,2015,9588
LVA,WGE,XDC,2016,10140
LVA,WGE,XDC,2017,10980
LVA,WGE,XDC,2018,11892
LVA,WGE,XDC,2019,12804
LVA,WGE,XDC,2020,13656
LVA,WGE,XDC,2021,15276
LVA,WGE,XDC,2022,16500
LVA,WGE,XDC,2023,18396
LVA,WGE,XDC,2024,19992
LVA,WGE,XDC,2025,21320.854934
MEX,PIT_R_TH,PT_WG_EARN_G,2015,35
MEX,PIT_R_TH,PT_WG_EARN_G,2016,35
MEX,PIT_R_TH,PT_WG_EARN_G,2017,35
MEX,PIT_R_TH,PT_WG_EARN_G,2018,35
MEX,PIT_R_TH,PT_WG_EARN_G,2019,35
MEX,PIT_R_TH,PT_WG_EARN_G,2020,35
MEX,PIT_R_TH,PT_WG_EARN_G,2021,35
MEX,PIT_R_TH,PT_WG_EARN_G,2022,35
MEX,PIT_R_TH,PT_WG_EARN_G,2023,35
MEX,PIT_R_TH,PT_WG_EARN_G,2024,35
MEX,PIT_R_TH,PT_WG_EARN_G,2025,35
MEX,PIT_SSC_R_TH,PT_WG_EARN_G,2015,35
MEX,PIT_SSC_R_TH,PT_WG_EARN_G,2016,35
MEX,PIT_SSC_R_TH,PT_WG_EARN_G,2017,35
MEX,PIT_SSC_R_TH,PT_WG_EARN_G,2018,35
MEX,PIT_SSC_R_TH,PT_WG_EARN_G,2019,35
MEX,PIT_SSC_R_TH,PT_WG_EARN_G,2020,35
MEX,PIT_SSC_R_TH,PT_WG_EARN_G,2021,35
MEX,PIT_SSC_R_TH,PT_WG_EARN_G,2022,35
MEX,PIT_SSC_R_TH,PT_WG_EARN_G,2023,35
MEX,PIT_SSC_R_TH,PT_WG_EARN_G,2024,35
MEX,PIT_SSC_R_TH,PT_WG_EARN_G,2025,35
MEX,TS_PIT,PT_WG_EARN_G,2015,35
MEX,TS_PIT,PT_WG_EARN_G,2016,35
MEX,TS_PIT,PT_WG_EARN_G,2017,35
MEX,TS_PIT,PT_WG_EARN_G,2018,35
MEX,TS_PIT,PT_WG_EARN_G,2019,35
MEX,TS_PIT,PT_WG_EARN_G,2020,35
MEX,TS_PIT,PT_WG_EARN_G,2021,35
MEX,TS_PIT,PT_WG_EARN_G,2022,35
MEX,TS_PIT,PT_WG_EARN_G,2023,35
MEX,TS_PIT,PT_WG_EARN_G,2024,35
MEX,TS_PIT,PT_WG_EARN_G,2025,35
MEX,TS_PIT_TH,FCTR_WG_A_SAL_A,2015,27.92276
MEX,TS_PIT_TH,FCTR_WG_A_SAL_A,2016,26.87409
MEX,TS_PIT_TH,FCTR_WG_A_SAL_A,2017,25.660191
MEX,TS_PIT_TH,FCTR_WG_A_SAL_A,2018,28.201692
MEX,TS_PIT_TH,FCTR_WG_A_SAL_A,2019,26.30794
MEX,TS_PIT_TH,FCTR_WG_A_SAL_A,2020,25.31648
MEX,TS_PIT_TH,FCTR_WG_A_SAL_A,2021,25.40676
MEX,TS_PIT_TH,FCTR_WG_A_SAL_A,2022,22.723394
MEX,TS_PIT_TH,FCTR_WG_A_SAL_A,2023,23.60615
MEX,TS_PIT_TH,FCTR_WG_A_SAL_A,2024,21.48079
MEX,TS_PIT_TH,FCTR_WG_A_SAL_A,2025,20.56753
MEX,WGE,USD_PPP,2015,12917.629319
MEX,WGE,USD_PPP,2016,13231.521972
MEX,WGE,USD_PPP,2017,13131.128261
MEX,WGE,USD_PPP,2018,13387.250723
MEX,WGE,USD_PPP,2019,13972.070303
MEX,WGE,USD_PPP,2020,14095.718496
MEX,WGE,USD_PPP,2021,15265.896395
MEX,WGE,USD_PPP,2022,17495.765255
MEX,WGE,USD_PPP,2023,19366.856422
MEX,WGE,USD_PPP,2024,20841.364627
MEX,WGE,USD_PPP,2025,21239.312179
MEX,WGE,XDC,2015,107550.83
MEX,WGE,XDC,2016,111754
MEX,WGE,XDC,2017,117045
MEX,WGE,XDC,2018,124185
MEX,WGE,XDC,2019,133131
MEX,WGE,XDC,2020,138349
MEX,WGE,XDC,2021,153588
MEX,WGE,XDC,2022,171738
MEX,WGE,XDC,2023,191322
MEX,WGE,XDC,2024,210262
MEX,WGE,XDC,2025,219608.225941
NLD,PIT_R_TH,PT_WG_EARN_G,2015,49.544087
NLD,PIT_R_TH,PT_WG_EARN_G,2016,49.754715
NLD,PIT_R_TH,PT_WG_EARN_G,2017,49.640557
NLD,PIT_R_TH,PT_WG_EARN_G,2018,49.810208
NLD,PIT_R_TH,PT_WG_EARN_G,2019,49.79581
NLD,PIT_R_TH,PT_WG_EARN_G,2020,47.361617
NLD,PIT_R_TH,PT_WG_EARN_G,2021,47.680845
NLD,PIT_R_TH,PT_WG_EARN_G,2022,48.082728
NLD,PIT_R_TH,PT_WG_EARN_G,2023,48.139305
NLD,PIT_R_TH,PT_WG_EARN_G,2024,48.006194
NLD,PIT_R_TH,PT_WG_EARN_G,2025,47.828874
NLD,PIT_SSC_R_TH,PT_WG_EARN_G,2015,52.65942
NLD,PIT_SSC_R_TH,PT_WG_EARN_G,2016,52.6512
NLD,PIT_SSC_R_TH,PT_WG_EARN_G,2017,52.197272
NLD,PIT_SSC_R_TH,PT_WG_EARN_G,2018,52.378095
NLD,PIT_SSC_R_TH,PT_WG_EARN_G,2019,54.0309
NLD,PIT_SSC_R_TH,PT_WG_EARN_G,2020,51.4818
NLD,PIT_SSC_R_TH,PT_WG_EARN_G,2021,51.8592
NLD,PIT_SSC_R_TH,PT_WG_EARN_G,2022,52.20448
NLD,PIT_SSC_R_TH,PT_WG_EARN_G,2023,52.727789
NLD,PIT_SSC_R_TH,PT_WG_EARN_G,2024,52.576584
NLD,PIT_SSC_R_TH,PT_WG_EARN_G,2025,52.542991
NLD,TS_PIT,PT_WG_EARN_G,2015,52
NLD,TS_PIT,PT_WG_EARN_G,2016,52
NLD,TS_PIT,PT_WG_EARN_G,2017,52
NLD,TS_PIT,PT_WG_EARN_G,2018,51.95
NLD,TS_PIT,PT_WG_EARN_G,2019,51.75
NLD,TS_PIT,PT_WG_EARN_G,2020,49.5
NLD,TS_PIT,PT_WG_EARN_G,2021,49.5
NLD,TS_PIT,PT_WG_EARN_G,2022,49.5
NLD,TS_PIT,PT_WG_EARN_G,2023,49.5
NLD,TS_PIT,PT_WG_EARN_G,2024,49.5
NLD,TS_PIT,PT_WG_EARN_G,2025,49.5
NLD,TS_PIT_TH,FCTR_WG_A_SAL_A,2015,1.223137
NLD,TS_PIT_TH,FCTR_WG_A_SAL_A,2016,1.393037
NLD,TS_PIT_TH,FCTR_WG_A_SAL_A,2017,1.38825
NLD,TS_PIT_TH,FCTR_WG_A_SAL_A,2018,1.392983
NLD,TS_PIT_TH,FCTR_WG_A_SAL_A,2019,1.364903
NLD,TS_PIT_TH,FCTR_WG_A_SAL_A,2020,1.330203
NLD,TS_PIT_TH,FCTR_WG_A_SAL_A,2021,1.284229
NLD,TS_PIT_TH,FCTR_WG_A_SAL_A,2022,1.234923
NLD,TS_PIT_TH,FCTR_WG_A_SAL_A,2023,1.232149
NLD,TS_PIT_TH,FCTR_WG_A_SAL_A,2024,1.198127
NLD,TS_PIT_TH,FCTR_WG_A_SAL_A,2025,1.169261
NLD,WGE,USD_PPP,2015,61178.553207
NLD,WGE,USD_PPP,2016,63008.548729
NLD,WGE,USD_PPP,2017,65013.099916
NLD,WGE,USD_PPP,2018,66418.060737
NLD,WGE,USD_PPP,2019,69031.66816
NLD,WGE,USD_PPP,2020,73158.527715
NLD,WGE,USD_PPP,2021,75950.581675
NLD,WGE,USD_PPP,2022,80924.398872
NLD,WGE,USD_PPP,2023,81506.332268
NLD,WGE,USD_PPP,2024,88445.520024
NLD,WGE,USD_PPP,2025,92904.558675
NLD,WGE,XDC,2015,49540
NLD,WGE,XDC,2016,50120
NLD,WGE,XDC,2017,50850
NLD,WGE,XDC,2018,51590
NLD,WGE,XDC,2019,52970
NLD,WGE,XDC,2020,54710
NLD,WGE,XDC,2021,56320
NLD,WGE,XDC,2022,58890
NLD,WGE,XDC,2023,62160
NLD,WGE,XDC,2024,66190
NLD,WGE,XDC,2025,69028.457785
NOR,PIT_R_TH,PT_WG_EARN_G,2015,39
NOR,PIT_R_TH,PT_WG_EARN_G,2016,38.7
NOR,PIT_R_TH,PT_WG_EARN_G,2017,38.52
NOR,PIT_R_TH,PT_WG_EARN_G,2018,38.4
NOR,PIT_R_TH,PT_WG_EARN_G,2019,38.2
NOR,PIT_R_TH,PT_WG_EARN_G,2020,38.2
NOR,PIT_R_TH,PT_WG_EARN_G,2021,38.2
NOR,PIT_R_TH,PT_WG_EARN_G,2022,39.4
NOR,PIT_R_TH,PT_WG_EARN_G,2023,39.5
NOR,PIT_R_TH,PT_WG_EARN_G,2024,39.6
NOR,PIT_R_TH,PT_WG_EARN_G,2025,39.7
NOR,PIT_SSC_R_TH,PT_WG_EARN_G,2015,47.2
NOR,PIT_SSC_R_TH,PT_WG_EARN_G,2016,46.9
NOR,PIT_SSC_R_TH,PT_WG_EARN_G,2017,46.72
NOR,PIT_SSC_R_TH,PT_WG_EARN_G,2018,46.6
NOR,PIT_SSC_R_TH,PT_WG_EARN_G,2019,46.4
NOR,PIT_SSC_R_TH,PT_WG_EARN_G,2020,46.4
NOR,PIT_SSC_R_TH,PT_WG_EARN_G,2021,46.4
NOR,PIT_SSC_R_TH,PT_WG_EARN_G,2022,47.4
NOR,PIT_SSC_R_TH,PT_WG_EARN_G,2023,47.4
NOR,PIT_SSC_R_TH,PT_WG_EARN_G,2024,47.4
NOR,PIT_SSC_R_TH,PT_WG_EARN_G,2025,47.4
NOR,TS_PIT,PT_WG_EARN_G,2015,39
NOR,TS_PIT,PT_WG_EARN_G,2016,38.7
NOR,TS_PIT,PT_WG_EARN_G,2017,38.52
NOR,TS_PIT,PT_WG_EARN_G,2018,38.4
NOR,TS_PIT,PT_WG_EARN_G,2019,38.2
NOR,TS_PIT,PT_WG_EARN_G,2020,38.2
NOR,TS_PIT,PT_WG_EARN_G,2021,38.2
NOR,TS_PIT,PT_WG_EARN_G,2022,39.4
NOR,TS_PIT,PT_WG_EARN_G,2023,39.5
NOR,TS_PIT,PT_WG_EARN_G,2024,39.6
NOR,TS_PIT,PT_WG_EARN_G,2025,39.7
NOR,TS_PIT_TH,FCTR_WG_A_SAL_A,2015,1.59089
NOR,TS_PIT_TH,FCTR_WG_A_SAL_A,2016,1.616283
NOR,TS_PIT_TH,FCTR_WG_A_SAL_A,2017,1.632658
NOR,TS_PIT_TH,FCTR_WG_A_SAL_A,2018,1.628185
NOR,TS_PIT_TH,FCTR_WG_A_SAL_A,2019,1.574887
NOR,TS_PIT_TH,FCTR_WG_A_SAL_A,2020,1.589437
NOR,TS_PIT_TH,FCTR_WG_A_SAL_A,2021,1.550312
NOR,TS_PIT_TH,FCTR_WG_A_SAL_A,2022,2.901491
NOR,TS_PIT_TH,FCTR_WG_A_SAL_A,2023,2.061817
NOR,TS_PIT_TH,FCTR_WG_A_SAL_A,2024,1.754441
NOR,TS_PIT_TH,FCTR_WG_A_SAL_A,2025,1.75971
NOR,WGE,USD_PPP,2015,56060.240072
NOR,WGE,USD_PPP,2016,56034.060496
NOR,WGE,USD_PPP,2017,58676.655249
NOR,WGE,USD_PPP,2018,61650.327335
NOR,WGE,USD_PPP,2019,64614.064373
NOR,WGE,USD_PPP,2020,65587.171624
NOR,WGE,USD_PPP,2021,73339.329318
NOR,WGE,USD_PPP,2022,80804.076184
NOR,WGE,USD_PPP,2023,79057.070992
NOR,WGE,USD_PPP,2024,83338.139289
NOR,WGE,USD_PPP,2025,87721.968569
NOR,WGE,XDC,2015,556669.880662
NOR,WGE,XDC,2016,562711
NOR,WGE,XDC,2017,572104
NOR,WGE,XDC,2018,590873
NOR,WGE,XDC,2019,612616
NOR,WGE,XDC,2020,628871
NOR,WGE,XDC,2021,658932.128808
NOR,WGE,XDC,2022,689301
NOR,WGE,XDC,2023,727514
NOR,WGE,XDC,2024,769476
NOR,WGE,XDC,2025,801694.997447
NZL,PIT_R_TH,PT_WG_EARN_G,2015,33
NZL,PIT_R_TH,PT_WG_EARN_G,2016,33
NZL,PIT_R_TH,PT_WG_EARN_G,2017,33
NZL,PIT_R_TH,PT_WG_EARN_G,2018,33
NZL,PIT_R_TH,PT_WG_EARN_G,2019,33
NZL,PIT_R_TH,PT_WG_EARN_G,2020,33
NZL,PIT_R_TH,PT_WG_EARN_G,2021,39
NZL,PIT_R_TH,PT_WG_EARN_G,2022,39
NZL,PIT_R_TH,PT_WG_EARN_G,2023,39
NZL,PIT_R_TH,PT_WG_EARN_G,2024,39
NZL,PIT_R_TH,PT_WG_EARN_G,2025,39
NZL,PIT_SSC_R_TH,PT_WG_EARN_G,2015,33
NZL,PIT_SSC_R_TH,PT_WG_EARN_G,2016,33
NZL,PIT_SSC_R_TH,PT_WG_EARN_G,2017,33
NZL,PIT_SSC_R_TH,PT_WG_EARN_G,2018,33
NZL,PIT_SSC_R_TH,PT_WG_EARN_G,2019,33
NZL,PIT_SSC_R_TH,PT_WG_EARN_G,2020,33
NZL,PIT_SSC_R_TH,PT_WG_EARN_G,2021,39
NZL,PIT_SSC_R_TH,PT_WG_EARN_G,2022,39
NZL,PIT_SSC_R_TH,PT_WG_EARN_G,2023,39
NZL,PIT_SSC_R_TH,PT_WG_EARN_G,2024,39
NZL,PIT_SSC_R_TH,PT_WG_EARN_G,2025,39
NZL,TS_PIT,PT_WG_EARN_G,2015,33
NZL,TS_PIT,PT_WG_EARN_G,2016,33
NZL,TS_PIT,PT_WG_EARN_G,2017,33
NZL,TS_PIT,PT_WG_EARN_G,2018,33
NZL,TS_PIT,PT_WG_EARN_G,2019,33
NZL,TS_PIT,PT_WG_EARN_G,2020,33
NZL,TS_PIT,PT_WG_EARN_G,2021,39
NZL,TS_PIT,PT_WG_EARN_G,2022,39
NZL,TS_PIT,PT_WG_EARN_G,2023,39
NZL,TS_PIT,PT_WG_EARN_G,2024,39
NZL,TS_PIT,PT_WG_EARN_G,2025,39
NZL,TS_PIT_TH,FCTR_WG_A_SAL_A,2015,1.240343
NZL,TS_PIT_TH,FCTR_WG_A_SAL_A,2016,1.203228
NZL,TS_PIT_TH,FCTR_WG_A_SAL_A,2017,1.174848
NZL,TS_PIT_TH,FCTR_WG_A_SAL_A,2018,1.14233
NZL,TS_PIT_TH,FCTR_WG_A_SAL_A,2019,1.108116
NZL,TS_PIT_TH,FCTR_WG_A_SAL_A,2020,1.07703
NZL,TS_PIT_TH,FCTR_WG_A_SAL_A,2021,2.72906
NZL,TS_PIT_TH,FCTR_WG_A_SAL_A,2022,2.550012
NZL,TS_PIT_TH,FCTR_WG_A_SAL_A,2023,2.368395
NZL,TS_PIT_TH,FCTR_WG_A_SAL_A,2024,2.249475
NZL,TS_PIT_TH,FCTR_WG_A_SAL_A,2025,2.166774
NZL,WGE,USD_PPP,2015,38249.558369
NZL,WGE,USD_PPP,2016,40372.432536
NZL,WGE,USD_PPP,2017,41638.503332
NZL,WGE,USD_PPP,2018,41684.705165
NZL,WGE,USD_PPP,2019,43970.694161
NZL,WGE,USD_PPP,2020,45675.615429
NZL,WGE,USD_PPP,2021,45062.934432
NZL,WGE,USD_PPP,2022,49241.691347
NZL,WGE,USD_PPP,2023,51658.570485
NZL,WGE,USD_PPP,2024,54733.677522
NZL,WGE,USD_PPP,2025,56533.961592
NZL,WGE,XDC,2015,56436
NZL,WGE,XDC,2016,58177
NZL,WGE,XDC,2017,59583
NZL,WGE,XDC,2018,61279
NZL,WGE,XDC,2019,63171
NZL,WGE,XDC,2020,64994
NZL,WGE,XDC,2021,65957
NZL,WGE,XDC,2022,70588
NZL,WGE,XDC,2023,76001
NZL,WGE,XDC,2024,80019
NZL,WGE,XDC,2025,83073
POL,PIT_R_TH,PT_WG_EARN_G,2015,20.925325
POL,PIT_R_TH,PT_WG_EARN_G,2016,20.925325
POL,PIT_R_TH,PT_WG_EARN_G,2017,22.082225
POL,PIT_R_TH,PT_WG_EARN_G,2018,22.082225
POL,PIT_R_TH,PT_WG_EARN_G,2019,22.066162
POL,PIT_R_TH,PT_WG_EARN_G,2020,22.017932
POL,PIT_R_TH,PT_WG_EARN_G,2021,22.017932
POL,PIT_R_TH,PT_WG_EARN_G,2022,27.6128
POL,PIT_R_TH,PT_WG_EARN_G,2023,27.6128
POL,PIT_R_TH,PT_WG_EARN_G,2024,27.6128
POL,PIT_R_TH,PT_WG_EARN_G,2025,27.6128
POL,PIT_SSC_R_TH,PT_WG_EARN_G,2015,38.751185
POL,PIT_SSC_R_TH,PT_WG_EARN_G,2016,38.751185
POL,PIT_SSC_R_TH,PT_WG_EARN_G,2017,39.908085
POL,PIT_SSC_R_TH,PT_WG_EARN_G,2018,39.908085
POL,PIT_SSC_R_TH,PT_WG_EARN_G,2019,39.892022
POL,PIT_SSC_R_TH,PT_WG_EARN_G,2020,39.843792
POL,PIT_SSC_R_TH,PT_WG_EARN_G,2021,39.843792
POL,PIT_SSC_R_TH,PT_WG_EARN_G,2022,45.43866
POL,PIT_SSC_R_TH,PT_WG_EARN_G,2023,45.43866
POL,PIT_SSC_R_TH,PT_WG_EARN_G,2024,45.43866
POL,PIT_SSC_R_TH,PT_WG_EARN_G,2025,45.43866
POL,TS_PIT,PT_WG_EARN_G,2015,32
POL,TS_PIT,PT_WG_EARN_G,2016,32
POL,TS_PIT,PT_WG_EARN_G,2017,32
POL,TS_PIT,PT_WG_EARN_G,2018,32
POL,TS_PIT,PT_WG_EARN_G,2019,32
POL,TS_PIT,PT_WG_EARN_G,2020,32
POL,TS_PIT,PT_WG_EARN_G,2021,32
POL,TS_PIT,PT_WG_EARN_G,2022,32
POL,TS_PIT,PT_WG_EARN_G,2023,32
POL,TS_PIT,PT_WG_EARN_G,2024,32
POL,TS_PIT,PT_WG_EARN_G,2025,32
POL,TS_PIT_TH,FCTR_WG_A_SAL_A,2015,2.181915
POL,TS_PIT_TH,FCTR_WG_A_SAL_A,2016,2.110023
POL,TS_PIT_TH,FCTR_WG_A_SAL_A,2017,1.973042
POL,TS_PIT_TH,FCTR_WG_A_SAL_A,2018,1.836534
POL,TS_PIT_TH,FCTR_WG_A_SAL_A,2019,1.726467
POL,TS_PIT_TH,FCTR_WG_A_SAL_A,2020,1.537408
POL,TS_PIT_TH,FCTR_WG_A_SAL_A,2021,1.52857
POL,TS_PIT_TH,FCTR_WG_A_SAL_A,2022,1.873822
POL,TS_PIT_TH,FCTR_WG_A_SAL_A,2023,1.659162
POL,TS_PIT_TH,FCTR_WG_A_SAL_A,2024,1.479211
POL,TS_PIT_TH,FCTR_WG_A_SAL_A,2025,1.34808
POL,WGE,USD_PPP,2015,26144.666436
POL,WGE,USD_PPP,2016,27531.456045
POL,WGE,USD_PPP,2017,29273.396354
POL,WGE,USD_PPP,2018,31349.346736
POL,WGE,USD_PPP,2019,34491.636137
POL,WGE,USD_PPP,2020,39296.084363
POL,WGE,USD_PPP,2021,38292.122915
POL,WGE,USD_PPP,2022,41622.735433
POL,WGE,USD_PPP,2023,43152.039064
POL,WGE,USD_PPP,2024,48736.477019
POL,WGE,USD_PPP,2025,53558.228036
POL,WGE,XDC,2015,46136
POL,WGE,XDC,2016,47707.7
POL,WGE,XDC,2017,51020
POL,WGE,XDC,2018,54812
POL,WGE,XDC,2019,58586
POL,WGE,XDC,2020,66732
POL,WGE,XDC,2021,67118
POL,WGE,XDC,2022,76071
POL,WGE,XDC,2023,85913
POL,WGE,XDC,2024,96364
POL,WGE,XDC,2025,105737.51428
PRT,PIT_R_TH,PT_WG_EARN_G,2015,50.285
PRT,PIT_R_TH,PT_WG_EARN_G,2016,50.285
PRT,PIT_R_TH,PT_WG_EARN_G,2017,50.0269
PRT,PIT_R_TH,PT_WG_EARN_G,2018,47.17
PRT,PIT_R_TH,PT_WG_EARN_G,2019,47.17
PRT,PIT_R_TH,PT_WG_EARN_G,2020,47.17
PRT,PIT_R_TH,PT_WG_EARN_G,2021,47.17
PRT,PIT_R_TH,PT_WG_EARN_G,2022,47.17
PRT,PIT_R_TH,PT_WG_EARN_G,2023,47.17
PRT,PIT_R_TH,PT_WG_EARN_G,2024,47.17
PRT,PIT_R_TH,PT_WG_EARN_G,2025,47.17
PRT,PIT_SSC_R_TH,PT_WG_EARN_G,2015,61.285
PRT,PIT_SSC_R_TH,PT_WG_EARN_G,2016,61.285
PRT,PIT_SSC_R_TH,PT_WG_EARN_G,2017,61.0269
PRT,PIT_SSC_R_TH,PT_WG_EARN_G,2018,58.17
PRT,PIT_SSC_R_TH,PT_WG_EARN_G,2019,58.17
PRT,PIT_SSC_R_TH,PT_WG_EARN_G,2020,58.17
PRT,PIT_SSC_R_TH,PT_WG_EARN_G,2021,58.17
PRT,PIT_SSC_R_TH,PT_WG_EARN_G,2022,58.17
PRT,PIT_SSC_R_TH,PT_WG_EARN_G,2023,58.17
PRT,PIT_SSC_R_TH,PT_WG_EARN_G,2024,58.17
PRT,PIT_SSC_R_TH,PT_WG_EARN_G,2025,58.17
PRT,TS_PIT,PT_WG_EARN_G,2015,56.5
PRT,TS_PIT,PT_WG_EARN_G,2016,56.5
PRT,TS_PIT,PT_WG_EARN_G,2017,56.21
PRT,TS_PIT,PT_WG_EARN_G,2018,53
PRT,TS_PIT,PT_WG_EARN_G,2019,53
PRT,TS_PIT,PT_WG_EARN_G,2020,53
PRT,TS_PIT,PT_WG_EARN_G,2021,53
PRT,TS_PIT,PT_WG_EARN_G,2022,53
PRT,TS_PIT,PT_WG_EARN_G,2023,53
PRT,TS_PIT,PT_WG_EARN_G,2024,53
PRT,TS_PIT,PT_WG_EARN_G,2025,53
PRT,TS_PIT_TH,FCTR_WG_A_SAL_A,2015,17.79962
PRT,TS_PIT_TH,FCTR_WG_A_SAL_A,2016,15.980727
PRT,TS_PIT_TH,FCTR_WG_A_SAL_A,2017,15.622325
PRT,TS_PIT_TH,FCTR_WG_A_SAL_A,2018,15.037109
PRT,TS_PIT_TH,FCTR_WG_A_SAL_A,2019,14.351723
PRT,TS_PIT_TH,FCTR_WG_A_SAL_A,2020,14.13854
PRT,TS_PIT_TH,FCTR_WG_A_SAL_A,2021,15.101345
PRT,TS_PIT_TH,FCTR_WG_A_SAL_A,2022,14.230982
PRT,TS_PIT_TH,FCTR_WG_A_SAL_A,2023,13.064419
PRT,TS_PIT_TH,FCTR_WG_A_SAL_A,2024,12.150613
PRT,TS_PIT_TH,FCTR_WG_A_SAL_A,2025,11.581589
PRT,WGE,USD_PPP,2015,26986.134856
PRT,WGE,USD_PPP,2016,27874.479845
PRT,WGE,USD_PPP,2017,28265.088126
PRT,WGE,USD_PPP,2018,29315.560978
PRT,WGE,USD_PPP,2019,31731.848348
PRT,WGE,USD_PPP,2020,32542.2389
PRT,WGE,USD_PPP,2021,34416.068595
PRT,WGE,USD_PPP,2022,37617.10845
PRT,WGE,USD_PPP,2023,40260.802914
PRT,WGE,USD_PPP,2024,43909.916527
PRT,WGE,USD_PPP,2025,45882.41288
PRT,WGE,XDC,2015,15781.214516
PRT,WGE,XDC,2016,17577.361123
PRT,WGE,XDC,2017,17980.647974
PRT,WGE,XDC,2018,18680.436361
PRT,WGE,XDC,2019,19572.518212
PRT,WGE,XDC,2020,19867.656273
PRT,WGE,XDC,2021,18600.922321
PRT,WGE,XDC,2022,19738.567677
PRT,WGE,XDC,2023,21501.103119
PRT,WGE,XDC,2024,23118.113774
PRT,WGE,XDC,2025,24253.97963
SVK,PIT_R_TH,PT_WG_EARN_G,2015,21.65
SVK,PIT_R_TH,PT_WG_EARN_G,2016,21.65
SVK,PIT_R_TH,PT_WG_EARN_G,2017,21.65
SVK,PIT_R_TH,PT_WG_EARN_G,2018,21.65
SVK,PIT_R_TH,PT_WG_EARN_G,2019,21.65
SVK,PIT_R_TH,PT_WG_EARN_G,2020,21.65
SVK,PIT_R_TH,PT_WG_EARN_G,2021,21.65
SVK,PIT_R_TH,PT_WG_EARN_G,2022,21.65
SVK,PIT_R_TH,PT_WG_EARN_G,2023,21.65
SVK,PIT_R_TH,PT_WG_EARN_G,2024,21.65
SVK,PIT_R_TH,PT_WG_EARN_G,2025,21.65
SVK,PIT_SSC_R_TH,PT_WG_EARN_G,2015,35.05
SVK,PIT_SSC_R_TH,PT_WG_EARN_G,2016,35.05
SVK,PIT_SSC_R_TH,PT_WG_EARN_G,2017,35.05
SVK,PIT_SSC_R_TH,PT_WG_EARN_G,2018,35.05
SVK,PIT_SSC_R_TH,PT_WG_EARN_G,2019,35.05
SVK,PIT_SSC_R_TH,PT_WG_EARN_G,2020,35.05
SVK,PIT_SSC_R_TH,PT_WG_EARN_G,2021,35.05
SVK,PIT_SSC_R_TH,PT_WG_EARN_G,2022,35.05
SVK,PIT_SSC_R_TH,PT_WG_EARN_G,2023,35.05
SVK,PIT_SSC_R_TH,PT_WG_EARN_G,2024,35.05
SVK,PIT_SSC_R_TH,PT_WG_EARN_G,2025,35.05
SVK,TS_PIT,PT_WG_EARN_G,2015,25
SVK,TS_PIT,PT_WG_EARN_G,2016,25
SVK,TS_PIT,PT_WG_EARN_G,2017,25
SVK,TS_PIT,PT_WG_EARN_G,2018,25
SVK,TS_PIT,PT_WG_EARN_G,2019,25
SVK,TS_PIT,PT_WG_EARN_G,2020,25
SVK,TS_PIT,PT_WG_EARN_G,2021,25
SVK,TS_PIT,PT_WG_EARN_G,2022,25
SVK,TS_PIT,PT_WG_EARN_G,2023,25
SVK,TS_PIT,PT_WG_EARN_G,2024,25
SVK,TS_PIT,PT_WG_EARN_G,2025,25
SVK,TS_PIT_TH,FCTR_WG_A_SAL_A,2015,3.680808
SVK,TS_PIT_TH,FCTR_WG_A_SAL_A,2016,3.576551
SVK,TS_PIT_TH,FCTR_WG_A_SAL_A,2017,3.443444
SVK,TS_PIT_TH,FCTR_WG_A_SAL_A,2018,3.269759
SVK,TS_PIT_TH,FCTR_WG_A_SAL_A,2019,3.182854
SVK,TS_PIT_TH,FCTR_WG_A_SAL_A,2020,3.198286
SVK,TS_PIT_TH,FCTR_WG_A_SAL_A,2021,3.050888
SVK,TS_PIT_TH,FCTR_WG_A_SAL_A,2022,2.835669
SVK,TS_PIT_TH,FCTR_WG_A_SAL_A,2023,2.776287
SVK,TS_PIT_TH,FCTR_WG_A_SAL_A,2024,2.993728
SVK,TS_PIT_TH,FCTR_WG_A_SAL_A,2025,2.855355
SVK,WGE,USD_PPP,2015,22358.425708
SVK,WGE,USD_PPP,2016,22481.780407
SVK,WGE,USD_PPP,2017,22747.095137
SVK,WGE,USD_PPP,2018,23689.186069
SVK,WGE,USD_PPP,2019,25796.328267
SVK,WGE,USD_PPP,2020,27446.644272
SVK,WGE,USD_PPP,2021,29459.001171
SVK,WGE,USD_PPP,2022,31845.904281
SVK,WGE,USD_PPP,2023,33201.860256
SVK,WGE,USD_PPP,2024,35811.633128
SVK,WGE,USD_PPP,2025,38118.022762
SVK,WGE,XDC,2015,10987.3
SVK,WGE,XDC,2016,11307.425298
SVK,WGE,XDC,2017,11744.648876
SVK,WGE,XDC,2018,12455.318275
SVK,WGE,XDC,2019,13153.883427
SVK,WGE,XDC,2020,13417.93
SVK,WGE,XDC,2021,14375.959135
SVK,WGE,XDC,2022,15699.647832
SVK,WGE,XDC,2023,17238.650941
SVK,WGE,XDC,2024,18336.45951
SVK,WGE,XDC,2025,19590.427201
SVN,PIT_R_TH,PT_WG_EARN_G,2015,38.95
SVN,PIT_R_TH,PT_WG_EARN_G,2016,38.95
SVN,PIT_R_TH,PT_WG_EARN_G,2017,38.95
SVN,PIT_R_TH,PT_WG_EARN_G,2018,38.95
SVN,PIT_R_TH,PT_WG_EARN_G,2019,38.95
SVN,PIT_R_TH,PT_WG_EARN_G,2020,38.95
SVN,PIT_R_TH,PT_WG_EARN_G,2021,38.95
SVN,PIT_R_TH,PT_WG_EARN_G,2022,35.055
SVN,PIT_R_TH,PT_WG_EARN_G,2023,38.95
SVN,PIT_R_TH,PT_WG_EARN_G,2024,38.95
SVN,PIT_R_TH,PT_WG_EARN_G,2025,38.7
SVN,PIT_SSC_R_TH,PT_WG_EARN_G,2015,61.05
SVN,PIT_SSC_R_TH,PT_WG_EARN_G,2016,61.05
SVN,PIT_SSC_R_TH,PT_WG_EARN_G,2017,61.05
SVN,PIT_SSC_R_TH,PT_WG_EARN_G,2018,61.05
SVN,PIT_SSC_R_TH,PT_WG_EARN_G,2019,61.05
SVN,PIT_SSC_R_TH,PT_WG_EARN_G,2020,61.05
SVN,PIT_SSC_R_TH,PT_WG_EARN_G,2021,61.05
SVN,PIT_SSC_R_TH,PT_WG_EARN_G,2022,57.155
SVN,PIT_SSC_R_TH,PT_WG_EARN_G,2023,61.05
SVN,PIT_SSC_R_TH,PT_WG_EARN_G,2024,61.05
SVN,PIT_SSC_R_TH,PT_WG_EARN_G,2025,61.3
SVN,TS_PIT,PT_WG_EARN_G,2015,50
SVN,TS_PIT,PT_WG_EARN_G,2016,50
SVN,TS_PIT,PT_WG_EARN_G,2017,50
SVN,TS_PIT,PT_WG_EARN_G,2018,50
SVN,TS_PIT,PT_WG_EARN_G,2019,50
SVN,TS_PIT,PT_WG_EARN_G,2020,50
SVN,TS_PIT,PT_WG_EARN_G,2021,50
SVN,TS_PIT,PT_WG_EARN_G,2022,45
SVN,TS_PIT,PT_WG_EARN_G,2023,50
SVN,TS_PIT,PT_WG_EARN_G,2024,50
SVN,TS_PIT,PT_WG_EARN_G,2025,50
SVN,TS_PIT_TH,FCTR_WG_A_SAL_A,2015,5.265523
SVN,TS_PIT_TH,FCTR_WG_A_SAL_A,2016,5.194874
SVN,TS_PIT_TH,FCTR_WG_A_SAL_A,2017,5.056709
SVN,TS_PIT_TH,FCTR_WG_A_SAL_A,2018,4.868058
SVN,TS_PIT_TH,FCTR_WG_A_SAL_A,2019,4.700871
SVN,TS_PIT_TH,FCTR_WG_A_SAL_A,2020,4.603398
SVN,TS_PIT_TH,FCTR_WG_A_SAL_A,2021,4.350842
SVN,TS_PIT_TH,FCTR_WG_A_SAL_A,2022,4.272849
SVN,TS_PIT_TH,FCTR_WG_A_SAL_A,2023,3.921356
SVN,TS_PIT_TH,FCTR_WG_A_SAL_A,2024,3.617203
SVN,TS_PIT_TH,FCTR_WG_A_SAL_A,2025,3.589237
SVN,WGE,USD_PPP,2015,30399.674716
SVN,WGE,USD_PPP,2016,31775.792889
SVN,WGE,USD_PPP,2017,33042.213235
SVN,WGE,USD_PPP,2018,34476.033892
SVN,WGE,USD_PPP,2019,37238.709194
SVN,WGE,USD_PPP,2020,39556.047602
SVN,WGE,USD_PPP,2021,41445.521015
SVN,WGE,USD_PPP,2022,44799.658503
SVN,WGE,USD_PPP,2023,46358.003592
SVN,WGE,USD_PPP,2024,50692.08417
SVN,WGE,USD_PPP,2025,53697.461285
SVN,WGE,XDC,2015,18092
SVN,WGE,XDC,2016,18338
SVN,WGE,XDC,2017,18839
SVN,WGE,XDC,2018,19569
SVN,WGE,XDC,2019,20265
SVN,WGE,XDC,2020,21054
SVN,WGE,XDC,2021,22276
SVN,WGE,XDC,2022,23632
SVN,WGE,XDC,2023,25914
SVN,WGE,XDC,2024,28242
SVN,WGE,XDC,2025,30135.4194
SWE,PIT_R_TH,PT_WG_EARN_G,2015,56.99
SWE,PIT_R_TH,PT_WG_EARN_G,2016,60.1
SWE,PIT_R_TH,PT_WG_EARN_G,2017,60.12
SWE,PIT_R_TH,PT_WG_EARN_G,2018,60.12
SWE,PIT_R_TH,PT_WG_EARN_G,2019,60.19
SWE,PIT_R_TH,PT_WG_EARN_G,2020,45.28
SWE,PIT_R_TH,PT_WG_EARN_G,2021,45.27
SWE,PIT_R_TH,PT_WG_EARN_G,2022,45.24
SWE,PIT_R_TH,PT_WG_EARN_G,2023,52.24
SWE,PIT_R_TH,PT_WG_EARN_G,2024,52.37
SWE,PIT_R_TH,PT_WG_EARN_G,2025,45.41
SWE,PIT_SSC_R_TH,PT_WG_EARN_G,2015,56.99
SWE,PIT_SSC_R_TH,PT_WG_EARN_G,2016,60.1
SWE,PIT_SSC_R_TH,PT_WG_EARN_G,2017,60.12
SWE,PIT_SSC_R_TH,PT_WG_EARN_G,2018,60.12
SWE,PIT_SSC_R_TH,PT_WG_EARN_G,2019,60.19
SWE,PIT_SSC_R_TH,PT_WG_EARN_G,2020,52.28
SWE,PIT_SSC_R_TH,PT_WG_EARN_G,2021,52.27
SWE,PIT_SSC_R_TH,PT_WG_EARN_G,2022,52.24
SWE,PIT_SSC_R_TH,PT_WG_EARN_G,2023,52.24
SWE,PIT_SSC_R_TH,PT_WG_EARN_G,2024,52.37
SWE,PIT_SSC_R_TH,PT_WG_EARN_G,2025,52.41
SWE,TS_PIT,PT_WG_EARN_G,2015,56.99
SWE,TS_PIT,PT_WG_EARN_G,2016,57.1
SWE,TS_PIT,PT_WG_EARN_G,2017,57.12
SWE,TS_PIT,PT_WG_EARN_G,2018,57.12
SWE,TS_PIT,PT_WG_EARN_G,2019,57.19
SWE,TS_PIT,PT_WG_EARN_G,2020,52.28
SWE,TS_PIT,PT_WG_EARN_G,2021,52.27
SWE,TS_PIT,PT_WG_EARN_G,2022,52.24
SWE,TS_PIT,PT_WG_EARN_G,2023,52.24
SWE,TS_PIT,PT_WG_EARN_G,2024,52.37
SWE,TS_PIT,PT_WG_EARN_G,2025,52.41
SWE,TS_PIT_TH,FCTR_WG_A_SAL_A,2015,1.519275
SWE,TS_PIT_TH,FCTR_WG_A_SAL_A,2016,1.503143
SWE,TS_PIT_TH,FCTR_WG_A_SAL_A,2017,1.49517
SWE,TS_PIT_TH,FCTR_WG_A_SAL_A,2018,1.50956
SWE,TS_PIT_TH,FCTR_WG_A_SAL_A,2019,1.544646
SWE,TS_PIT_TH,FCTR_WG_A_SAL_A,2020,1.127048
SWE,TS_PIT_TH,FCTR_WG_A_SAL_A,2021,1.127806
SWE,TS_PIT_TH,FCTR_WG_A_SAL_A,2022,1.123706
SWE,TS_PIT_TH,FCTR_WG_A_SAL_A,2023,1.188518
SWE,TS_PIT_TH,FCTR_WG_A_SAL_A,2024,1.139588
SWE,TS_PIT_TH,FCTR_WG_A_SAL_A,2025,1.15434
SWE,WGE,USD_PPP,2015,46780.910116
SWE,WGE,USD_PPP,2016,48167.621477
SWE,WGE,USD_PPP,2017,49232.809612
SWE,WGE,USD_PPP,2018,50482.182307
SWE,WGE,USD_PPP,2019,53013.885185
SWE,WGE,USD_PPP,2020,55026.92474
SWE,WGE,USD_PPP,2021,56945.387397
SWE,WGE,USD_PPP,2022,58600.113096
SWE,WGE,USD_PPP,2023,58923.614265
SWE,WGE,USD_PPP,2024,62870.64411
SWE,WGE,USD_PPP,2025,66356.452739
SWE,WGE,XDC,2015,414105
SWE,WGE,XDC,2016,424963
SWE,WGE,XDC,2017,435821
SWE,WGE,XDC,2018,447569
SWE,WGE,XDC,2019,455072
SWE,WGE,XDC,2020,464186
SWE,WGE,XDC,2021,476276
SWE,WGE,XDC,2022,493770
SWE,WGE,XDC,2023,516511
SWE,WGE,XDC,2024,539923
SWE,WGE,XDC,2025,557053.314182
TUR,PIT_R_TH,PT_WG_EARN_G,2015,35.8
TUR,PIT_R_TH,PT_WG_EARN_G,2016,35.8
TUR,PIT_R_TH,PT_WG_EARN_G,2017,30.5
TUR,PIT_R_TH,PT_WG_EARN_G,2018,30.5
TUR,PIT_R_TH,PT_WG_EARN_G,2019,30.5
TUR,PIT_R_TH,PT_WG_EARN_G,2020,40.8
TUR,PIT_R_TH,PT_WG_EARN_G,2021,40.8
TUR,PIT_R_TH,PT_WG_EARN_G,2022,40.8
TUR,PIT_R_TH,PT_WG_EARN_G,2023,40.8
TUR,PIT_R_TH,PT_WG_EARN_G,2024,40.8
TUR,PIT_R_TH,PT_WG_EARN_G,2025,40.8
TUR,PIT_SSC_R_TH,PT_WG_EARN_G,2015,35.8
TUR,PIT_SSC_R_TH,PT_WG_EARN_G,2016,35.8
TUR,PIT_SSC_R_TH,PT_WG_EARN_G,2017,45.5
TUR,PIT_SSC_R_TH,PT_WG_EARN_G,2018,45.5
TUR,PIT_SSC_R_TH,PT_WG_EARN_G,2019,45.5
TUR,PIT_SSC_R_TH,PT_WG_EARN_G,2020,40.8
TUR,PIT_SSC_R_TH,PT_WG_EARN_G,2021,40.8
TUR,PIT_SSC_R_TH,PT_WG_EARN_G,2022,40.8
TUR,PIT_SSC_R_TH,PT_WG_EARN_G,2023,40.8
TUR,PIT_SSC_R_TH,PT_WG_EARN_G,2024,40.8
TUR,PIT_SSC_R_TH,PT_WG_EARN_G,2025,40.8
TUR,TS_PIT,PT_WG_EARN_G,2015,35.76
TUR,TS_PIT,PT_WG_EARN_G,2016,35.76
TUR,TS_PIT,PT_WG_EARN_G,2017,35.76
TUR,TS_PIT,PT_WG_EARN_G,2018,35.76
TUR,TS_PIT,PT_WG_EARN_G,2019,35.76
TUR,TS_PIT,PT_WG_EARN_G,2020,40.76
TUR,TS_PIT,PT_WG_EARN_G,2021,40.76
TUR,TS_PIT,PT_WG_EARN_G,2022,40.76
TUR,TS_PIT,PT_WG_EARN_G,2023,40.76
TUR,TS_PIT,PT_WG_EARN_G,2024,40.76
TUR,TS_PIT,PT_WG_EARN_G,2025,40.76
TUR,TS_PIT_TH,FCTR_WG_A_SAL_A,2015,3.862626
TUR,TS_PIT_TH,FCTR_WG_A_SAL_A,2016,3.460417
TUR,TS_PIT_TH,FCTR_WG_A_SAL_A,2017,3.125218
TUR,TS_PIT_TH,FCTR_WG_A_SAL_A,2018,2.880756
TUR,TS_PIT_TH,FCTR_WG_A_SAL_A,2019,2.815569
TUR,TS_PIT_TH,FCTR_WG_A_SAL_A,2020,8.771485
TUR,TS_PIT_TH,FCTR_WG_A_SAL_A,2021,8.026402
TUR,TS_PIT_TH,FCTR_WG_A_SAL_A,2022,6.35787
TUR,TS_PIT_TH,FCTR_WG_A_SAL_A,2023,6.62478
TUR,TS_PIT_TH,FCTR_WG_A_SAL_A,2024,5.48864
TUR,TS_PIT_TH,FCTR_WG_A_SAL_A,2025,5.582718
TUR,WGE,USD_PPP,2015,26839.26351
TUR,WGE,USD_PPP,2016,30101.08284
TUR,WGE,USD_PPP,2017,29920.222559
TUR,WGE,USD_PPP,2018,30006.55736
TUR,WGE,USD_PPP,2019,33652.03435
TUR,WGE,USD_PPP,2020,34574.159862
TUR,WGE,USD_PPP,2021,31617.582999
TUR,WGE,USD_PPP,2022,33333.476449
TUR,WGE,USD_PPP,2023,42265.985524
TUR,WGE,USD_PPP,2024,51562.657626
TUR,WGE,USD_PPP,2025,54701.506517
TUR,WGE,XDC,2015,31191
TUR,WGE,XDC,2016,37357
TUR,WGE,XDC,2017,41409
TUR,WGE,XDC,2018,49007
TUR,WGE,XDC,2019,61841.235272
TUR,WGE,XDC,2020,72933
TUR,WGE,XDC,2021,87000
TUR,WGE,XDC,2022,150594
TUR,WGE,XDC,2023,310667.228044
TUR,WGE,XDC,2024,595782.226979
TUR,WGE,XDC,2025,833120.219588
USA,PIT_R_TH,PT_WG_EARN_G,2015,46.25
USA,PIT_R_TH,PT_WG_EARN_G,2016,46.25
USA,PIT_R_TH,PT_WG_EARN_G,2017,46.25
USA,PIT_R_TH,PT_WG_EARN_G,2018,43.65
USA,PIT_R_TH,PT_WG_EARN_G,2019,43.65
USA,PIT_R_TH,PT_WG_EARN_G,2020,43.65
USA,PIT_R_TH,PT_WG_EARN_G,2021,43.65
USA,PIT_R_TH,PT_WG_EARN_G,2022,43.65
USA,PIT_R_TH,PT_WG_EARN_G,2023,43.45
USA,PIT_R_TH,PT_WG_EARN_G,2024,43.65
USA,PIT_R_TH,PT_WG_EARN_G,2025,43.65
USA,PIT_SSC_R_TH,PT_WG_EARN_G,2015,48.6
USA,PIT_SSC_R_TH,PT_WG_EARN_G,2016,48.6
USA,PIT_SSC_R_TH,PT_WG_EARN_G,2017,48.6
USA,PIT_SSC_R_TH,PT_WG_EARN_G,2018,46
USA,PIT_SSC_R_TH,PT_WG_EARN_G,2019,46
USA,PIT_SSC_R_TH,PT_WG_EARN_G,2020,46
USA,PIT_SSC_R_TH,PT_WG_EARN_G,2021,46
USA,PIT_SSC_R_TH,PT_WG_EARN_G,2022,46
USA,PIT_SSC_R_TH,PT_WG_EARN_G,2023,45.8
USA,PIT_SSC_R_TH,PT_WG_EARN_G,2024,46
USA,PIT_SSC_R_TH,PT_WG_EARN_G,2025,46
USA,TS_PIT,PT_WG_EARN_G,2015,46.25
USA,TS_PIT,PT_WG_EARN_G,2016,46.25
USA,TS_PIT,PT_WG_EARN_G,2017,46.25
USA,TS_PIT,PT_WG_EARN_G,2018,43.65
USA,TS_PIT,PT_WG_EARN_G,2019,43.65
USA,TS_PIT,PT_WG_EARN_G,2020,43.65
USA,TS_PIT,PT_WG_EARN_G,2021,43.65
USA,TS_PIT,PT_WG_EARN_G,2022,43.65
USA,TS_PIT,PT_WG_EARN_G,2023,43.45
USA,TS_PIT,PT_WG_EARN_G,2024,43.65
USA,TS_PIT,PT_WG_EARN_G,2025,43.65
USA,TS_PIT_TH,FCTR_WG_A_SAL_A,2015,8.20792
USA,TS_PIT_TH,FCTR_WG_A_SAL_A,2016,8.088075
USA,TS_PIT_TH,FCTR_WG_A_SAL_A,2017,7.93496
USA,TS_PIT_TH,FCTR_WG_A_SAL_A,2018,9.299292
USA,TS_PIT_TH,FCTR_WG_A_SAL_A,2019,9.23521
USA,TS_PIT_TH,FCTR_WG_A_SAL_A,2020,8.918471
USA,TS_PIT_TH,FCTR_WG_A_SAL_A,2021,8.623598
USA,TS_PIT_TH,FCTR_WG_A_SAL_A,2022,8.525744
USA,TS_PIT_TH,FCTR_WG_A_SAL_A,2023,8.7403
USA,TS_PIT_TH,FCTR_WG_A_SAL_A,2024,8.825954
USA,TS_PIT_TH,FCTR_WG_A_SAL_A,2025,8.733675
USA,WGE,USD_PPP,2015,50963
USA,WGE,USD_PPP,2016,51945
USA,WGE,USD_PPP,2017,53375.89
USA,WGE,USD_PPP,2018,55058
USA,WGE,USD_PPP,2019,56577
USA,WGE,USD_PPP,2020,59517
USA,WGE,USD_PPP,2021,62172.48
USA,WGE,USD_PPP,2022,64844.82
USA,WGE,USD_PPP,2023,67729.42
USA,WGE,USD_PPP,2024,70695
USA,WGE,USD_PPP,2025,73520.082531
USA,WGE,XDC,2015,50963
USA,WGE,XDC,2016,51945
USA,WGE,XDC,2017,53375.89
USA,WGE,XDC,2018,55058
USA,WGE,XDC,2019,56577
USA,WGE,XDC,2020,59517
USA,WGE,XDC,2021,62172.48
USA,WGE,XDC,2022,64844.82
USA,WGE,XDC,2023,67729.42
USA,WGE,XDC,2024,70695
USA,WGE,XDC,2025,73520.082531
