group,value,firms,hurdle_rate_pct,wacc_pct,buffer_pct,source
all,all,220,15.02,9.04,5.98,"Graham, Presidential Address: Corporate Finance and Reality, NBER Working Paper 29841 (March 2022), Table II (2022 Duke CFO Survey, March 2019 wave), p. 63"
size,small,138,16.15,9.1,7.06,"Graham, Presidential Address: Corporate Finance and Reality, NBER Working Paper 29841 (March 2022), Table II (2022 Duke CFO Survey, March 2019 wave), p. 63"
size,large,82,13.11,8.95,4.16,"Graham, Presidential Address: Corporate Finance and Reality, NBER Working Paper 29841 (March 2022), Table II (2022 Duke CFO Survey, March 2019 wave), p. 63"
public,no,131,16.03,8.95,7.08,"Graham, Presidential Address: Corporate Finance and Reality, NBER Working Paper 29841 (March 2022), Table II (2022 Duke CFO Survey, March 2019 wave), p. 63"
public,yes,89,13.52,9.17,4.35,"Graham, Presidential Address: Corporate Finance and Reality, NBER Working Paper 29841 (March 2022), Table II (2022 Duke CFO Survey, March 2019 wave), p. 63"
growth_prospects,low,101,13.37,8.05,5.32,"Graham, Presidential Address: Corporate Finance and Reality, NBER Working Paper 29841 (March 2022), Table II (2022 Duke CFO Survey, March 2019 wave), p. 63"
growth_prospects,high,112,16.62,9.86,6.76,"Graham, Presidential Address: Corporate Finance and Reality, NBER Working Paper 29841 (March 2022), Table II (2022 Duke CFO Survey, March 2019 wave), p. 63"
pays_dividends,no,132,15.44,9.0,6.44,"Graham, Presidential Address: Corporate Finance and Reality, NBER Working Paper 29841 (March 2022), Table II (2022 Duke CFO Survey, March 2019 wave), p. 63"
pays_dividends,yes,88,14.39,9.11,5.28,"Graham, Presidential Address: Corporate Finance and Reality, NBER Working Paper 29841 (March 2022), Table II (2022 Duke CFO Survey, March 2019 wave), p. 63"
leverage,low,111,14.79,8.79,6.0,"Graham, Presidential Address: Corporate Finance and Reality, NBER Working Paper 29841 (March 2022), Table II (2022 Duke CFO Survey, March 2019 wave), p. 63"
leverage,high,101,15.65,9.28,6.37,"Graham, Presidential Address: Corporate Finance and Reality, NBER Working Paper 29841 (March 2022), Table II (2022 Duke CFO Survey, March 2019 wave), p. 63"
cash,low,112,16.07,8.94,7.13,"Graham, Presidential Address: Corporate Finance and Reality, NBER Working Paper 29841 (March 2022), Table II (2022 Duke CFO Survey, March 2019 wave), p. 63"
cash,high,79,14.72,9.17,5.55,"Graham, Presidential Address: Corporate Finance and Reality, NBER Working Paper 29841 (March 2022), Table II (2022 Duke CFO Survey, March 2019 wave), p. 63"
financial_flexibility,no,22,15.18,9.48,5.7,"Graham, Presidential Address: Corporate Finance and Reality, NBER Working Paper 29841 (March 2022), Table II (2022 Duke CFO Survey, March 2019 wave), p. 63"
financial_flexibility,yes,198,15.0,8.99,6.01,"Graham, Presidential Address: Corporate Finance and Reality, NBER Working Paper 29841 (March 2022), Table II (2022 Duke CFO Survey, March 2019 wave), p. 63"
