iso3,year,measure,share
AUS,2010,mortgage_burden,0.230169
AUS,2010,rent_burden,0.230974
AUS,2011,mortgage_burden,0.232663
AUS,2011,rent_burden,0.242636
AUS,2012,mortgage_burden,0.224928
AUS,2012,rent_burden,0.240838
AUS,2013,mortgage_burden,0.207300
AUS,2013,rent_burden,0.238133
AUS,2014,mortgage_burden,0.217737
AUS,2014,rent_burden,0.243015
AUS,2015,mortgage_burden,0.211390
AUS,2015,rent_burden,0.246367
AUS,2016,mortgage_burden,0.202947
AUS,2016,rent_burden,0.246969
AUS,2017,mortgage_burden,0.203285
AUS,2017,rent_burden,0.250699
AUS,2018,mortgage_burden,0.207657
AUS,2018,rent_burden,0.250707
AUS,2019,mortgage_burden,0.198765
AUS,2019,rent_burden,0.242177
AUS,2020,mortgage_burden,0.192629
AUS,2020,rent_burden,0.238245
AUS,2021,mortgage_burden,0.182440
AUS,2021,rent_burden,0.231343
AUT,2010,mortgage_burden,0.094371
AUT,2010,rent_burden,0.178518
AUT,2011,mortgage_burden,0.094206
AUT,2011,rent_burden,0.175052
AUT,2012,mortgage_burden,0.108738
AUT,2012,rent_burden,0.183745
AUT,2013,mortgage_burden,0.118464
AUT,2013,rent_burden,0.188078
AUT,2014,mortgage_burden,0.118508
AUT,2014,rent_burden,0.185984
AUT,2015,mortgage_burden,0.111275
AUT,2015,rent_burden,0.194653
AUT,2016,mortgage_burden,0.115886
AUT,2016,rent_burden,0.194352
AUT,2017,mortgage_burden,0.109239
AUT,2017,rent_burden,0.189112
AUT,2018,mortgage_burden,0.119491
AUT,2018,rent_burden,0.201232
AUT,2019,mortgage_burden,0.125205
AUT,2019,rent_burden,0.199300
AUT,2020,mortgage_burden,0.126453
AUT,2020,rent_burden,0.194357
AUT,2021,mortgage_burden,0.128595
AUT,2021,rent_burden,0.198460
AUT,2022,mortgage_burden,0.136271
AUT,2022,rent_burden,0.202513
AUT,2023,mortgage_burden,0.132308
AUT,2023,rent_burden,0.204493
AUT,2024,mortgage_burden,0.130801
AUT,2024,rent_burden,0.193695
BEL,2012,mortgage_burden,0.182875
BEL,2012,rent_burden,0.252286
BEL,2014,mortgage_burden,0.180260
BEL,2014,rent_burden,0.263580
BEL,2015,mortgage_burden,0.181449
BEL,2015,rent_burden,0.267501
BEL,2016,mortgage_burden,0.181118
BEL,2016,rent_burden,0.266298
BEL,2017,mortgage_burden,0.190620
BEL,2017,rent_burden,0.267480
BEL,2018,mortgage_burden,0.182554
BEL,2018,rent_burden,0.272727
BEL,2019,mortgage_burden,0.179299
BEL,2019,rent_burden,0.257192
BEL,2020,mortgage_burden,0.174307
BEL,2020,rent_burden,0.254190
BEL,2021,mortgage_burden,0.169592
BEL,2021,rent_burden,0.253727
BEL,2022,mortgage_burden,0.173460
BEL,2022,rent_burden,0.261055
BEL,2023,mortgage_burden,0.168572
BEL,2023,rent_burden,0.255392
BEL,2024,mortgage_burden,0.163692
BEL,2024,rent_burden,0.245291
BGR,2010,rent_burden,0.153103
BGR,2011,rent_burden,0.131494
BGR,2012,rent_burden,0.157011
BGR,2013,rent_burden,0.146070
BGR,2014,rent_burden,0.155792
BGR,2015,rent_burden,0.160428
BGR,2016,rent_burden,0.151511
BGR,2017,rent_burden,0.152654
BGR,2018,rent_burden,0.156649
BGR,2019,rent_burden,0.149636
BGR,2020,rent_burden,0.141338
BGR,2021,rent_burden,0.155587
BGR,2022,rent_burden,0.127171
BGR,2023,rent_burden,0.119476
BGR,2024,rent_burden,0.113675
CAN,2010,mortgage_burden,0.167010
CAN,2010,rent_burden,0.247605
CAN,2011,mortgage_burden,0.163990
CAN,2011,rent_burden,0.242424
CAN,2012,mortgage_burden,0.159762
CAN,2012,rent_burden,0.246249
CAN,2013,mortgage_burden,0.154661
CAN,2013,rent_burden,0.251770
CAN,2014,mortgage_burden,0.157315
CAN,2014,rent_burden,0.245077
CAN,2015,mortgage_burden,0.158028
CAN,2015,rent_burden,0.253819
CAN,2016,mortgage_burden,0.157265
CAN,2016,rent_burden,0.247066
CAN,2017,mortgage_burden,0.159423
CAN,2017,rent_burden,0.250000
CAN,2018,mortgage_burden,0.156695
CAN,2018,rent_burden,0.247168
CAN,2019,mortgage_burden,0.158387
CAN,2019,rent_burden,0.253448
CAN,2020,mortgage_burden,0.155014
CAN,2020,rent_burden,0.239252
CAN,2021,mortgage_burden,0.158152
CAN,2021,rent_burden,0.241727
CAN,2022,mortgage_burden,0.160342
CAN,2022,rent_burden,0.245112
CHE,2010,rent_burden,0.247469
CHE,2011,rent_burden,0.249008
CHE,2012,mortgage_burden,0.131569
CHE,2012,rent_burden,0.224960
CHE,2013,mortgage_burden,0.127729
CHE,2013,rent_burden,0.220563
CHE,2014,mortgage_burden,0.125014
CHE,2014,rent_burden,0.232789
CHE,2015,mortgage_burden,0.122602
CHE,2015,rent_burden,0.234791
CHE,2016,mortgage_burden,0.110526
CHE,2016,rent_burden,0.239164
CHE,2018,mortgage_burden,0.098436
CHE,2018,rent_burden,0.248934
CHE,2019,mortgage_burden,0.094392
CHE,2019,rent_burden,0.242855
CHE,2020,mortgage_burden,0.089313
CHE,2020,rent_burden,0.246556
CHE,2021,mortgage_burden,0.086366
CHE,2021,rent_burden,0.247272
CHE,2022,mortgage_burden,0.083015
CHE,2022,rent_burden,0.247270
CHE,2023,mortgage_burden,0.085592
CHE,2023,rent_burden,0.245614
CHL,2011,mortgage_burden,0.136687
CHL,2011,rent_burden,0.173487
CHL,2013,mortgage_burden,0.144493
CHL,2013,rent_burden,0.200000
CHL,2015,mortgage_burden,0.141509
CHL,2015,rent_burden,0.219534
CHL,2017,mortgage_burden,0.147173
CHL,2017,rent_burden,0.240000
CHL,2020,rent_burden,0.318232
CHL,2022,mortgage_burden,0.179104
CHL,2022,rent_burden,0.272727
COL,2010,mortgage_burden,0.141750
COL,2010,rent_burden,0.179205
COL,2011,mortgage_burden,0.132841
COL,2011,rent_burden,0.171717
COL,2012,mortgage_burden,0.138885
COL,2012,rent_burden,0.172414
COL,2013,mortgage_burden,0.141386
COL,2013,rent_burden,0.178295
COL,2014,mortgage_burden,0.144828
COL,2014,rent_burden,0.177815
COL,2015,mortgage_burden,0.146530
COL,2015,rent_burden,0.183015
COL,2016,mortgage_burden,0.145267
COL,2016,rent_burden,0.190981
COL,2017,mortgage_burden,0.154540
COL,2017,rent_burden,0.203075
COL,2018,mortgage_burden,0.158898
COL,2018,rent_burden,0.204014
COL,2019,mortgage_burden,0.166667
COL,2019,rent_burden,0.200000
COL,2020,mortgage_burden,0.149465
COL,2020,rent_burden,0.204775
COL,2021,mortgage_burden,0.184042
COL,2021,rent_burden,0.233422
COL,2022,mortgage_burden,0.179578
COL,2022,rent_burden,0.212937
COL,2023,mortgage_burden,0.162776
COL,2023,rent_burden,0.209107
COL,2024,mortgage_burden,0.197275
COL,2024,rent_burden,0.205726
CRI,2010,mortgage_burden,0.115795
CRI,2010,rent_burden,0.150455
CRI,2011,mortgage_burden,0.126357
CRI,2011,rent_burden,0.149060
CRI,2012,mortgage_burden,0.129407
CRI,2012,rent_burden,0.155440
CRI,2013,mortgage_burden,0.119098
CRI,2013,rent_burden,0.153846
CRI,2014,mortgage_burden,0.132281
CRI,2014,rent_burden,0.154883
CRI,2015,mortgage_burden,0.134130
CRI,2015,rent_burden,0.156250
CRI,2016,mortgage_burden,0.133500
CRI,2016,rent_burden,0.161282
CRI,2017,mortgage_burden,0.140857
CRI,2017,rent_burden,0.167306
CRI,2018,mortgage_burden,0.150813
CRI,2018,rent_burden,0.173911
CRI,2019,mortgage_burden,0.163506
CRI,2019,rent_burden,0.180672
CRI,2020,mortgage_burden,0.169589
CRI,2020,rent_burden,0.204056
CRI,2021,mortgage_burden,0.159913
CRI,2021,rent_burden,0.193157
CRI,2022,mortgage_burden,0.154108
CRI,2022,rent_burden,0.184774
CRI,2023,mortgage_burden,0.166071
CRI,2023,rent_burden,0.186460
CRI,2024,mortgage_burden,0.157094
CRI,2024,rent_burden,0.177484
CYP,2010,mortgage_burden,0.208752
CYP,2010,rent_burden,0.239653
CYP,2011,mortgage_burden,0.215085
CYP,2011,rent_burden,0.214268
CYP,2012,mortgage_burden,0.216614
CYP,2012,rent_burden,0.223614
CYP,2013,mortgage_burden,0.235130
CYP,2013,rent_burden,0.215751
CYP,2014,mortgage_burden,0.234328
CYP,2014,rent_burden,0.227642
CYP,2015,mortgage_burden,0.236129
CYP,2015,rent_burden,0.222692
CYP,2016,mortgage_burden,0.226453
CYP,2016,rent_burden,0.222866
CYP,2017,mortgage_burden,0.218539
CYP,2017,rent_burden,0.214095
CYP,2018,mortgage_burden,0.219987
CYP,2018,rent_burden,0.200108
CYP,2019,mortgage_burden,0.193528
CYP,2019,rent_burden,0.214286
CYP,2020,mortgage_burden,0.191759
CYP,2020,rent_burden,0.221743
CYP,2021,mortgage_burden,0.134946
CYP,2021,rent_burden,0.229256
CYP,2022,mortgage_burden,0.166796
CYP,2022,rent_burden,0.223744
CYP,2023,mortgage_burden,0.162651
CYP,2023,rent_burden,0.234153
CYP,2024,mortgage_burden,0.169142
CYP,2024,rent_burden,0.228388
CZE,2016,mortgage_burden,0.158012
CZE,2016,rent_burden,0.132813
CZE,2017,mortgage_burden,0.149283
CZE,2017,rent_burden,0.132886
CZE,2018,mortgage_burden,0.138528
CZE,2018,rent_burden,0.130419
CZE,2019,mortgage_burden,0.131462
CZE,2019,rent_burden,0.121838
CZE,2020,mortgage_burden,0.128420
CZE,2020,rent_burden,0.127935
CZE,2021,mortgage_burden,0.134630
CZE,2021,rent_burden,0.129495
CZE,2022,mortgage_burden,0.126181
CZE,2022,rent_burden,0.122545
CZE,2023,mortgage_burden,0.125388
CZE,2023,rent_burden,0.138825
CZE,2024,mortgage_burden,0.124087
CZE,2024,rent_burden,0.134430
DEU,2010,mortgage_burden,0.212121
DEU,2010,rent_burden,0.213182
DEU,2012,mortgage_burden,0.200000
DEU,2012,rent_burden,0.214540
DEU,2014,mortgage_burden,0.190476
DEU,2014,rent_burden,0.198806
DEU,2015,mortgage_burden,0.170075
DEU,2015,rent_burden,0.209351
DEU,2016,mortgage_burden,0.168370
DEU,2016,rent_burden,0.198493
DEU,2017,mortgage_burden,0.162826
DEU,2017,rent_burden,0.196010
DEU,2018,mortgage_burden,0.159247
DEU,2018,rent_burden,0.196034
DEU,2019,mortgage_burden,0.160154
DEU,2019,rent_burden,0.191105
DEU,2020,mortgage_burden,0.031461
DEU,2020,rent_burden,0.172568
DEU,2021,mortgage_burden,0.142580
DEU,2021,rent_burden,0.180589
DEU,2022,mortgage_burden,0.146841
DEU,2022,rent_burden,0.184939
DEU,2023,mortgage_burden,0.139594
DEU,2023,rent_burden,0.182080
DEU,2024,mortgage_burden,0.135526
DEU,2024,rent_burden,0.183912
DNK,2010,rent_burden,0.276778
DNK,2011,rent_burden,0.278087
DNK,2012,rent_burden,0.283240
DNK,2013,rent_burden,0.281571
DNK,2014,rent_burden,0.272753
DNK,2015,rent_burden,0.273180
DNK,2016,rent_burden,0.279134
DNK,2017,rent_burden,0.279269
DNK,2018,rent_burden,0.279816
DNK,2019,rent_burden,0.281459
DNK,2020,rent_burden,0.275696
DNK,2021,mortgage_burden,0.187769
DNK,2021,rent_burden,0.276457
DNK,2022,mortgage_burden,0.074006
DNK,2022,rent_burden,0.274302
DNK,2023,mortgage_burden,0.110362
DNK,2023,rent_burden,0.279660
DNK,2024,mortgage_burden,0.153686
DNK,2024,rent_burden,0.278006
ESP,2010,mortgage_burden,0.183933
ESP,2010,rent_burden,0.262567
ESP,2011,mortgage_burden,0.189847
ESP,2011,rent_burden,0.261575
ESP,2012,mortgage_burden,0.196294
ESP,2012,rent_burden,0.253572
ESP,2013,mortgage_burden,0.194036
ESP,2013,rent_burden,0.256038
ESP,2014,mortgage_burden,0.194967
ESP,2014,rent_burden,0.263061
ESP,2015,mortgage_burden,0.192729
ESP,2015,rent_burden,0.250491
ESP,2016,mortgage_burden,0.183613
ESP,2016,rent_burden,0.248730
ESP,2017,mortgage_burden,0.169002
ESP,2017,rent_burden,0.265230
ESP,2018,mortgage_burden,0.163856
ESP,2018,rent_burden,0.245150
ESP,2019,mortgage_burden,0.158722
ESP,2019,rent_burden,0.256056
ESP,2020,mortgage_burden,0.154059
ESP,2020,rent_burden,0.251133
ESP,2021,mortgage_burden,0.154914
ESP,2021,rent_burden,0.260012
ESP,2022,mortgage_burden,0.149404
ESP,2022,rent_burden,0.258014
ESP,2023,mortgage_burden,0.153668
ESP,2023,rent_burden,0.239403
ESP,2024,mortgage_burden,0.159279
ESP,2024,rent_burden,0.234534
EST,2010,mortgage_burden,0.174085
EST,2010,rent_burden,0.136748
EST,2011,mortgage_burden,0.183693
EST,2011,rent_burden,0.137076
EST,2012,mortgage_burden,0.168152
EST,2012,rent_burden,0.138348
EST,2013,mortgage_burden,0.144917
EST,2013,rent_burden,0.144068
EST,2014,mortgage_burden,0.131068
EST,2014,rent_burden,0.164799
EST,2015,mortgage_burden,0.123362
EST,2015,rent_burden,0.154066
EST,2016,mortgage_burden,0.123659
EST,2016,rent_burden,0.150975
EST,2017,mortgage_burden,0.117621
EST,2017,rent_burden,0.169487
EST,2018,mortgage_burden,0.112072
EST,2018,rent_burden,0.157062
EST,2019,mortgage_burden,0.116483
EST,2019,rent_burden,0.177629
EST,2020,mortgage_burden,0.121563
EST,2020,rent_burden,0.186745
EST,2021,mortgage_burden,0.105616
EST,2021,rent_burden,0.179037
EST,2022,mortgage_burden,0.095268
EST,2022,rent_burden,0.172907
EST,2023,mortgage_burden,0.104245
EST,2023,rent_burden,0.199140
EST,2024,mortgage_burden,0.137289
EST,2024,rent_burden,0.207514
FIN,2010,mortgage_burden,0.158940
FIN,2010,rent_burden,0.283833
FIN,2011,mortgage_burden,0.151604
FIN,2011,rent_burden,0.288876
FIN,2012,mortgage_burden,0.153521
FIN,2012,rent_burden,0.285747
FIN,2013,mortgage_burden,0.150909
FIN,2013,rent_burden,0.286347
FIN,2014,mortgage_burden,0.150178
FIN,2014,rent_burden,0.299193
FIN,2015,mortgage_burden,0.148496
FIN,2015,rent_burden,0.307183
FIN,2016,mortgage_burden,0.145038
FIN,2016,rent_burden,0.308066
FIN,2017,mortgage_burden,0.141591
FIN,2017,rent_burden,0.307677
FIN,2018,mortgage_burden,0.145658
FIN,2018,rent_burden,0.318128
FIN,2019,mortgage_burden,0.145313
FIN,2019,rent_burden,0.308093
FIN,2020,mortgage_burden,0.139691
FIN,2020,rent_burden,0.304504
FIN,2021,mortgage_burden,0.129308
FIN,2021,rent_burden,0.305742
FIN,2022,mortgage_burden,0.134639
FIN,2022,rent_burden,0.324102
FIN,2023,mortgage_burden,0.133050
FIN,2023,rent_burden,0.315601
FIN,2024,mortgage_burden,0.152891
FIN,2024,rent_burden,0.305992
FRA,2010,rent_burden,0.210580
FRA,2011,rent_burden,0.216000
FRA,2012,rent_burden,0.216393
FRA,2013,rent_burden,0.215841
FRA,2014,rent_burden,0.220873
FRA,2015,mortgage_burden,0.217859
FRA,2015,rent_burden,0.221467
FRA,2016,mortgage_burden,0.221202
FRA,2016,rent_burden,0.219895
FRA,2017,mortgage_burden,0.214828
FRA,2017,rent_burden,0.216891
FRA,2018,mortgage_burden,0.223599
FRA,2018,rent_burden,0.217918
FRA,2019,mortgage_burden,0.220222
FRA,2019,rent_burden,0.223319
FRA,2020,mortgage_burden,0.193893
FRA,2020,rent_burden,0.214263
FRA,2022,mortgage_burden,0.195566
FRA,2022,rent_burden,0.228121
FRA,2023,mortgage_burden,0.186346
FRA,2023,rent_burden,0.220616
FRA,2024,mortgage_burden,0.180530
FRA,2024,rent_burden,0.217692
GBR,2010,mortgage_burden,0.175500
GBR,2010,rent_burden,0.263145
GBR,2011,mortgage_burden,0.170576
GBR,2011,rent_burden,0.247211
GBR,2012,mortgage_burden,0.163989
GBR,2012,rent_burden,0.246171
GBR,2013,mortgage_burden,0.165143
GBR,2013,rent_burden,0.250231
GBR,2014,mortgage_burden,0.164835
GBR,2014,rent_burden,0.250740
GBR,2015,mortgage_burden,0.162333
GBR,2015,rent_burden,0.243383
GBR,2016,mortgage_burden,0.163644
GBR,2016,rent_burden,0.242302
GBR,2017,mortgage_burden,0.163501
GBR,2017,rent_burden,0.241465
GBR,2018,mortgage_burden,0.163126
GBR,2018,rent_burden,0.244565
GBR,2019,mortgage_burden,0.161812
GBR,2019,rent_burden,0.239760
GBR,2020,mortgage_burden,0.163770
GBR,2020,rent_burden,0.240857
GBR,2021,mortgage_burden,0.164436
GBR,2021,rent_burden,0.234320
GBR,2022,mortgage_burden,0.169850
GBR,2022,rent_burden,0.230398
GRC,2010,mortgage_burden,0.138858
GRC,2010,rent_burden,0.248276
GRC,2011,mortgage_burden,0.167054
GRC,2011,rent_burden,0.245070
GRC,2012,mortgage_burden,0.200185
GRC,2012,rent_burden,0.270000
GRC,2013,mortgage_burden,0.207234
GRC,2013,rent_burden,0.282155
GRC,2014,mortgage_burden,0.201262
GRC,2014,rent_burden,0.275862
GRC,2015,mortgage_burden,0.191105
GRC,2015,rent_burden,0.274081
GRC,2016,mortgage_burden,0.180872
GRC,2016,rent_burden,0.268344
GRC,2017,mortgage_burden,0.197742
GRC,2017,rent_burden,0.264123
GRC,2018,mortgage_burden,0.186263
GRC,2018,rent_burden,0.250000
GRC,2019,mortgage_burden,0.173897
GRC,2019,rent_burden,0.250348
GRC,2020,mortgage_burden,0.186525
GRC,2020,rent_burden,0.242915
GRC,2021,mortgage_burden,0.187926
GRC,2021,rent_burden,0.252404
GRC,2022,mortgage_burden,0.178725
GRC,2022,rent_burden,0.242326
GRC,2023,mortgage_burden,0.192721
GRC,2023,rent_burden,0.254902
GRC,2024,mortgage_burden,0.200196
GRC,2024,rent_burden,0.242775
HRV,2016,mortgage_burden,0.250084
HRV,2016,rent_burden,0.119992
HRV,2017,mortgage_burden,0.214479
HRV,2017,rent_burden,0.114759
HRV,2018,mortgage_burden,0.207718
HRV,2018,rent_burden,0.110015
HRV,2019,mortgage_burden,0.208466
HRV,2019,rent_burden,0.136839
HRV,2020,mortgage_burden,0.184121
HRV,2020,rent_burden,0.116511
HRV,2021,mortgage_burden,0.193540
HRV,2021,rent_burden,0.122403
HRV,2022,mortgage_burden,0.177514
HRV,2022,rent_burden,0.140802
HRV,2023,mortgage_burden,0.144888
HRV,2023,rent_burden,0.159718
HRV,2024,mortgage_burden,0.131507
HRV,2024,rent_burden,0.143514
HUN,2010,mortgage_burden,0.156992
HUN,2010,rent_burden,0.140238
HUN,2011,mortgage_burden,0.171509
HUN,2011,rent_burden,0.154088
HUN,2012,mortgage_burden,0.187948
HUN,2012,rent_burden,0.155805
HUN,2013,mortgage_burden,0.200216
HUN,2013,rent_burden,0.152684
HUN,2014,mortgage_burden,0.197747
HUN,2014,rent_burden,0.156828
HUN,2015,mortgage_burden,0.178508
HUN,2015,rent_burden,0.154881
HUN,2016,mortgage_burden,0.161534
HUN,2016,rent_burden,0.208516
HUN,2017,mortgage_burden,0.156802
HUN,2017,rent_burden,0.214480
HUN,2018,mortgage_burden,0.145179
HUN,2018,rent_burden,0.240897
IRL,2010,rent_burden,0.143589
IRL,2011,rent_burden,0.153021
IRL,2012,mortgage_burden,0.209508
IRL,2012,rent_burden,0.162349
IRL,2013,mortgage_burden,0.212788
IRL,2013,rent_burden,0.166050
IRL,2014,mortgage_burden,0.215929
IRL,2014,rent_burden,0.163385
IRL,2015,mortgage_burden,0.210717
IRL,2015,rent_burden,0.161848
IRL,2016,mortgage_burden,0.193829
IRL,2016,rent_burden,0.157947
IRL,2017,mortgage_burden,0.175308
IRL,2017,rent_burden,0.165069
IRL,2018,mortgage_burden,0.166432
IRL,2018,rent_burden,0.160978
IRL,2019,mortgage_burden,0.169583
IRL,2019,rent_burden,0.159657
IRL,2020,mortgage_burden,0.154353
IRL,2020,rent_burden,0.192020
IRL,2021,mortgage_burden,0.145123
IRL,2021,rent_burden,0.186069
IRL,2022,mortgage_burden,0.140656
IRL,2022,rent_burden,0.200680
IRL,2023,mortgage_burden,0.139238
IRL,2023,rent_burden,0.208510
IRL,2024,mortgage_burden,0.117053
IRL,2024,rent_burden,0.187860
ISL,2010,rent_burden,0.244774
ISL,2011,rent_burden,0.263079
ISL,2012,rent_burden,0.270999
ISL,2013,rent_burden,0.265318
ISL,2014,rent_burden,0.277626
ISL,2015,rent_burden,0.297851
ISL,2016,rent_burden,0.290457
ISL,2018,rent_burden,0.276161
ITA,2010,mortgage_burden,0.197101
ITA,2010,rent_burden,0.191288
ITA,2011,mortgage_burden,0.188874
ITA,2011,rent_burden,0.200669
ITA,2012,mortgage_burden,0.203588
ITA,2012,rent_burden,0.204946
ITA,2013,mortgage_burden,0.203936
ITA,2013,rent_burden,0.214286
ITA,2014,mortgage_burden,0.196770
ITA,2014,rent_burden,0.209473
ITA,2015,mortgage_burden,0.188063
ITA,2015,rent_burden,0.217110
ITA,2016,mortgage_burden,0.183590
ITA,2016,rent_burden,0.222169
ITA,2017,mortgage_burden,0.174614
ITA,2017,rent_burden,0.215426
ITA,2018,mortgage_burden,0.169059
ITA,2018,rent_burden,0.214669
ITA,2019,mortgage_burden,0.154582
ITA,2019,rent_burden,0.216867
ITA,2020,mortgage_burden,0.149380
ITA,2020,rent_burden,0.213359
ITA,2021,mortgage_burden,0.154368
ITA,2021,rent_burden,0.210773
ITA,2022,mortgage_burden,0.143123
ITA,2022,rent_burden,0.209114
ITA,2023,mortgage_burden,0.144863
ITA,2023,rent_burden,0.190402
ITA,2024,mortgage_burden,0.147361
ITA,2024,rent_burden,0.183683
JPN,2010,mortgage_burden,0.208333
JPN,2010,rent_burden,0.209231
JPN,2012,mortgage_burden,0.200000
JPN,2012,rent_burden,0.201081
JPN,2014,mortgage_burden,0.200000
JPN,2014,rent_burden,0.186667
JPN,2016,mortgage_burden,0.196078
JPN,2016,rent_burden,0.185091
JPN,2018,mortgage_burden,0.185714
JPN,2018,rent_burden,0.198857
JPN,2019,mortgage_burden,0.184615
JPN,2019,rent_burden,0.198333
JPN,2020,mortgage_burden,0.176376
JPN,2020,rent_burden,0.203205
JPN,2021,mortgage_burden,0.168856
JPN,2021,rent_burden,0.192857
JPN,2022,mortgage_burden,0.177124
JPN,2022,rent_burden,0.196000
JPN,2023,mortgage_burden,0.166667
JPN,2023,rent_burden,0.199336
KOR,2012,mortgage_burden,0.100000
LTU,2010,mortgage_burden,0.216299
LTU,2011,mortgage_burden,0.224052
LTU,2012,mortgage_burden,0.190094
LTU,2013,mortgage_burden,0.205516
LTU,2014,mortgage_burden,0.056144
LTU,2015,mortgage_burden,0.140251
LTU,2016,mortgage_burden,0.126394
LTU,2017,mortgage_burden,0.120175
LTU,2017,rent_burden,0.113993
LTU,2018,mortgage_burden,0.124004
LTU,2018,rent_burden,0.108661
LTU,2019,mortgage_burden,0.124003
LTU,2019,rent_burden,0.096596
LTU,2020,mortgage_burden,0.101823
LTU,2021,mortgage_burden,0.106150
LTU,2021,rent_burden,0.083927
LTU,2022,mortgage_burden,0.096198
LTU,2022,rent_burden,0.091128
LTU,2023,mortgage_burden,0.114109
LTU,2023,rent_burden,0.126773
LTU,2024,mortgage_burden,0.119472
LTU,2024,rent_burden,0.158124
LUX,2010,mortgage_burden,0.226777
LUX,2010,rent_burden,0.211542
LUX,2011,mortgage_burden,0.242556
LUX,2011,rent_burden,0.219213
LUX,2012,mortgage_burden,0.263786
LUX,2012,rent_burden,0.233504
LUX,2013,mortgage_burden,0.261155
LUX,2013,rent_burden,0.245776
LUX,2014,mortgage_burden,0.271070
LUX,2014,rent_burden,0.261210
LUX,2015,mortgage_burden,0.272187
LUX,2015,rent_burden,0.264269
LUX,2016,mortgage_burden,0.284471
LUX,2016,rent_burden,0.257606
LUX,2017,mortgage_burden,0.266720
LUX,2017,rent_burden,0.273414
LUX,2018,mortgage_burden,0.240905
LUX,2018,rent_burden,0.248401
LUX,2019,rent_burden,0.276619
LUX,2020,mortgage_burden,0.416259
LUX,2020,rent_burden,0.278634
LUX,2021,mortgage_burden,0.274595
LUX,2021,rent_burden,0.260746
LUX,2022,mortgage_burden,0.336906
LUX,2022,rent_burden,0.229458
LUX,2023,mortgage_burden,0.347242
LUX,2023,rent_burden,0.253214
LUX,2024,mortgage_burden,0.318425
LUX,2024,rent_burden,0.255276
LVA,2010,mortgage_burden,0.205137
LVA,2010,rent_burden,0.068433
LVA,2011,mortgage_burden,0.231761
LVA,2011,rent_burden,0.069996
LVA,2012,mortgage_burden,0.210131
LVA,2012,rent_burden,0.070048
LVA,2013,mortgage_burden,0.191490
LVA,2013,rent_burden,0.067990
LVA,2014,mortgage_burden,0.163123
LVA,2014,rent_burden,0.063448
LVA,2015,mortgage_burden,0.144199
LVA,2015,rent_burden,0.073597
LVA,2016,mortgage_burden,0.145295
LVA,2016,rent_burden,0.063075
LVA,2017,mortgage_burden,0.121350
LVA,2017,rent_burden,0.074100
LVA,2018,mortgage_burden,0.141222
LVA,2018,rent_burden,0.068355
LVA,2019,mortgage_burden,0.130747
LVA,2019,rent_burden,0.077159
LVA,2020,mortgage_burden,0.115537
LVA,2020,rent_burden,0.079228
LVA,2021,mortgage_burden,0.111392
LVA,2021,rent_burden,0.082803
LVA,2022,mortgage_burden,0.105369
LVA,2022,rent_burden,0.070130
LVA,2023,mortgage_burden,0.098326
LVA,2023,rent_burden,0.079381
LVA,2024,mortgage_burden,0.111627
LVA,2024,rent_burden,0.077423
MEX,2010,mortgage_burden,0.148040
MEX,2010,rent_burden,0.168556
MEX,2012,mortgage_burden,0.138490
MEX,2012,rent_burden,0.170370
MEX,2014,mortgage_burden,0.169720
MEX,2014,rent_burden,0.187995
MEX,2016,mortgage_burden,0.147527
MEX,2016,rent_burden,0.153108
MEX,2018,mortgage_burden,0.141403
MEX,2018,rent_burden,0.146281
MEX,2020,mortgage_burden,0.154136
MEX,2020,rent_burden,0.170213
MEX,2022,mortgage_burden,0.132650
MEX,2022,rent_burden,0.150777
MLT,2010,mortgage_burden,0.145249
MLT,2010,rent_burden,0.015729
MLT,2011,mortgage_burden,0.141365
MLT,2011,rent_burden,0.017654
MLT,2012,mortgage_burden,0.161161
MLT,2012,rent_burden,0.017383
MLT,2013,mortgage_burden,0.157234
MLT,2013,rent_burden,0.019059
MLT,2014,mortgage_burden,0.148850
MLT,2014,rent_burden,0.019742
MLT,2015,mortgage_burden,0.151342
MLT,2015,rent_burden,0.021878
MLT,2016,mortgage_burden,0.153808
MLT,2016,rent_burden,0.023786
MLT,2017,mortgage_burden,0.162305
MLT,2017,rent_burden,0.022704
MLT,2018,mortgage_burden,0.159442
MLT,2018,rent_burden,0.022183
MLT,2019,mortgage_burden,0.166275
MLT,2019,rent_burden,0.023797
MLT,2020,mortgage_burden,0.157485
MLT,2020,rent_burden,0.024027
MLT,2021,mortgage_burden,0.159572
MLT,2021,rent_burden,0.029300
MLT,2022,mortgage_burden,0.163670
MLT,2022,rent_burden,0.037315
MLT,2023,mortgage_burden,0.155132
MLT,2023,rent_burden,0.185129
MLT,2024,mortgage_burden,0.167065
MLT,2024,rent_burden,0.206703
NLD,2010,mortgage_burden,0.177340
NLD,2010,rent_burden,0.245713
NLD,2011,mortgage_burden,0.188211
NLD,2011,rent_burden,0.257175
NLD,2012,mortgage_burden,0.187391
NLD,2012,rent_burden,0.269315
NLD,2013,mortgage_burden,0.192834
NLD,2013,rent_burden,0.275631
NLD,2014,mortgage_burden,0.194573
NLD,2014,rent_burden,0.284315
NLD,2015,mortgage_burden,0.190090
NLD,2015,rent_burden,0.299271
NLD,2016,mortgage_burden,0.172181
NLD,2016,rent_burden,0.305349
NLD,2017,mortgage_burden,0.160568
NLD,2017,rent_burden,0.301237
NLD,2018,mortgage_burden,0.154361
NLD,2018,rent_burden,0.302629
NLD,2019,mortgage_burden,0.139143
NLD,2019,rent_burden,0.299780
NLD,2020,mortgage_burden,0.133661
NLD,2020,rent_burden,0.296951
NLD,2021,mortgage_burden,0.136842
NLD,2021,rent_burden,0.289873
NLD,2022,mortgage_burden,0.129423
NLD,2022,rent_burden,0.288492
NLD,2023,mortgage_burden,0.111320
NLD,2023,rent_burden,0.281302
NLD,2024,mortgage_burden,0.111721
NLD,2024,rent_burden,0.254990
NOR,2010,mortgage_burden,0.151453
NOR,2010,rent_burden,0.275192
NOR,2011,mortgage_burden,0.156045
NOR,2011,rent_burden,0.271609
NOR,2012,mortgage_burden,0.157774
NOR,2012,rent_burden,0.262437
NOR,2013,mortgage_burden,0.161575
NOR,2013,rent_burden,0.288481
NOR,2014,mortgage_burden,0.199879
NOR,2014,rent_burden,0.307927
NOR,2015,mortgage_burden,0.192282
NOR,2015,rent_burden,0.330001
NOR,2016,mortgage_burden,0.183207
NOR,2016,rent_burden,0.322775
NOR,2017,mortgage_burden,0.174362
NOR,2017,rent_burden,0.281148
NOR,2018,mortgage_burden,0.175558
NOR,2018,rent_burden,0.303325
NOR,2019,mortgage_burden,0.172855
NOR,2019,rent_burden,0.293161
NOR,2020,mortgage_burden,0.179497
NOR,2020,rent_burden,0.292227
NOR,2022,mortgage_burden,0.173036
NOR,2022,rent_burden,0.293113
NOR,2023,mortgage_burden,0.170904
NOR,2023,rent_burden,0.283662
NOR,2024,mortgage_burden,0.212310
NOR,2024,rent_burden,0.284585
NZL,2010,mortgage_burden,0.148000
NZL,2010,rent_burden,0.246000
NZL,2011,mortgage_burden,0.150000
NZL,2011,rent_burden,0.279000
NZL,2012,mortgage_burden,0.151000
NZL,2012,rent_burden,0.265000
NZL,2013,mortgage_burden,0.135000
NZL,2013,rent_burden,0.259000
NZL,2014,mortgage_burden,0.149000
NZL,2014,rent_burden,0.271000
NZL,2015,mortgage_burden,0.149000
NZL,2015,rent_burden,0.260000
NZL,2016,mortgage_burden,0.161000
NZL,2016,rent_burden,0.278000
NZL,2017,mortgage_burden,0.157000
NZL,2017,rent_burden,0.259000
POL,2010,mortgage_burden,0.104835
POL,2010,rent_burden,0.166117
POL,2011,mortgage_burden,0.182062
POL,2011,rent_burden,0.159859
POL,2012,mortgage_burden,0.185109
POL,2012,rent_burden,0.170530
POL,2013,mortgage_burden,0.186894
POL,2013,rent_burden,0.180322
POL,2014,mortgage_burden,0.163082
POL,2014,rent_burden,0.179638
POL,2015,mortgage_burden,0.182648
POL,2015,rent_burden,0.176852
POL,2016,mortgage_burden,0.153985
POL,2016,rent_burden,0.175644
POL,2017,mortgage_burden,0.141828
POL,2017,rent_burden,0.187012
POL,2018,mortgage_burden,0.136422
POL,2018,rent_burden,0.209155
POL,2019,mortgage_burden,0.142973
POL,2019,rent_burden,0.200675
POL,2020,mortgage_burden,0.130016
POL,2020,rent_burden,0.198671
POL,2021,mortgage_burden,0.120026
POL,2021,rent_burden,0.184354
POL,2022,mortgage_burden,0.121435
POL,2022,rent_burden,0.177778
POL,2023,mortgage_burden,0.124039
POL,2023,rent_burden,0.175439
POL,2024,mortgage_burden,0.143736
POL,2024,rent_burden,0.179815
PRT,2010,mortgage_burden,0.207706
PRT,2010,rent_burden,0.104369
PRT,2011,mortgage_burden,0.172403
PRT,2011,rent_burden,0.110079
PRT,2012,mortgage_burden,0.193040
PRT,2012,rent_burden,0.150823
PRT,2013,mortgage_burden,0.192142
PRT,2013,rent_burden,0.152498
PRT,2014,mortgage_burden,0.177895
PRT,2014,rent_burden,0.171744
PRT,2015,mortgage_burden,0.174550
PRT,2015,rent_burden,0.185185
PRT,2016,mortgage_burden,0.164837
PRT,2016,rent_burden,0.182214
PRT,2017,mortgage_burden,0.158237
PRT,2017,rent_burden,0.180282
PRT,2018,mortgage_burden,0.155545
PRT,2018,rent_burden,0.179295
PRT,2019,mortgage_burden,0.149401
PRT,2019,rent_burden,0.179806
PRT,2020,mortgage_burden,0.144227
PRT,2020,rent_burden,0.164835
PRT,2021,mortgage_burden,0.136120
PRT,2021,rent_burden,0.164200
PRT,2022,mortgage_burden,0.177792
PRT,2022,rent_burden,0.178201
PRT,2023,mortgage_burden,0.166231
PRT,2023,rent_burden,0.181971
PRT,2024,mortgage_burden,0.234454
PRT,2024,rent_burden,0.205479
ROU,2010,rent_burden,0.240524
ROU,2011,rent_burden,0.245413
ROU,2013,rent_burden,0.215563
ROU,2018,rent_burden,0.210494
ROU,2019,rent_burden,0.193945
ROU,2020,rent_burden,0.173065
ROU,2021,rent_burden,0.182094
ROU,2022,rent_burden,0.203862
ROU,2023,rent_burden,0.208570
ROU,2024,mortgage_burden,0.103727
ROU,2024,rent_burden,0.199610
SVK,2010,mortgage_burden,0.131243
SVK,2010,rent_burden,0.107820
SVK,2011,mortgage_burden,0.136879
SVK,2011,rent_burden,0.112975
SVK,2012,mortgage_burden,0.140612
SVK,2012,rent_burden,0.111860
SVK,2013,mortgage_burden,0.155476
SVK,2013,rent_burden,0.111606
SVK,2014,mortgage_burden,0.165127
SVK,2014,rent_burden,0.125938
SVK,2015,mortgage_burden,0.169849
SVK,2015,rent_burden,0.115047
SVK,2016,mortgage_burden,0.167889
SVK,2016,rent_burden,0.139712
SVK,2017,mortgage_burden,0.163534
SVK,2017,rent_burden,0.162583
SVK,2018,mortgage_burden,0.155839
SVK,2018,rent_burden,0.113784
SVK,2019,mortgage_burden,0.142114
SVK,2019,rent_burden,0.136207
SVK,2020,mortgage_burden,0.139670
SVK,2020,rent_burden,0.187065
SVK,2021,mortgage_burden,0.145612
SVK,2021,rent_burden,0.252680
SVK,2022,mortgage_burden,0.135585
SVK,2022,rent_burden,0.224291
SVK,2023,mortgage_burden,0.142240
SVK,2023,rent_burden,0.230623
SVK,2024,mortgage_burden,0.132712
SVK,2024,rent_burden,0.218941
SVN,2010,mortgage_burden,0.170308
SVN,2010,rent_burden,0.127522
SVN,2011,mortgage_burden,0.174687
SVN,2011,rent_burden,0.132627
SVN,2012,mortgage_burden,0.175312
SVN,2012,rent_burden,0.140316
SVN,2013,mortgage_burden,0.185524
SVN,2013,rent_burden,0.155285
SVN,2014,mortgage_burden,0.183774
SVN,2014,rent_burden,0.152672
SVN,2015,mortgage_burden,0.178054
SVN,2015,rent_burden,0.145184
SVN,2016,mortgage_burden,0.177909
SVN,2016,rent_burden,0.157156
SVN,2017,mortgage_burden,0.168149
SVN,2017,rent_burden,0.152335
SVN,2018,mortgage_burden,0.162257
SVN,2018,rent_burden,0.156856
SVN,2019,mortgage_burden,0.148556
SVN,2019,rent_burden,0.154206
SVN,2020,mortgage_burden,0.142716
SVN,2020,rent_burden,0.140327
SVN,2021,mortgage_burden,0.135445
SVN,2021,rent_burden,0.145455
SVN,2022,mortgage_burden,0.128058
SVN,2022,rent_burden,0.148831
SVN,2023,mortgage_burden,0.126356
SVN,2023,rent_burden,0.154136
SVN,2024,mortgage_burden,0.126049
SVN,2024,rent_burden,0.153649
SWE,2010,rent_burden,0.284874
SWE,2011,rent_burden,0.280346
SWE,2012,mortgage_burden,0.095119
SWE,2012,rent_burden,0.282410
SWE,2013,mortgage_burden,0.095831
SWE,2013,rent_burden,0.284993
SWE,2014,mortgage_burden,0.083159
SWE,2014,rent_burden,0.285192
SWE,2015,mortgage_burden,0.080646
SWE,2015,rent_burden,0.291702
SWE,2016,mortgage_burden,0.078778
SWE,2016,rent_burden,0.288599
SWE,2017,mortgage_burden,0.078388
SWE,2017,rent_burden,0.297346
SWE,2018,mortgage_burden,0.076330
SWE,2018,rent_burden,0.294757
SWE,2019,mortgage_burden,0.075946
SWE,2019,rent_burden,0.298181
SWE,2020,mortgage_burden,0.079592
SWE,2020,rent_burden,0.292954
SWE,2021,mortgage_burden,0.075983
SWE,2021,rent_burden,0.294063
SWE,2022,mortgage_burden,0.070297
SWE,2022,rent_burden,0.291965
SWE,2023,mortgage_burden,0.072576
SWE,2023,rent_burden,0.293105
SWE,2024,mortgage_burden,0.087704
SWE,2024,rent_burden,0.283042
TUR,2010,rent_burden,0.229565
TUR,2011,rent_burden,0.225381
TUR,2012,rent_burden,0.215139
TUR,2013,rent_burden,0.210624
TUR,2014,rent_burden,0.201840
TUR,2015,rent_burden,0.196498
TUR,2016,rent_burden,0.198787
TUR,2017,rent_burden,0.193056
TUR,2018,rent_burden,0.198795
TUR,2019,rent_burden,0.195856
TUR,2020,rent_burden,0.186667
USA,2010,mortgage_burden,0.177778
USA,2010,rent_burden,0.240000
USA,2011,mortgage_burden,0.173585
USA,2011,rent_burden,0.242857
USA,2012,mortgage_burden,0.167250
USA,2012,rent_burden,0.240000
USA,2013,mortgage_burden,0.159787
USA,2013,rent_burden,0.240000
USA,2014,mortgage_burden,0.156000
USA,2014,rent_burden,0.240000
USA,2015,mortgage_burden,0.154455
USA,2015,rent_burden,0.237000
USA,2016,mortgage_burden,0.152381
USA,2016,rent_burden,0.236220
USA,2017,mortgage_burden,0.151574
USA,2017,rent_burden,0.236418
USA,2018,mortgage_burden,0.150968
USA,2018,rent_burden,0.235941
USA,2019,mortgage_burden,0.150000
USA,2019,rent_burden,0.233387
USA,2020,mortgage_burden,0.151111
USA,2020,rent_burden,0.234146
USA,2021,mortgage_burden,0.150000
USA,2021,rent_burden,0.240000
USA,2022,mortgage_burden,0.149606
USA,2022,rent_burden,0.243172
USA,2023,mortgage_burden,0.151309
USA,2023,rent_burden,0.243750
