iso3,year,measure,sex,value
ARG,2024,pension_age,F,60
ARG,2024,pension_age,M,65
ARG,2024,replacement_rate,F,66.3
ARG,2024,replacement_rate,M,68.7
AUS,2014,occupational_income,_Z,17.5
AUS,2014,public_income,_Z,38.1
AUS,2016,occupational_income,_Z,21.7
AUS,2016,public_income,_Z,38
AUS,2018,occupational_income,_Z,22.8
AUS,2018,public_income,_Z,32.7
AUS,2020,occupational_income,_Z,24.8
AUS,2020,public_income,_Z,32.8
AUS,2022,occupational_income,_Z,24.8
AUS,2022,public_income,_Z,32.8
AUS,2024,pension_age,F,67
AUS,2024,pension_age,M,67
AUS,2024,replacement_rate,F,38.5
AUS,2024,replacement_rate,M,40.8
AUT,2014,occupational_income,_Z,0
AUT,2014,public_income,_Z,81.8
AUT,2016,occupational_income,_Z,0
AUT,2016,public_income,_Z,81.2
AUT,2018,occupational_income,_Z,0
AUT,2018,public_income,_Z,80.8
AUT,2020,occupational_income,_Z,0
AUT,2020,public_income,_Z,82.2
AUT,2022,occupational_income,_Z,0
AUT,2022,public_income,_Z,78.2
AUT,2024,pension_age,F,60.5
AUT,2024,pension_age,M,65
AUT,2024,replacement_rate,F,74.1
AUT,2024,replacement_rate,M,74.1
BEL,2014,occupational_income,_Z,0
BEL,2014,public_income,_Z,84.1
BEL,2016,occupational_income,_Z,0
BEL,2016,public_income,_Z,85
BEL,2018,occupational_income,_Z,0
BEL,2018,public_income,_Z,82.4
BEL,2020,occupational_income,_Z,0
BEL,2020,public_income,_Z,85.8
BEL,2022,occupational_income,_Z,0
BEL,2022,public_income,_Z,85.2
BEL,2024,pension_age,F,65
BEL,2024,pension_age,M,65
BEL,2024,replacement_rate,F,43.5
BEL,2024,replacement_rate,M,43.5
BGR,2024,pension_age,F,62.2
BGR,2024,pension_age,M,64.6
BGR,2024,replacement_rate,F,58.5
BGR,2024,replacement_rate,M,58.5
BRA,2024,pension_age,F,62
BRA,2024,pension_age,M,65
BRA,2024,replacement_rate,F,93.3
BRA,2024,replacement_rate,M,88.4
CAN,2014,occupational_income,_Z,0
CAN,2014,public_income,_Z,35.1
CAN,2016,occupational_income,_Z,0
CAN,2016,public_income,_Z,35.1
CAN,2018,occupational_income,_Z,0
CAN,2018,public_income,_Z,34.4
CAN,2020,occupational_income,_Z,0
CAN,2020,public_income,_Z,37.6
CAN,2022,occupational_income,_Z,0
CAN,2022,public_income,_Z,32.7
CAN,2024,pension_age,F,65
CAN,2024,pension_age,M,65
CAN,2024,replacement_rate,F,37.1
CAN,2024,replacement_rate,M,37.1
CHE,2014,occupational_income,_Z,28.7
CHE,2014,public_income,_Z,41.6
CHE,2016,occupational_income,_Z,30.6
CHE,2016,public_income,_Z,43.2
CHE,2018,occupational_income,_Z,29.1
CHE,2018,public_income,_Z,42.5
CHE,2020,occupational_income,_Z,28.3
CHE,2020,public_income,_Z,41.1
CHE,2022,occupational_income,_Z,29
CHE,2022,public_income,_Z,42.2
CHE,2024,pension_age,F,64
CHE,2024,pension_age,M,65
CHE,2024,replacement_rate,F,42.4
CHE,2024,replacement_rate,M,42.4
CHL,2014,occupational_income,_Z,27.7
CHL,2014,public_income,_Z,19
CHL,2016,occupational_income,_Z,27.2
CHL,2016,public_income,_Z,18.3
CHL,2018,occupational_income,_Z,27.2
CHL,2018,public_income,_Z,18.3
CHL,2020,occupational_income,_Z,27.2
CHL,2020,public_income,_Z,18.3
CHL,2022,occupational_income,_Z,26.8
CHL,2022,public_income,_Z,24
CHL,2024,pension_age,F,65
CHL,2024,pension_age,M,65
CHL,2024,replacement_rate,F,49.6
CHL,2024,replacement_rate,M,49.7
CHN,2024,pension_age,F,55
CHN,2024,pension_age,M,60
CHN,2024,replacement_rate,F,61.9
CHN,2024,replacement_rate,M,80.6
COL,2020,occupational_income,_Z,0
COL,2020,public_income,_Z,0
COL,2024,pension_age,F,57
COL,2024,pension_age,M,62
COL,2024,replacement_rate,F,74.8
COL,2024,replacement_rate,M,74.8
CRI,2018,occupational_income,_Z,0
CRI,2018,public_income,_Z,49.7
CRI,2020,occupational_income,_Z,0
CRI,2020,public_income,_Z,46.1
CRI,2022,occupational_income,_Z,0
CRI,2022,public_income,_Z,47.1
CRI,2024,pension_age,F,63
CRI,2024,pension_age,M,65
CRI,2024,replacement_rate,F,62.2
CRI,2024,replacement_rate,M,65.7
CYP,2024,pension_age,F,65
CYP,2024,pension_age,M,65
CYP,2024,replacement_rate,F,64.3
CYP,2024,replacement_rate,M,64.3
CZE,2014,occupational_income,_Z,0
CZE,2014,public_income,_Z,78.5
CZE,2016,occupational_income,_Z,0
CZE,2016,public_income,_Z,78.1
CZE,2018,occupational_income,_Z,0
CZE,2018,public_income,_Z,75.9
CZE,2020,occupational_income,_Z,0
CZE,2020,public_income,_Z,76
CZE,2022,occupational_income,_Z,0
CZE,2022,public_income,_Z,75.5
CZE,2024,pension_age,F,64.2
CZE,2024,pension_age,M,64.2
CZE,2024,replacement_rate,F,44.2
CZE,2024,replacement_rate,M,44.2
DEU,2014,occupational_income,_Z,4.9
DEU,2014,public_income,_Z,69.2
DEU,2016,occupational_income,_Z,4.8
DEU,2016,public_income,_Z,70.6
DEU,2018,occupational_income,_Z,4.4
DEU,2018,public_income,_Z,68.3
DEU,2020,occupational_income,_Z,4.6
DEU,2020,public_income,_Z,68
DEU,2022,occupational_income,_Z,3.9
DEU,2022,public_income,_Z,66.1
DEU,2024,pension_age,F,66.2
DEU,2024,pension_age,M,66.2
DEU,2024,replacement_rate,F,42.1
DEU,2024,replacement_rate,M,42.1
DNK,2014,occupational_income,_Z,14.5
DNK,2014,public_income,_Z,48.4
DNK,2016,occupational_income,_Z,14.5
DNK,2016,public_income,_Z,46.6
DNK,2018,occupational_income,_Z,14.5
DNK,2018,public_income,_Z,45.9
DNK,2020,occupational_income,_Z,15.2
DNK,2020,public_income,_Z,44.8
DNK,2022,occupational_income,_Z,14.7
DNK,2022,public_income,_Z,43.2
DNK,2024,pension_age,F,67
DNK,2024,pension_age,M,67
DNK,2024,replacement_rate,F,72.7
DNK,2024,replacement_rate,M,72.7
ESP,2014,occupational_income,_Z,0
ESP,2014,public_income,_Z,70.6
ESP,2016,occupational_income,_Z,0
ESP,2016,public_income,_Z,71.4
ESP,2018,occupational_income,_Z,0
ESP,2018,public_income,_Z,71.4
ESP,2020,occupational_income,_Z,0
ESP,2020,public_income,_Z,71.9
ESP,2022,occupational_income,_Z,0
ESP,2022,public_income,_Z,69.8
ESP,2024,pension_age,F,65
ESP,2024,pension_age,M,65
ESP,2024,replacement_rate,F,80.4
ESP,2024,replacement_rate,M,80.4
EST,2014,occupational_income,_Z,0
EST,2014,public_income,_Z,63.7
EST,2016,occupational_income,_Z,0
EST,2016,public_income,_Z,64.2
EST,2018,occupational_income,_Z,0
EST,2018,public_income,_Z,61.1
EST,2020,occupational_income,_Z,0
EST,2020,public_income,_Z,63.6
EST,2022,occupational_income,_Z,0
EST,2022,public_income,_Z,62.5
EST,2024,pension_age,F,64.8
EST,2024,pension_age,M,64.8
EST,2024,replacement_rate,F,29.3
EST,2024,replacement_rate,M,29.3
FIN,2014,occupational_income,_Z,0
FIN,2014,public_income,_Z,80.8
FIN,2016,occupational_income,_Z,0
FIN,2016,public_income,_Z,81.8
FIN,2018,occupational_income,_Z,0
FIN,2018,public_income,_Z,81.7
FIN,2020,occupational_income,_Z,0
FIN,2020,public_income,_Z,80.3
FIN,2022,occupational_income,_Z,0
FIN,2022,public_income,_Z,80.7
FIN,2024,pension_age,F,65
FIN,2024,pension_age,M,65
FIN,2024,replacement_rate,F,57.8
FIN,2024,replacement_rate,M,57.8
FRA,2014,occupational_income,_Z,0
FRA,2014,public_income,_Z,77.3
FRA,2016,occupational_income,_Z,0
FRA,2016,public_income,_Z,78.1
FRA,2018,occupational_income,_Z,0
FRA,2018,public_income,_Z,78.1
FRA,2020,occupational_income,_Z,0
FRA,2020,public_income,_Z,78.1
FRA,2022,occupational_income,_Z,0
FRA,2022,public_income,_Z,78.1
FRA,2024,pension_age,F,64.3
FRA,2024,pension_age,M,64.3
FRA,2024,replacement_rate,F,56.6
FRA,2024,replacement_rate,M,56.6
GBR,2014,occupational_income,_Z,29.9
GBR,2014,public_income,_Z,43
GBR,2016,occupational_income,_Z,28.6
GBR,2016,public_income,_Z,42.6
GBR,2018,occupational_income,_Z,30.1
GBR,2018,public_income,_Z,42.8
GBR,2020,occupational_income,_Z,32.6
GBR,2020,public_income,_Z,41.9
GBR,2022,occupational_income,_Z,29.7
GBR,2022,public_income,_Z,42.5
GBR,2024,pension_age,F,66
GBR,2024,pension_age,M,66
GBR,2024,replacement_rate,F,44.7
GBR,2024,replacement_rate,M,44.7
GRC,2014,occupational_income,_Z,0
GRC,2014,public_income,_Z,77.4
GRC,2016,occupational_income,_Z,0
GRC,2016,public_income,_Z,75.8
GRC,2018,occupational_income,_Z,0
GRC,2018,public_income,_Z,75.8
GRC,2020,occupational_income,_Z,0
GRC,2020,public_income,_Z,74.5
GRC,2022,occupational_income,_Z,0
GRC,2022,public_income,_Z,75.7
GRC,2024,pension_age,F,62
GRC,2024,pension_age,M,62
GRC,2024,replacement_rate,F,79.6
GRC,2024,replacement_rate,M,79.6
HRV,2024,pension_age,F,63.5
HRV,2024,pension_age,M,65
HRV,2024,replacement_rate,F,35.7
HRV,2024,replacement_rate,M,35.7
HUN,2014,occupational_income,_Z,0
HUN,2014,public_income,_Z,89
HUN,2016,occupational_income,_Z,0
HUN,2016,public_income,_Z,78.7
HUN,2018,occupational_income,_Z,0
HUN,2018,public_income,_Z,73
HUN,2020,occupational_income,_Z,0
HUN,2020,public_income,_Z,73
HUN,2022,occupational_income,_Z,0
HUN,2022,public_income,_Z,67.3
HUN,2024,pension_age,F,62
HUN,2024,pension_age,M,65
HUN,2024,replacement_rate,F,48.4
HUN,2024,replacement_rate,M,51.9
IDN,2024,pension_age,F,58
IDN,2024,pension_age,M,58
IDN,2024,replacement_rate,F,50.7
IDN,2024,replacement_rate,M,53.4
IND,2024,pension_age,F,58
IND,2024,pension_age,M,58
IND,2024,replacement_rate,F,38.1
IND,2024,replacement_rate,M,39.2
IRL,2014,occupational_income,_Z,0
IRL,2014,public_income,_Z,78.5
IRL,2016,occupational_income,_Z,0
IRL,2016,public_income,_Z,76.7
IRL,2018,occupational_income,_Z,0
IRL,2018,public_income,_Z,76.1
IRL,2020,occupational_income,_Z,0
IRL,2020,public_income,_Z,72.6
IRL,2022,occupational_income,_Z,0
IRL,2022,public_income,_Z,64.3
IRL,2024,pension_age,F,66
IRL,2024,pension_age,M,66
IRL,2024,replacement_rate,F,24.3
IRL,2024,replacement_rate,M,24.3
ISL,2014,occupational_income,_Z,0
ISL,2014,public_income,_Z,68.1
ISL,2016,occupational_income,_Z,0
ISL,2016,public_income,_Z,58.6
ISL,2018,occupational_income,_Z,0
ISL,2018,public_income,_Z,58.1
ISL,2020,occupational_income,_Z,0
ISL,2020,public_income,_Z,58.1
ISL,2022,occupational_income,_Z,0
ISL,2022,public_income,_Z,58.1
ISL,2024,pension_age,F,67
ISL,2024,pension_age,M,67
ISL,2024,replacement_rate,F,43.9
ISL,2024,replacement_rate,M,43.9
ISR,2014,occupational_income,_Z,30.3
ISR,2014,public_income,_Z,29.6
ISR,2016,occupational_income,_Z,29.4
ISR,2016,public_income,_Z,29.6
ISR,2018,occupational_income,_Z,28.5
ISR,2018,public_income,_Z,27.6
ISR,2020,occupational_income,_Z,27.6
ISR,2020,public_income,_Z,35.3
ISR,2022,occupational_income,_Z,28.4
ISR,2022,public_income,_Z,29.8
ISR,2024,pension_age,F,62
ISR,2024,pension_age,M,67
ISR,2024,replacement_rate,F,36.5
ISR,2024,replacement_rate,M,42.8
ITA,2014,occupational_income,_Z,0
ITA,2014,public_income,_Z,75.3
ITA,2016,occupational_income,_Z,0
ITA,2016,public_income,_Z,75.1
ITA,2018,occupational_income,_Z,0
ITA,2018,public_income,_Z,75
ITA,2020,occupational_income,_Z,0
ITA,2020,public_income,_Z,75.6
ITA,2022,occupational_income,_Z,0
ITA,2022,public_income,_Z,74
ITA,2024,pension_age,F,63.8
ITA,2024,pension_age,M,64.8
ITA,2024,replacement_rate,F,70.6
ITA,2024,replacement_rate,M,70.6
JPN,2014,occupational_income,_Z,0
JPN,2014,public_income,_Z,51.3
JPN,2016,occupational_income,_Z,0
JPN,2016,public_income,_Z,49.2
JPN,2018,occupational_income,_Z,2.1
JPN,2018,public_income,_Z,50.1
JPN,2020,occupational_income,_Z,2.1
JPN,2020,public_income,_Z,50.1
JPN,2022,occupational_income,_Z,2
JPN,2022,public_income,_Z,50
JPN,2024,pension_age,F,65
JPN,2024,pension_age,M,65
JPN,2024,replacement_rate,F,36.5
JPN,2024,replacement_rate,M,36.5
KOR,2014,occupational_income,_Z,0
KOR,2014,public_income,_Z,30.2
KOR,2016,occupational_income,_Z,0
KOR,2016,public_income,_Z,25
KOR,2018,occupational_income,_Z,0
KOR,2018,public_income,_Z,25.9
KOR,2020,occupational_income,_Z,0
KOR,2020,public_income,_Z,30
KOR,2022,occupational_income,_Z,0
KOR,2022,public_income,_Z,29.1
KOR,2024,pension_age,F,63
KOR,2024,pension_age,M,63
KOR,2024,replacement_rate,F,33.4
KOR,2024,replacement_rate,M,33.4
LTU,2016,occupational_income,_Z,0
LTU,2016,public_income,_Z,62
LTU,2018,occupational_income,_Z,0
LTU,2018,public_income,_Z,62.4
LTU,2020,occupational_income,_Z,0
LTU,2020,public_income,_Z,60.9
LTU,2022,occupational_income,_Z,0
LTU,2022,public_income,_Z,65
LTU,2024,pension_age,F,64.3
LTU,2024,pension_age,M,64.7
LTU,2024,replacement_rate,F,17.4
LTU,2024,replacement_rate,M,17.4
LUX,2014,occupational_income,_Z,0
LUX,2014,public_income,_Z,82.4
LUX,2016,occupational_income,_Z,0
LUX,2016,public_income,_Z,82.6
LUX,2018,occupational_income,_Z,0
LUX,2018,public_income,_Z,85.7
LUX,2020,occupational_income,_Z,0
LUX,2020,public_income,_Z,83.1
LUX,2022,occupational_income,_Z,0
LUX,2022,public_income,_Z,78.1
LUX,2024,pension_age,F,62
LUX,2024,pension_age,M,62
LUX,2024,replacement_rate,F,75.6
LUX,2024,replacement_rate,M,75.6
LVA,2014,occupational_income,_Z,0
LVA,2014,public_income,_Z,58.5
LVA,2016,occupational_income,_Z,0
LVA,2016,public_income,_Z,57.1
LVA,2018,occupational_income,_Z,0
LVA,2018,public_income,_Z,55.9
LVA,2020,occupational_income,_Z,0
LVA,2020,public_income,_Z,57.3
LVA,2022,occupational_income,_Z,0
LVA,2022,public_income,_Z,58.2
LVA,2024,pension_age,F,64.8
LVA,2024,pension_age,M,64.8
LVA,2024,replacement_rate,F,38.7
LVA,2024,replacement_rate,M,38.7
MEX,2014,occupational_income,_Z,23.7
MEX,2014,public_income,_Z,7.7
MEX,2016,occupational_income,_Z,27.1
MEX,2016,public_income,_Z,6.1
MEX,2018,occupational_income,_Z,26.3
MEX,2018,public_income,_Z,5.1
MEX,2020,occupational_income,_Z,27.8
MEX,2020,public_income,_Z,9.7
MEX,2022,occupational_income,_Z,26.4
MEX,2022,public_income,_Z,13
MEX,2024,pension_age,F,65
MEX,2024,pension_age,M,65
MEX,2024,replacement_rate,F,69.6
MEX,2024,replacement_rate,M,69.6
MLT,2024,pension_age,F,64
MLT,2024,pension_age,M,64
MLT,2024,replacement_rate,F,58.1
MLT,2024,replacement_rate,M,58.1
NLD,2014,occupational_income,_Z,37.7
NLD,2014,public_income,_Z,43.7
NLD,2016,occupational_income,_Z,39.1
NLD,2016,public_income,_Z,45.2
NLD,2018,occupational_income,_Z,39.1
NLD,2018,public_income,_Z,45.2
NLD,2020,occupational_income,_Z,39.6
NLD,2020,public_income,_Z,42.7
NLD,2022,occupational_income,_Z,38.9
NLD,2022,public_income,_Z,40.3
NLD,2024,pension_age,F,67
NLD,2024,pension_age,M,67
NLD,2024,replacement_rate,F,74.7
NLD,2024,replacement_rate,M,74.7
NOR,2014,occupational_income,_Z,13.8
NOR,2014,public_income,_Z,59.2
NOR,2016,occupational_income,_Z,13.9
NOR,2016,public_income,_Z,60.4
NOR,2018,occupational_income,_Z,14
NOR,2018,public_income,_Z,60.1
NOR,2020,occupational_income,_Z,14.2
NOR,2020,public_income,_Z,57.8
NOR,2022,occupational_income,_Z,14.7
NOR,2022,public_income,_Z,59.1
NOR,2024,pension_age,F,67
NOR,2024,pension_age,M,67
NOR,2024,replacement_rate,F,46.1
NOR,2024,replacement_rate,M,46.1
NZL,2014,occupational_income,_Z,0
NZL,2014,public_income,_Z,41.7
NZL,2016,occupational_income,_Z,0
NZL,2016,public_income,_Z,41.7
NZL,2018,occupational_income,_Z,0
NZL,2018,public_income,_Z,41.7
NZL,2020,occupational_income,_Z,0
NZL,2020,public_income,_Z,46.1
NZL,2022,occupational_income,_Z,0
NZL,2022,public_income,_Z,45.1
NZL,2024,pension_age,F,65
NZL,2024,pension_age,M,65
NZL,2024,replacement_rate,F,39.5
NZL,2024,replacement_rate,M,39.5
POL,2014,occupational_income,_Z,0
POL,2014,public_income,_Z,70.4
POL,2016,occupational_income,_Z,0
POL,2016,public_income,_Z,69.8
POL,2018,occupational_income,_Z,0
POL,2018,public_income,_Z,65.8
POL,2020,occupational_income,_Z,0
POL,2020,public_income,_Z,65.7
POL,2022,occupational_income,_Z,0
POL,2022,public_income,_Z,61
POL,2024,pension_age,F,60
POL,2024,pension_age,M,65
POL,2024,replacement_rate,F,22.4
POL,2024,replacement_rate,M,28.6
PRT,2014,occupational_income,_Z,0
PRT,2014,public_income,_Z,78.3
PRT,2016,occupational_income,_Z,0
PRT,2016,public_income,_Z,77.4
PRT,2018,occupational_income,_Z,0
PRT,2018,public_income,_Z,76.6
PRT,2020,occupational_income,_Z,0
PRT,2020,public_income,_Z,74.7
PRT,2022,occupational_income,_Z,0
PRT,2022,public_income,_Z,68.9
PRT,2024,pension_age,F,65.3
PRT,2024,pension_age,M,65.3
PRT,2024,replacement_rate,F,72.4
PRT,2024,replacement_rate,M,72.4
ROU,2024,pension_age,F,62.2
ROU,2024,pension_age,M,65
ROU,2024,replacement_rate,F,53.8
ROU,2024,replacement_rate,M,52.2
SAU,2024,pension_age,F,47
SAU,2024,pension_age,M,47
SAU,2024,replacement_rate,F,70.2
SAU,2024,replacement_rate,M,70.2
SVK,2014,occupational_income,_Z,0
SVK,2014,public_income,_Z,71.5
SVK,2016,occupational_income,_Z,0
SVK,2016,public_income,_Z,67.1
SVK,2018,occupational_income,_Z,0
SVK,2018,public_income,_Z,66.8
SVK,2020,occupational_income,_Z,0
SVK,2020,public_income,_Z,63.9
SVK,2022,occupational_income,_Z,0
SVK,2022,public_income,_Z,59.3
SVK,2024,pension_age,F,63.2
SVK,2024,pension_age,M,63.2
SVK,2024,replacement_rate,F,58
SVK,2024,replacement_rate,M,58
SVN,2014,occupational_income,_Z,0
SVN,2014,public_income,_Z,74.7
SVN,2016,occupational_income,_Z,0
SVN,2016,public_income,_Z,74.8
SVN,2018,occupational_income,_Z,0
SVN,2018,public_income,_Z,73.1
SVN,2020,occupational_income,_Z,0
SVN,2020,public_income,_Z,72.4
SVN,2022,occupational_income,_Z,0
SVN,2022,public_income,_Z,71.7
SVN,2024,pension_age,F,62
SVN,2024,pension_age,M,62
SVN,2024,replacement_rate,F,45.9
SVN,2024,replacement_rate,M,45.9
SWE,2014,occupational_income,_Z,17.4
SWE,2014,public_income,_Z,53.3
SWE,2016,occupational_income,_Z,17.8
SWE,2016,public_income,_Z,52.4
SWE,2018,occupational_income,_Z,18.6
SWE,2018,public_income,_Z,52.2
SWE,2020,occupational_income,_Z,19
SWE,2020,public_income,_Z,51.6
SWE,2022,occupational_income,_Z,18.4
SWE,2022,public_income,_Z,50.3
SWE,2024,pension_age,F,66
SWE,2024,pension_age,M,66
SWE,2024,replacement_rate,F,63.7
SWE,2024,replacement_rate,M,63.7
TUR,2014,occupational_income,_Z,37.2
TUR,2014,public_income,_Z,15.1
TUR,2016,occupational_income,_Z,37.1
TUR,2016,public_income,_Z,14.9
TUR,2018,occupational_income,_Z,0
TUR,2018,public_income,_Z,54.1
TUR,2020,occupational_income,_Z,0
TUR,2020,public_income,_Z,57.3
TUR,2022,occupational_income,_Z,0
TUR,2022,public_income,_Z,50.5
TUR,2024,pension_age,F,49
TUR,2024,pension_age,M,52
TUR,2024,replacement_rate,F,66.4
TUR,2024,replacement_rate,M,69.1
USA,2014,occupational_income,_Z,8.1
USA,2014,public_income,_Z,42.8
USA,2016,occupational_income,_Z,7.6
USA,2016,public_income,_Z,41.3
USA,2018,occupational_income,_Z,7.6
USA,2018,public_income,_Z,41.3
USA,2020,occupational_income,_Z,5.5
USA,2020,public_income,_Z,39.3
USA,2022,occupational_income,_Z,5.4
USA,2022,public_income,_Z,38.3
USA,2024,pension_age,F,66.7
USA,2024,pension_age,M,66.7
USA,2024,replacement_rate,F,39.7
USA,2024,replacement_rate,M,39.7
ZAF,2024,pension_age,F,60
ZAF,2024,pension_age,M,60
ZAF,2024,replacement_rate,F,7.8
ZAF,2024,replacement_rate,M,7.8
