iso3,year,tenure,share
BOL,2011,other,0.2020
BOL,2011,owner,0.6250
BOL,2011,tenant,0.1740
BOL,2012,other,0.1860
BOL,2012,owner,0.6200
BOL,2012,tenant,0.1940
BOL,2013,other,0.1720
BOL,2013,owner,0.6400
BOL,2013,tenant,0.1880
BOL,2014,other,0.1680
BOL,2014,owner,0.6570
BOL,2014,tenant,0.1750
BOL,2015,other,0.1710
BOL,2015,owner,0.6730
BOL,2015,tenant,0.1560
BOL,2016,other,0.2040
BOL,2016,owner,0.6320
BOL,2016,tenant,0.1640
BOL,2017,other,0.2160
BOL,2017,owner,0.6390
BOL,2017,tenant,0.1460
BOL,2018,other,0.2090
BOL,2018,owner,0.6400
BOL,2018,tenant,0.1510
BOL,2019,other,0.2130
BOL,2019,owner,0.6340
BOL,2019,tenant,0.1530
BOL,2021,other,0.2270
BOL,2021,owner,0.6370
BOL,2021,tenant,0.1360
BOL,2022,other,0.2020
BOL,2022,owner,0.6530
BOL,2022,tenant,0.1460
BOL,2023,other,0.2120
BOL,2023,owner,0.6610
BOL,2023,tenant,0.1270
BRA,2011,other,0.0790
BRA,2011,owner,0.7480
BRA,2011,tenant,0.1730
BRA,2012,other,0.0750
BRA,2012,owner,0.7480
BRA,2012,tenant,0.1770
BRA,2013,other,0.0770
BRA,2013,owner,0.7440
BRA,2013,tenant,0.1790
BRA,2014,other,0.0780
BRA,2014,owner,0.7370
BRA,2014,tenant,0.1850
BRA,2015,other,0.0730
BRA,2015,owner,0.7480
BRA,2015,tenant,0.1790
BRA,2016,other,0.0870
BRA,2016,owner,0.7280
BRA,2016,tenant,0.1850
BRA,2017,other,0.0920
BRA,2017,owner,0.7230
BRA,2017,tenant,0.1850
BRA,2018,other,0.0960
BRA,2018,owner,0.7120
BRA,2018,tenant,0.1920
BRA,2019,other,0.0950
BRA,2019,owner,0.7120
BRA,2019,tenant,0.1930
CHL,2011,other,0.1790
CHL,2011,owner,0.6330
CHL,2011,tenant,0.1880
CHL,2013,other,0.1700
CHL,2013,owner,0.6260
CHL,2013,tenant,0.2050
CHL,2015,other,0.1650
CHL,2015,owner,0.6130
CHL,2015,tenant,0.2210
CHL,2017,other,0.1880
CHL,2017,owner,0.5640
CHL,2017,tenant,0.2480
CHL,2020,other,0.1510
CHL,2020,owner,0.5920
CHL,2020,tenant,0.2570
CHL,2022,other,0.1640
CHL,2022,owner,0.5700
CHL,2022,tenant,0.2650
COL,2010,other,0.2000
COL,2010,owner,0.4820
COL,2010,tenant,0.3190
COL,2011,other,0.1980
COL,2011,owner,0.4770
COL,2011,tenant,0.3250
COL,2012,other,0.2040
COL,2012,owner,0.4450
COL,2012,tenant,0.3510
COL,2013,other,0.2070
COL,2013,owner,0.4390
COL,2013,tenant,0.3540
COL,2014,other,0.2110
COL,2014,owner,0.4270
COL,2014,tenant,0.3630
COL,2015,other,0.2090
COL,2015,owner,0.4220
COL,2015,tenant,0.3690
COL,2016,other,0.2140
COL,2016,owner,0.4160
COL,2016,tenant,0.3700
COL,2017,other,0.2090
COL,2017,owner,0.4120
COL,2017,tenant,0.3780
COL,2018,other,0.2190
COL,2018,owner,0.3980
COL,2018,tenant,0.3830
COL,2019,other,0.2230
COL,2019,owner,0.3860
COL,2019,tenant,0.3910
COL,2020,other,0.2140
COL,2020,owner,0.3780
COL,2020,tenant,0.4080
COL,2021,other,0.2260
COL,2021,owner,0.3560
COL,2021,tenant,0.4180
COL,2022,other,0.2380
COL,2022,owner,0.3680
COL,2022,tenant,0.3940
COL,2023,other,0.2400
COL,2023,owner,0.3590
COL,2023,tenant,0.4020
COL,2024,other,0.2470
COL,2024,owner,0.3510
COL,2024,tenant,0.4020
CRI,2010,other,0.0960
CRI,2010,owner,0.7110
CRI,2010,tenant,0.1930
CRI,2011,other,0.0990
CRI,2011,owner,0.7080
CRI,2011,tenant,0.1930
CRI,2012,other,0.0980
CRI,2012,owner,0.7080
CRI,2012,tenant,0.1940
CRI,2013,other,0.0930
CRI,2013,owner,0.7170
CRI,2013,tenant,0.1900
CRI,2014,other,0.0890
CRI,2014,owner,0.7220
CRI,2014,tenant,0.1890
CRI,2015,other,0.1090
CRI,2015,owner,0.7060
CRI,2015,tenant,0.1850
CRI,2016,other,0.1010
CRI,2016,owner,0.7120
CRI,2016,tenant,0.1870
CRI,2017,other,0.0990
CRI,2017,owner,0.7280
CRI,2017,tenant,0.1730
CRI,2018,other,0.1020
CRI,2018,owner,0.7130
CRI,2018,tenant,0.1860
CRI,2019,other,0.1040
CRI,2019,owner,0.7090
CRI,2019,tenant,0.1870
CRI,2020,other,0.0980
CRI,2020,owner,0.7230
CRI,2020,tenant,0.1790
CRI,2021,other,0.0830
CRI,2021,owner,0.7420
CRI,2021,tenant,0.1740
CRI,2022,other,0.0780
CRI,2022,owner,0.7400
CRI,2022,tenant,0.1820
CRI,2023,other,0.0730
CRI,2023,owner,0.7360
CRI,2023,tenant,0.1920
CRI,2024,other,0.0790
CRI,2024,owner,0.7330
CRI,2024,tenant,0.1880
DOM,2010,other,0.0930
DOM,2010,owner,0.6160
DOM,2010,tenant,0.2910
DOM,2011,other,0.0910
DOM,2011,owner,0.6100
DOM,2011,tenant,0.3000
DOM,2012,other,0.0920
DOM,2012,owner,0.6000
DOM,2012,tenant,0.3080
DOM,2013,other,0.0950
DOM,2013,owner,0.5820
DOM,2013,tenant,0.3220
DOM,2014,other,0.0840
DOM,2014,owner,0.5730
DOM,2014,tenant,0.3430
DOM,2015,other,0.0860
DOM,2015,owner,0.5690
DOM,2015,tenant,0.3460
DOM,2016,other,0.0950
DOM,2016,owner,0.5860
DOM,2016,tenant,0.3190
DOM,2017,other,0.1020
DOM,2017,owner,0.5770
DOM,2017,tenant,0.3220
DOM,2018,other,0.0980
DOM,2018,owner,0.5660
DOM,2018,tenant,0.3360
DOM,2019,other,0.0940
DOM,2019,owner,0.5560
DOM,2019,tenant,0.3500
DOM,2020,other,0.0910
DOM,2020,owner,0.5440
DOM,2020,tenant,0.3650
DOM,2021,other,0.1000
DOM,2021,owner,0.5220
DOM,2021,tenant,0.3780
DOM,2022,other,0.0960
DOM,2022,owner,0.5210
DOM,2022,tenant,0.3830
DOM,2023,other,0.0940
DOM,2023,owner,0.5070
DOM,2023,tenant,0.3990
DOM,2024,other,0.0970
DOM,2024,owner,0.5060
DOM,2024,tenant,0.3970
ECU,2010,other,0.1530
ECU,2010,owner,0.6740
ECU,2010,tenant,0.1730
ECU,2011,other,0.1360
ECU,2011,owner,0.6780
ECU,2011,tenant,0.1860
ECU,2012,other,0.1320
ECU,2012,owner,0.6920
ECU,2012,tenant,0.1760
ECU,2013,other,0.1400
ECU,2013,owner,0.6850
ECU,2013,tenant,0.1750
ECU,2014,other,0.1380
ECU,2014,owner,0.6940
ECU,2014,tenant,0.1680
ECU,2015,other,0.1390
ECU,2015,owner,0.6630
ECU,2015,tenant,0.1970
ECU,2016,other,0.1630
ECU,2016,owner,0.6630
ECU,2016,tenant,0.1740
ECU,2017,other,0.1630
ECU,2017,owner,0.6480
ECU,2017,tenant,0.1890
ECU,2018,other,0.1310
ECU,2018,owner,0.6950
ECU,2018,tenant,0.1750
ECU,2019,other,0.1410
ECU,2019,owner,0.6940
ECU,2019,tenant,0.1650
ECU,2020,other,0.1610
ECU,2020,owner,0.6920
ECU,2020,tenant,0.1480
ECU,2021,other,0.1620
ECU,2021,owner,0.6720
ECU,2021,tenant,0.1650
ECU,2022,other,0.1610
ECU,2022,owner,0.6780
ECU,2022,tenant,0.1610
ECU,2023,other,0.1550
ECU,2023,owner,0.6770
ECU,2023,tenant,0.1680
ECU,2024,other,0.1600
ECU,2024,owner,0.6750
ECU,2024,tenant,0.1650
GTM,2014,other,0.1170
GTM,2014,owner,0.7590
GTM,2014,tenant,0.1230
GTM,2023,other,0.1230
GTM,2023,owner,0.7580
GTM,2023,tenant,0.1190
HND,2010,other,0.1180
HND,2010,owner,0.7420
HND,2010,tenant,0.1410
HND,2011,other,0.1360
HND,2011,owner,0.7120
HND,2011,tenant,0.1530
HND,2012,other,0.1070
HND,2012,owner,0.7440
HND,2012,tenant,0.1490
HND,2013,other,0.0830
HND,2013,owner,0.7690
HND,2013,tenant,0.1480
HND,2014,other,0.1160
HND,2014,owner,0.7000
HND,2014,tenant,0.1840
HND,2015,other,0.1190
HND,2015,owner,0.7080
HND,2015,tenant,0.1740
HND,2016,other,0.1180
HND,2016,owner,0.7080
HND,2016,tenant,0.1730
HND,2018,other,0.0970
HND,2018,owner,0.7420
HND,2018,tenant,0.1610
HND,2019,other,0.0950
HND,2019,owner,0.7470
HND,2019,tenant,0.1580
HND,2022,other,0.0990
HND,2022,owner,0.7030
HND,2022,tenant,0.1980
HND,2023,other,0.1020
HND,2023,owner,0.7310
HND,2023,tenant,0.1660
HND,2024,other,0.1040
HND,2024,owner,0.7180
HND,2024,tenant,0.1780
MEX,2010,other,0.1450
MEX,2010,owner,0.7100
MEX,2010,tenant,0.1440
MEX,2012,other,0.1590
MEX,2012,owner,0.6850
MEX,2012,tenant,0.1550
MEX,2014,other,0.1570
MEX,2014,owner,0.7080
MEX,2014,tenant,0.1350
MEX,2016,other,0.1660
MEX,2016,owner,0.6890
MEX,2016,tenant,0.1450
MEX,2018,other,0.1670
MEX,2018,owner,0.6830
MEX,2018,tenant,0.1500
MEX,2020,other,0.1530
MEX,2020,owner,0.6960
MEX,2020,tenant,0.1510
MEX,2022,other,0.1540
MEX,2022,owner,0.6960
MEX,2022,tenant,0.1500
MEX,2024,other,0.1440
MEX,2024,owner,0.6990
MEX,2024,tenant,0.1570
NIC,2014,other,0.2160
NIC,2014,owner,0.7400
NIC,2014,tenant,0.0440
PAN,2011,other,0.0620
PAN,2011,owner,0.8160
PAN,2011,tenant,0.1220
PAN,2013,other,0.0550
PAN,2013,owner,0.8190
PAN,2013,tenant,0.1260
PAN,2014,other,0.0490
PAN,2014,owner,0.8270
PAN,2014,tenant,0.1250
PAN,2015,other,0.0550
PAN,2015,owner,0.8250
PAN,2015,tenant,0.1200
PAN,2016,other,0.0490
PAN,2016,owner,0.8220
PAN,2016,tenant,0.1290
PAN,2017,other,0.0570
PAN,2017,owner,0.8100
PAN,2017,tenant,0.1330
PAN,2018,other,0.0490
PAN,2018,owner,0.8220
PAN,2018,tenant,0.1300
PAN,2019,other,0.0550
PAN,2019,owner,0.8220
PAN,2019,tenant,0.1230
PAN,2021,other,0.0420
PAN,2021,owner,0.8480
PAN,2021,tenant,0.1100
PAN,2022,other,0.0440
PAN,2022,owner,0.8350
PAN,2022,tenant,0.1220
PAN,2023,other,0.0520
PAN,2023,owner,0.8190
PAN,2023,tenant,0.1290
PAN,2024,other,0.0610
PAN,2024,owner,0.8210
PAN,2024,tenant,0.1180
PER,2010,other,0.2270
PER,2010,owner,0.6730
PER,2010,tenant,0.0990
PER,2011,other,0.2240
PER,2011,owner,0.6850
PER,2011,tenant,0.0920
PER,2012,other,0.2190
PER,2012,owner,0.6920
PER,2012,tenant,0.0900
PER,2013,other,0.2080
PER,2013,owner,0.7020
PER,2013,tenant,0.0900
PER,2014,other,0.2060
PER,2014,owner,0.7050
PER,2014,tenant,0.0890
PER,2015,other,0.2090
PER,2015,owner,0.6980
PER,2015,tenant,0.0930
PER,2016,other,0.2190
PER,2016,owner,0.6860
PER,2016,tenant,0.0950
PER,2017,other,0.2150
PER,2017,owner,0.6920
PER,2017,tenant,0.0930
PER,2018,other,0.2040
PER,2018,owner,0.7000
PER,2018,tenant,0.0960
PER,2019,other,0.2000
PER,2019,owner,0.7020
PER,2019,tenant,0.0980
PER,2020,other,0.2020
PER,2020,owner,0.7020
PER,2020,tenant,0.0960
PER,2021,other,0.2280
PER,2021,owner,0.6720
PER,2021,tenant,0.1000
PER,2022,other,0.2210
PER,2022,owner,0.6750
PER,2022,tenant,0.1040
PER,2023,other,0.2180
PER,2023,owner,0.6790
PER,2023,tenant,0.1030
PER,2024,other,0.2020
PER,2024,owner,0.6950
PER,2024,tenant,0.1030
PRY,2010,other,0.1310
PRY,2010,owner,0.7510
PRY,2010,tenant,0.1180
PRY,2011,other,0.1160
PRY,2011,owner,0.7920
PRY,2011,tenant,0.0910
PRY,2012,other,0.1240
PRY,2012,owner,0.7680
PRY,2012,tenant,0.1080
PRY,2013,other,0.1070
PRY,2013,owner,0.7690
PRY,2013,tenant,0.1240
PRY,2014,other,0.1180
PRY,2014,owner,0.7660
PRY,2014,tenant,0.1170
PRY,2015,other,0.1030
PRY,2015,owner,0.7690
PRY,2015,tenant,0.1280
PRY,2016,other,0.1120
PRY,2016,owner,0.7750
PRY,2016,tenant,0.1130
PRY,2017,other,0.1060
PRY,2017,owner,0.7910
PRY,2017,tenant,0.1030
PRY,2018,other,0.0960
PRY,2018,owner,0.7950
PRY,2018,tenant,0.1090
PRY,2019,other,0.1000
PRY,2019,owner,0.7830
PRY,2019,tenant,0.1170
PRY,2020,other,0.0910
PRY,2020,owner,0.7980
PRY,2020,tenant,0.1120
PRY,2021,other,0.0920
PRY,2021,owner,0.8000
PRY,2021,tenant,0.1070
PRY,2022,other,0.0840
PRY,2022,owner,0.8040
PRY,2022,tenant,0.1120
PRY,2023,other,0.0810
PRY,2023,owner,0.8070
PRY,2023,tenant,0.1130
PRY,2024,other,0.0830
PRY,2024,owner,0.7950
PRY,2024,tenant,0.1220
SLV,2010,other,0.1940
SLV,2010,owner,0.6840
SLV,2010,tenant,0.1220
SLV,2012,other,0.1860
SLV,2012,owner,0.6800
SLV,2012,tenant,0.1340
SLV,2013,other,0.2010
SLV,2013,owner,0.6640
SLV,2013,tenant,0.1340
SLV,2014,other,0.2210
SLV,2014,owner,0.6400
SLV,2014,tenant,0.1390
SLV,2015,other,0.2290
SLV,2015,owner,0.6370
SLV,2015,tenant,0.1340
SLV,2016,other,0.2090
SLV,2016,owner,0.6540
SLV,2016,tenant,0.1370
SLV,2017,other,0.2130
SLV,2017,owner,0.6570
SLV,2017,tenant,0.1300
SLV,2018,other,0.2100
SLV,2018,owner,0.6570
SLV,2018,tenant,0.1340
SLV,2019,other,0.2190
SLV,2019,owner,0.6500
SLV,2019,tenant,0.1320
SLV,2020,other,0.2170
SLV,2020,owner,0.6260
SLV,2020,tenant,0.1570
SLV,2021,other,0.2270
SLV,2021,owner,0.5920
SLV,2021,tenant,0.1810
SLV,2022,other,0.2360
SLV,2022,owner,0.5950
SLV,2022,tenant,0.1700
SLV,2023,other,0.2290
SLV,2023,owner,0.5980
SLV,2023,tenant,0.1720
URY,2010,other,0.2100
URY,2010,owner,0.6130
URY,2010,tenant,0.1770
URY,2011,other,0.2160
URY,2011,owner,0.5930
URY,2011,tenant,0.1910
URY,2012,other,0.2150
URY,2012,owner,0.5930
URY,2012,tenant,0.1920
URY,2013,other,0.2180
URY,2013,owner,0.6040
URY,2013,tenant,0.1780
URY,2014,other,0.2240
URY,2014,owner,0.5930
URY,2014,tenant,0.1830
URY,2015,other,0.2220
URY,2015,owner,0.5910
URY,2015,tenant,0.1870
URY,2016,other,0.2280
URY,2016,owner,0.5730
URY,2016,tenant,0.1990
URY,2017,other,0.2340
URY,2017,owner,0.5740
URY,2017,tenant,0.1910
URY,2018,other,0.2330
URY,2018,owner,0.5790
URY,2018,tenant,0.1880
URY,2019,other,0.2290
URY,2019,owner,0.5750
URY,2019,tenant,0.1960
URY,2021,other,0.2220
URY,2021,owner,0.5730
URY,2021,tenant,0.2050
URY,2022,other,0.2280
URY,2022,owner,0.5720
URY,2022,tenant,0.2000
URY,2023,other,0.2330
URY,2023,owner,0.5610
URY,2023,tenant,0.2060
URY,2024,other,0.2410
URY,2024,owner,0.5490
URY,2024,tenant,0.2100
VEN,2010,other,0.0800
VEN,2010,owner,0.8380
VEN,2010,tenant,0.0810
VEN,2011,other,0.0920
VEN,2011,owner,0.8210
VEN,2011,tenant,0.0870
VEN,2012,other,0.1010
VEN,2012,owner,0.8170
VEN,2012,tenant,0.0830
VEN,2013,other,0.1010
VEN,2013,owner,0.8230
VEN,2013,tenant,0.0770
VEN,2014,other,0.0980
VEN,2014,owner,0.8240
VEN,2014,tenant,0.0770
