iso3,heading,value
ABW,1000000,120.571850
ABW,1101000,173.458080
ABW,1101100,170.962851
ABW,1103000,115.817950
ABW,1105000,114.087621
ABW,1107300,179.069885
ABW,1111000,104.068307
ABW,1501100,91.098119
ABW,1501200,189.228182
ABW,1501300,86.876316
ABW,9080000,111.399470
ABW,9120000,98.637278
ABW,9140000,102.437749
AFG,1000000,26.357240
AGO,1000000,43.686492
AGO,1101000,85.773602
AGO,1101100,86.432630
AGO,1103000,46.347472
AGO,1105000,44.045003
AGO,1107300,52.140090
AGO,1111000,41.777800
AGO,1501100,66.501942
AGO,1501200,38.693657
AGO,1501300,63.143718
AGO,9080000,30.613333
AGO,9120000,16.050257
AGO,9140000,38.528542
ALB,1000000,62.122711
ALB,1101000,97.368272
ALB,1101100,96.888157
ALB,1103000,115.427069
ALB,1105000,104.075385
ALB,1107300,101.482011
ALB,1111000,61.955310
ALB,1501100,89.245406
ALB,1501200,65.991880
ALB,1501300,72.852757
ALB,9080000,37.527393
ALB,9120000,21.854488
ALB,9140000,53.980155
AND,1000000,113.319385
ARE,1000000,101.936064
ARE,1101000,137.675971
ARE,1101100,138.424714
ARE,1103000,123.643935
ARE,1105000,133.892619
ARE,1107300,113.845130
ARE,1111000,111.096194
ARE,1501100,107.321247
ARE,1501200,67.064673
ARE,1501300,96.359011
ARE,9080000,114.904873
ARE,9120000,177.635247
ARE,9140000,113.176405
ARG,1000000,63.241448
ARG,1101000,81.720393
ARG,1101100,81.656678
ARG,1103000,144.922190
ARG,1105000,88.376617
ARG,1107300,87.119685
ARG,1111000,77.197628
ARG,1501100,119.112082
ARG,1501200,67.561602
ARG,1501300,121.160012
ARG,9080000,41.297366
ARG,9120000,39.753619
ARG,9140000,63.201434
ARM,1000000,46.627507
ARM,1101000,74.124407
ARM,1101100,73.480538
ARM,1103000,91.682612
ARM,1105000,71.956740
ARM,1107300,51.032977
ARM,1111000,53.121886
ARM,1501100,89.201444
ARM,1501200,40.879818
ARM,1501300,83.321760
ARM,9080000,27.262633
ARM,9120000,20.601824
ARM,9140000,38.981555
ATG,1000000,106.110607
ATG,1101000,159.389244
ATG,1101100,161.116912
ATG,1103000,123.701050
ATG,1105000,126.968485
ATG,1107300,160.350650
ATG,1111000,91.071692
ATG,1501100,133.742842
ATG,1501200,102.266740
ATG,1501300,106.799579
ATG,9080000,106.718134
ATG,9120000,50.844176
ATG,9140000,94.541777
AUS,1000000,168.626952
AUS,1101000,148.253013
AUS,1101100,148.504418
AUS,1103000,115.214367
AUS,1105000,128.336356
AUS,1107300,283.780803
AUS,1111000,187.469932
AUS,1501100,109.240744
AUS,1501200,264.078147
AUS,1501300,118.364472
AUS,9080000,194.026630
AUS,9120000,207.032532
AUS,9140000,157.317965
AUT,1000000,133.707364
AUT,1101000,125.610663
AUT,1101100,128.424394
AUT,1103000,135.142406
AUT,1105000,127.874759
AUT,1107300,250.789131
AUT,1111000,138.315232
AUT,1501100,94.015384
AUT,1501200,176.711811
AUT,1501300,93.621212
AUT,9080000,146.586127
AUT,9120000,194.237604
AUT,9140000,123.484802
AZE,1000000,42.609265
AZE,1101000,60.868729
AZE,1101100,60.266341
AZE,1103000,85.744234
AZE,1105000,67.540698
AZE,1107300,44.532762
AZE,1111000,48.922812
AZE,1501100,84.341527
AZE,1501200,41.588416
AZE,1501300,77.389329
AZE,9080000,21.046320
AZE,9120000,24.940849
AZE,9140000,38.522241
BDI,1000000,48.884787
BDI,1101000,83.986428
BDI,1101100,83.468027
BDI,1103000,56.574367
BDI,1105000,44.807605
BDI,1107300,69.253491
BDI,1111000,35.592270
BDI,1501100,113.779784
BDI,1501200,52.089252
BDI,1501300,102.719838
BDI,9080000,32.158648
BDI,9120000,22.732986
BDI,9140000,43.115090
BEL,1000000,132.282228
BEL,1101000,123.612873
BEL,1101100,124.759092
BEL,1103000,132.666941
BEL,1105000,123.859285
BEL,1107300,226.193282
BEL,1111000,166.479628
BEL,1501100,93.446486
BEL,1501200,147.633178
BEL,1501300,88.161620
BEL,9080000,123.887528
BEL,9120000,178.900564
BEL,9140000,119.661017
BEN,1000000,60.322855
BEN,1101000,98.524012
BEN,1101100,97.513425
BEN,1103000,55.437004
BEN,1105000,55.251791
BEN,1107300,121.682943
BEN,1111000,58.853686
BEN,1501100,147.545769
BEN,1501200,57.650199
BEN,1501300,137.096638
BEN,9080000,49.623306
BEN,9120000,29.983318
BEN,9140000,49.998226
BFA,1000000,57.070516
BFA,1101000,75.790612
BFA,1101100,73.518478
BFA,1103000,53.358017
BFA,1105000,43.511877
BFA,1107300,79.227749
BFA,1111000,52.753699
BFA,1501100,125.602317
BFA,1501200,55.191350
BFA,1501300,116.183853
BFA,9080000,51.373302
BFA,9120000,45.561961
BFA,9140000,50.940709
BGD,1000000,52.687979
BGD,1101000,85.490696
BGD,1101100,85.855296
BGD,1103000,63.290650
BGD,1105000,50.825380
BGD,1107300,62.922566
BGD,1111000,39.473717
BGD,1501100,113.381389
BGD,1501200,44.951061
BGD,1501300,100.350019
BGD,9080000,26.896056
BGD,9120000,36.766747
BGD,9140000,51.617300
BGR,1000000,65.844343
BGR,1101000,93.395367
BGR,1101100,92.441797
BGR,1103000,100.534728
BGR,1105000,79.462174
BGR,1107300,107.980683
BGR,1111000,62.680805
BGR,1501100,88.859847
BGR,1501200,80.115440
BGR,1501300,74.584574
BGR,9080000,38.358685
BGR,9120000,54.037504
BGR,9140000,58.664965
BHR,1000000,78.277261
BHR,1101000,119.662172
BHR,1101100,121.525840
BHR,1103000,82.464821
BHR,1105000,86.904948
BHR,1107300,119.752813
BHR,1111000,71.763759
BHR,1501100,103.679512
BHR,1501200,65.435890
BHR,1501300,95.781084
BHR,9080000,74.370376
BHR,9120000,98.814744
BHR,9140000,78.294502
BHS,1000000,154.900485
BIH,1000000,62.330291
BIH,1101000,92.087111
BIH,1101100,92.005770
BIH,1103000,125.500216
BIH,1105000,78.474069
BIH,1107300,162.011493
BIH,1111000,78.110216
BIH,1501100,87.007971
BIH,1501200,65.784242
BIH,1501300,67.976364
BIH,9080000,49.899223
BIH,9120000,34.437108
BIH,9140000,59.400492
BLR,1000000,42.984907
BLR,1101000,60.027530
BLR,1101100,59.006332
BLR,1103000,80.065890
BLR,1105000,65.123641
BLR,1107300,52.653549
BLR,1111000,49.296428
BLR,1501100,82.102925
BLR,1501200,38.725159
BLR,1501300,77.300378
BLR,9080000,24.978354
BLR,9120000,25.641503
BLR,9140000,39.298204
BLZ,1000000,83.918669
BLZ,1101000,110.227809
BLZ,1101100,106.081459
BLZ,1103000,91.075055
BLZ,1105000,73.357732
BLZ,1107300,95.604737
BLZ,1111000,82.095330
BLZ,1501100,85.024872
BLZ,1501200,95.337507
BLZ,1501300,78.318011
BLZ,9080000,72.005179
BLZ,9120000,51.624649
BLZ,9140000,70.919147
BMU,1000000,193.546751
BMU,1101000,207.949677
BMU,1101100,205.331138
BMU,1103000,207.783040
BMU,1105000,144.813021
BMU,1107300,174.372707
BMU,1111000,178.060369
BMU,1501100,137.662349
BMU,1501200,279.918436
BMU,9080000,251.828427
BMU,9120000,211.160657
BMU,9140000,154.738279
BOL,1000000,56.424674
BOL,1101000,68.943716
BOL,1101100,68.568982
BOL,1103000,56.398861
BOL,1105000,64.548266
BOL,1107300,63.725586
BOL,1111000,49.059301
BOL,1501100,75.941934
BOL,1501200,48.090739
BOL,1501300,73.560606
BOL,9080000,55.114086
BOL,9120000,60.166378
BOL,9140000,50.630424
BRA,1000000,69.759684
BRA,1101000,80.731254
BRA,1101100,81.249668
BRA,1103000,71.028970
BRA,1105000,69.731696
BRA,1107300,108.154449
BRA,1111000,48.792449
BRA,1501100,111.175214
BRA,1501200,54.064814
BRA,1501300,104.539758
BRA,9080000,68.628208
BRA,9120000,76.448915
BRA,9140000,61.576269
BRB,1000000,188.894281
BRN,1000000,62.799180
BRN,1101000,101.762386
BRN,1101100,102.048932
BRN,1103000,75.625046
BRN,1105000,64.025514
BRN,1107300,57.898622
BRN,1111000,66.058095
BRN,1501100,105.284188
BRN,1501200,52.313448
BRN,1501300,93.849947
BRN,9080000,50.706230
BRN,9120000,63.329525
BRN,9140000,60.462366
BTN,1000000,42.025445
BTN,1101000,76.730942
BTN,1101100,77.729238
BTN,1103000,54.115164
BTN,1105000,59.658769
BTN,1107300,56.249213
BTN,1111000,28.175480
BTN,1501100,112.386017
BTN,1501200,44.020508
BTN,1501300,103.031281
BTN,9080000,21.657649
BTN,9120000,24.321767
BTN,9140000,38.854806
BWA,1000000,68.883880
BWA,1101000,90.750829
BWA,1101100,89.945538
BWA,1103000,65.508991
BWA,1105000,70.942811
BWA,1107300,79.516238
BWA,1111000,96.391283
BWA,1501100,93.785027
BWA,1501200,69.454364
BWA,1501300,85.579583
BWA,9080000,47.599769
BWA,9120000,70.624458
BWA,9140000,53.377171
CAF,1000000,69.116398
CAF,1101000,120.186552
CAF,1101100,118.660846
CAF,1103000,67.990107
CAF,1105000,63.859306
CAF,1107300,88.561844
CAF,1111000,92.948023
CAF,1501100,96.104878
CAF,1501200,59.043322
CAF,1501300,90.550755
CAF,9080000,45.460953
CAF,9120000,21.703888
CAF,9140000,58.201722
CAN,1000000,149.123792
CAN,1101000,145.787594
CAN,1101100,152.020365
CAN,1103000,139.574776
CAN,1105000,141.303293
CAN,1107300,267.786445
CAN,1111000,150.834531
CAN,1501100,94.317241
CAN,1501200,217.014133
CAN,1501300,99.351140
CAN,9080000,150.466428
CAN,9120000,183.349707
CAN,9140000,134.818438
CHE,1000000,181.402329
CHE,1101000,193.470208
CHE,1101100,199.197717
CHE,1103000,169.977137
CHE,1105000,156.919684
CHE,1107300,284.489213
CHE,1111000,228.436301
CHE,1501100,102.369283
CHE,1501200,237.431977
CHE,1501300,107.942876
CHE,9080000,225.235009
CHE,9120000,311.479456
CHE,9140000,192.182841
CHL,1000000,88.323660
CHL,1101000,124.890883
CHL,1101100,122.409442
CHL,1103000,124.307194
CHL,1105000,100.334943
CHL,1107300,91.073851
CHL,1111000,102.052825
CHL,1501100,82.069888
CHL,1501200,135.764844
CHL,1501300,86.331063
CHL,9080000,68.896445
CHL,9120000,43.300279
CHL,9140000,81.149030
CHN,1000000,97.934468
CHN,1101000,130.054963
CHN,1101100,130.410493
CHN,1103000,165.801422
CHN,1105000,117.431079
CHN,1107300,99.853329
CHN,1111000,84.709016
CHN,1501100,128.044455
CHN,1501200,92.246723
CHN,1501300,117.484709
CHN,9080000,63.765048
CHN,9120000,138.222202
CHN,9140000,99.678319
CIV,1000000,64.375339
CIV,1101000,91.051190
CIV,1101100,90.869623
CIV,1103000,68.001616
CIV,1105000,46.859479
CIV,1107300,107.416390
CIV,1111000,74.309640
CIV,1501100,124.621645
CIV,1501200,55.232903
CIV,1501300,116.188329
CIV,9080000,50.814014
CIV,9120000,49.868778
CIV,9140000,49.088631
CMR,1000000,55.280092
CMR,1101000,88.258943
CMR,1101100,87.262857
CMR,1103000,79.302302
CMR,1105000,58.963587
CMR,1107300,75.342148
CMR,1111000,60.249927
CMR,1501100,122.211880
CMR,1501200,62.613792
CMR,1501300,113.429612
CMR,9080000,51.375185
CMR,9120000,28.279086
CMR,9140000,50.674388
COD,1000000,67.340064
COD,1101000,105.011819
COD,1101100,105.362522
COD,1103000,59.488717
COD,1105000,49.432685
COD,1107300,88.029537
COD,1111000,60.274455
COD,1501100,122.638293
COD,1501200,67.875820
COD,1501300,111.447075
COD,9080000,42.182374
COD,9120000,29.124511
COD,9140000,52.469009
COG,1000000,63.657138
COG,1101000,111.451365
COG,1101100,110.773971
COG,1103000,79.643209
COG,1105000,57.747940
COG,1107300,83.822456
COG,1111000,56.186571
COG,1501100,130.446685
COG,1501200,69.646888
COG,1501300,122.691824
COG,9080000,47.350581
COG,9120000,31.035931
COG,9140000,48.968493
COL,1000000,55.706286
COL,1101000,78.504010
COL,1101100,79.149463
COL,1103000,84.848030
COL,1105000,64.107819
COL,1107300,76.387614
COL,1111000,66.684627
COL,1501100,79.861484
COL,1501200,80.230683
COL,1501300,63.688020
COL,9080000,36.018194
COL,9120000,20.234056
COL,9140000,57.142324
COM,1000000,72.942969
COM,1101000,164.742555
COM,1101100,165.123578
COM,1103000,100.794672
COM,1105000,84.224515
COM,1107300,31.926653
COM,1111000,75.255288
COM,1501100,94.771142
COM,1501200,60.230697
COM,1501300,88.195737
COM,9080000,42.249866
COM,9120000,23.521877
COM,9140000,68.808522
CPV,1000000,81.881612
CPV,1101000,99.362811
CPV,1101100,98.861637
CPV,1103000,94.294417
CPV,1105000,83.595039
CPV,1107300,153.763837
CPV,1111000,73.326188
CPV,1501100,108.334052
CPV,1501200,74.215133
CPV,1501300,101.530309
CPV,9080000,54.254591
CPV,9120000,49.472358
CPV,9140000,63.609174
CRI,1000000,84.267836
CRI,1101000,124.482704
CRI,1101100,124.247682
CRI,1103000,100.367620
CRI,1105000,74.776584
CRI,1107300,84.825091
CRI,1111000,89.195396
CRI,1501100,104.929702
CRI,1501200,75.820786
CRI,1501300,82.699250
CRI,9080000,128.979155
CRI,9120000,67.905446
CRI,9140000,85.916425
CUW,1000000,113.854655
CUW,1101000,145.947460
CUW,1101100,145.964017
CUW,1103000,168.182406
CUW,1105000,107.824944
CUW,1107300,130.817093
CUW,1111000,121.536393
CUW,1501100,103.315959
CUW,1501200,121.540951
CUW,1501300,89.847658
CUW,9080000,91.461292
CUW,9120000,117.345359
CUW,9140000,103.085426
CYM,1000000,184.712490
CYM,1101000,215.538721
CYM,1101100,223.558097
CYM,1103000,202.924614
CYM,1105000,166.775028
CYM,1107300,192.464434
CYM,1111000,121.227353
CYM,1501100,131.809920
CYM,1501200,171.386593
CYM,1501300,130.895283
CYM,9080000,202.881930
CYM,9120000,258.089145
CYM,9140000,152.818146
CYP,1000000,107.048645
CYP,1101000,128.001006
CYP,1101100,129.720735
CYP,1103000,123.736206
CYP,1105000,106.836350
CYP,1107300,208.525620
CYP,1111000,118.580547
CYP,1501100,96.665034
CYP,1501200,105.328707
CYP,1501300,81.387957
CYP,9080000,110.106764
CYP,9120000,157.025368
CYP,9140000,98.323124
CZE,1000000,87.776095
CZE,1101000,104.786365
CZE,1101100,105.356863
CZE,1103000,121.929021
CZE,1105000,105.017540
CZE,1107300,123.803840
CZE,1111000,76.827461
CZE,1501100,92.306843
CZE,1501200,104.842367
CZE,1501300,83.013333
CZE,9080000,49.411951
CZE,9120000,82.679280
CZE,9140000,74.297275
DEU,1000000,131.556088
DEU,1101000,121.999092
DEU,1101100,124.859434
DEU,1103000,129.798059
DEU,1105000,123.142373
DEU,1107300,251.927636
DEU,1111000,149.251118
DEU,1501100,89.371956
DEU,1501200,211.801249
DEU,1501300,102.789514
DEU,9080000,117.521427
DEU,9120000,149.452601
DEU,9140000,112.824878
DJI,1000000,80.446573
DJI,1101000,127.741192
DJI,1101100,128.796591
DJI,1103000,60.087026
DJI,1105000,107.695859
DJI,1107300,115.523659
DJI,1111000,54.423445
DJI,1501100,110.765480
DJI,1501200,71.975165
DJI,1501300,103.344235
DJI,9080000,66.165322
DJI,9120000,59.718702
DJI,9140000,73.726374
DMA,1000000,83.957486
DMA,1101000,160.237201
DMA,1101100,156.338085
DMA,1103000,84.846267
DMA,1105000,114.551345
DMA,1107300,175.764482
DMA,1111000,75.115073
DMA,1501100,86.058834
DMA,1501200,83.121694
DMA,1501300,80.983969
DMA,9080000,75.331910
DMA,9120000,67.869733
DMA,9140000,85.179548
DNK,1000000,157.044972
DNK,1101000,140.443622
DNK,1101100,140.200791
DNK,1103000,174.984745
DNK,1105000,144.760869
DNK,1107300,268.888760
DNK,1111000,206.352694
DNK,1501100,107.062668
DNK,1501200,185.461179
DNK,1501300,100.306239
DNK,9080000,149.479793
DNK,9120000,181.792837
DNK,9140000,152.684005
DOM,1000000,61.255001
DOM,1101000,91.559251
DOM,1101100,92.300593
DOM,1103000,79.419282
DOM,1105000,67.989659
DOM,1107300,80.385357
DOM,1111000,79.275978
DOM,1501100,124.783983
DOM,1501200,56.072271
DOM,1501300,110.705116
DOM,9080000,48.703253
DOM,9120000,58.513297
DOM,9140000,63.130673
DZA,1000000,45.476203
DZA,1101000,71.541578
DZA,1101100,72.301806
DZA,1103000,67.107008
DZA,1105000,40.295725
DZA,1107300,34.456700
DZA,1111000,33.643207
DZA,1501100,92.174210
DZA,1501200,59.581113
DZA,1501300,85.224408
DZA,9080000,29.726640
DZA,9120000,26.939241
DZA,9140000,41.456600
ECU,1000000,71.104939
ECU,1101000,99.450884
ECU,1101100,96.651796
ECU,1103000,118.408515
ECU,1105000,75.840826
ECU,1107300,54.818656
ECU,1111000,79.820884
ECU,1501100,94.161247
ECU,1501200,56.880103
ECU,1501300,90.378635
ECU,9080000,68.685719
ECU,9120000,63.931593
ECU,9140000,67.530076
EGY,1000000,39.041331
EGY,1101000,63.834047
EGY,1101100,63.808351
EGY,1103000,48.425016
EGY,1105000,56.809749
EGY,1107300,47.100611
EGY,1111000,28.909725
EGY,1501100,85.761087
EGY,1501200,59.334789
EGY,1501300,79.137746
EGY,9080000,24.898844
EGY,9120000,23.822613
EGY,9140000,35.229666
ERI,1000000,51.908847
ESP,1000000,110.749035
ESP,1101000,114.499383
ESP,1101100,115.490024
ESP,1103000,117.364504
ESP,1105000,115.914304
ESP,1107300,181.947977
ESP,1111000,111.098330
ESP,1501100,93.459113
ESP,1501200,112.596767
ESP,1501300,81.206885
ESP,9080000,122.811542
ESP,9120000,105.119563
ESP,9140000,105.219054
EST,1000000,98.289179
EST,1101000,114.469633
EST,1101100,115.123633
EST,1103000,141.034948
EST,1105000,111.135603
EST,1107300,150.757597
EST,1111000,124.464593
EST,1501100,89.780012
EST,1501200,104.728730
EST,1501300,81.501770
EST,9080000,79.310881
EST,9120000,85.983296
EST,9140000,95.519181
ETH,1000000,44.798838
ETH,1101000,74.158314
ETH,1101100,74.648766
ETH,1103000,54.894259
ETH,1105000,46.602690
ETH,1107300,31.774997
ETH,1111000,29.390336
ETH,1501100,120.465648
ETH,1501200,67.035459
ETH,1501300,108.601570
ETH,9080000,23.596766
ETH,9120000,27.858255
ETH,9140000,34.436349
FIN,1000000,146.702786
FIN,1101000,132.991659
FIN,1101100,132.993352
FIN,1103000,152.936547
FIN,1105000,124.766024
FIN,1107300,291.471206
FIN,1111000,176.399169
FIN,1501100,96.349485
FIN,1501200,192.078688
FIN,1501300,100.046204
FIN,9080000,157.544435
FIN,9120000,141.602271
FIN,9140000,143.845857
FJI,1000000,69.642410
FJI,1101000,94.460879
FJI,1101100,93.277434
FJI,1103000,67.724739
FJI,1105000,85.521695
FJI,1107300,81.640048
FJI,1111000,87.495388
FJI,1501100,108.562403
FJI,1501200,57.899056
FJI,1501300,101.950382
FJI,9080000,48.189325
FJI,9120000,62.379271
FJI,9140000,67.392459
FRA,1000000,128.535727
FRA,1101000,128.783349
FRA,1101100,132.057237
FRA,1103000,139.988194
FRA,1105000,125.252272
FRA,1107300,239.071134
FRA,1111000,157.620346
FRA,1501100,94.833059
FRA,1501200,163.331526
FRA,1501300,92.693415
FRA,9080000,102.728456
FRA,9120000,117.803426
FRA,9140000,113.458671
FRO,1000000,160.743639
GAB,1000000,69.985600
GAB,1101000,123.344593
GAB,1101100,122.510892
GAB,1103000,83.223529
GAB,1105000,73.839332
GAB,1107300,117.958623
GAB,1111000,67.522341
GAB,1501100,96.805008
GAB,1501200,70.299435
GAB,1501300,89.484849
GAB,9080000,60.734748
GAB,9120000,37.856525
GAB,9140000,54.184088
GBR,1000000,140.547059
GBR,1101000,110.671050
GBR,1101100,109.102684
GBR,1103000,115.382813
GBR,1105000,117.299868
GBR,1107300,331.579008
GBR,1111000,131.442169
GBR,1501100,95.216628
GBR,1501200,155.278185
GBR,1501300,94.395140
GBR,9080000,162.106524
GBR,9120000,170.606673
GBR,9140000,131.694361
GEO,1000000,42.519744
GEO,1101000,81.018617
GEO,1101100,81.758988
GEO,1103000,89.826184
GEO,1105000,71.457945
GEO,1107300,67.059655
GEO,1111000,51.129826
GEO,1501100,94.849677
GEO,1501200,37.984873
GEO,1501300,51.150814
GEO,9080000,28.454152
GEO,9120000,11.869579
GEO,9140000,44.311242
GHA,1000000,58.645669
GHA,1101000,111.489265
GHA,1101100,111.310569
GHA,1103000,50.150056
GHA,1105000,48.855079
GHA,1107300,129.566612
GHA,1111000,48.289340
GHA,1501100,78.623681
GHA,1501200,68.154887
GHA,1501300,74.924429
GHA,9080000,31.734726
GHA,9120000,39.168535
GHA,9140000,42.840289
GIN,1000000,50.626329
GIN,1101000,94.958056
GIN,1101100,94.912003
GIN,1103000,38.242230
GIN,1105000,44.702560
GIN,1107300,47.978958
GIN,1111000,31.726989
GIN,1501100,119.330116
GIN,1501200,70.413193
GIN,1501300,100.978953
GIN,9080000,35.836084
GIN,9120000,27.756592
GIN,9140000,38.065922
GMB,1000000,45.371239
GMB,1101000,81.038137
GMB,1101100,80.661874
GMB,1103000,35.213100
GMB,1105000,39.729525
GMB,1107300,40.653380
GMB,1111000,45.749892
GMB,1501100,108.890770
GMB,1501200,66.117825
GMB,1501300,98.688943
GMB,9080000,28.306143
GMB,9120000,25.774832
GMB,9140000,37.751196
GNB,1000000,58.211036
GNB,1101000,101.054806
GNB,1101100,100.215376
GNB,1103000,67.622406
GNB,1105000,53.154092
GNB,1107300,70.863202
GNB,1111000,57.884057
GNB,1501100,116.130633
GNB,1501200,58.910985
GNB,1501300,103.925706
GNB,9080000,41.968778
GNB,9120000,26.260198
GNB,9140000,53.897231
GNQ,1000000,65.426515
GNQ,1101000,133.872341
GNQ,1101100,134.058135
GNQ,1103000,108.517989
GNQ,1105000,81.926793
GNQ,1107300,97.308110
GNQ,1111000,71.854857
GNQ,1501100,98.185929
GNQ,1501200,80.642786
GNQ,1501300,89.914428
GNQ,9080000,45.046845
GNQ,9120000,24.762282
GNQ,9140000,61.456871
GRC,1000000,97.467880
GRC,1101000,124.602786
GRC,1101100,124.871877
GRC,1103000,123.229302
GRC,1105000,105.532403
GRC,1107300,156.327654
GRC,1111000,116.717864
GRC,1501100,91.155103
GRC,1501200,94.498902
GRC,1501300,81.537579
GRC,9080000,88.296877
GRC,9120000,66.970493
GRC,9140000,91.455665
GRD,1000000,100.785036
GRD,1101000,166.371102
GRD,1101100,162.872014
GRD,1103000,101.143753
GRD,1105000,125.840294
GRD,1107300,211.680600
GRD,1111000,92.479808
GRD,1501100,118.670221
GRD,1501200,122.508680
GRD,1501300,113.851771
GRD,9080000,74.158265
GRD,9120000,60.015122
GRD,9140000,93.703681
GRL,1000000,132.924420
GTM,1000000,65.703205
GTM,1101000,91.919406
GTM,1101100,92.390761
GTM,1103000,78.088846
GTM,1105000,54.884998
GTM,1107300,79.438752
GTM,1111000,41.270258
GTM,1501100,71.171119
GTM,1501200,55.469938
GTM,1501300,68.172402
GTM,9080000,58.414802
GTM,9120000,50.006413
GTM,9140000,60.245575
GUY,1000000,68.252207
GUY,1101000,127.487113
GUY,1101100,127.450021
GUY,1103000,77.967407
GUY,1105000,97.235404
GUY,1107300,100.126613
GUY,1111000,61.437903
GUY,1501100,128.953371
GUY,1501200,61.571345
GUY,1501300,123.147003
GUY,9080000,56.301289
GUY,9120000,42.067333
GUY,9140000,70.753009
HKG,1000000,119.687838
HKG,1101000,168.491675
HKG,1101100,171.185887
HKG,1103000,99.429296
HKG,1105000,115.556499
HKG,1107300,136.157284
HKG,1111000,92.626515
HKG,1501100,104.866536
HKG,1501200,141.845346
HKG,1501300,94.667558
HKG,9080000,137.110972
HKG,9120000,159.874524
HKG,9140000,100.303209
HND,1000000,69.646570
HND,1101000,94.036382
HND,1101100,94.319794
HND,1103000,107.538527
HND,1105000,81.651255
HND,1107300,79.877385
HND,1111000,78.260809
HND,1501100,112.455487
HND,1501200,53.525195
HND,1501300,104.591437
HND,9080000,65.911747
HND,9120000,52.693940
HND,9140000,69.023463
HRV,1000000,76.360036
HRV,1101000,114.026608
HRV,1101100,112.034717
HRV,1103000,120.560998
HRV,1105000,102.771657
HRV,1107300,180.393823
HRV,1111000,104.931575
HRV,1501100,86.685782
HRV,1501200,70.091279
HRV,1501300,68.679007
HRV,9080000,55.217648
HRV,9120000,61.784344
HRV,9140000,74.140444
HTI,1000000,84.352947
HUN,1000000,76.895971
HUN,1101000,99.929160
HUN,1101100,101.011871
HUN,1103000,114.694215
HUN,1105000,93.535524
HUN,1107300,137.086385
HUN,1111000,82.037451
HUN,1501100,84.023120
HUN,1501200,89.655396
HUN,1501300,74.531490
HUN,9080000,44.883811
HUN,9120000,68.245281
HUN,9140000,64.623904
IDN,1000000,53.250713
IDN,1101000,89.043942
IDN,1101100,89.457056
IDN,1103000,70.017614
IDN,1105000,64.991301
IDN,1107300,71.847690
IDN,1111000,44.762767
IDN,1501100,105.983842
IDN,1501200,37.350791
IDN,1501300,97.805763
IDN,9080000,42.596434
IDN,9120000,40.417167
IDN,9140000,51.505986
IND,1000000,44.433498
IND,1101000,58.348321
IND,1101100,58.168612
IND,1103000,36.941413
IND,1105000,47.407626
IND,1107300,61.555016
IND,1111000,39.133017
IND,1501100,94.774258
IND,1501200,37.690829
IND,1501300,79.000831
IND,9080000,23.028975
IND,9120000,35.474650
IND,9140000,42.410484
IRL,1000000,141.623370
IRL,1101000,139.852863
IRL,1101100,139.739732
IRL,1103000,130.264944
IRL,1105000,128.168688
IRL,1107300,292.976643
IRL,1111000,172.110563
IRL,1501100,94.826895
IRL,1501200,152.833399
IRL,1501300,92.551352
IRL,9080000,189.129322
IRL,9120000,146.147340
IRL,9140000,153.668466
IRN,1000000,43.022550
IRQ,1000000,59.726528
IRQ,1101000,93.785084
IRQ,1101100,95.120462
IRQ,1103000,52.965746
IRQ,1105000,67.674001
IRQ,1107300,99.028091
IRQ,1111000,55.025493
IRQ,1501100,63.064528
IRQ,1501200,61.163040
IRQ,1501300,56.839250
IRQ,9080000,47.710879
IRQ,9120000,51.570298
IRQ,9140000,68.366829
ISL,1000000,177.132522
ISL,1101000,162.914475
ISL,1101100,167.855100
ISL,1103000,177.404867
ISL,1105000,147.413881
ISL,1107300,377.725043
ISL,1111000,218.991642
ISL,1501100,112.465641
ISL,1501200,185.165714
ISL,1501300,104.107351
ISL,9080000,216.174195
ISL,9120000,238.619416
ISL,9140000,177.957961
ISR,1000000,179.076038
ISR,1101000,189.649271
ISR,1101100,188.731021
ISR,1103000,174.129085
ISR,1105000,157.708547
ISR,1107300,194.699482
ISR,1111000,215.194355
ISR,1501100,138.833683
ISR,1501200,269.437301
ISR,1501300,129.522943
ISR,9080000,203.765280
ISR,9120000,159.535817
ISR,9140000,170.750841
ITA,1000000,115.709020
ITA,1101000,123.721335
ITA,1101100,128.796773
ITA,1103000,135.356324
ITA,1105000,116.017309
ITA,1107300,183.975962
ITA,1111000,146.472523
ITA,1501100,89.289028
ITA,1501200,114.344269
ITA,1501300,80.546469
ITA,9080000,126.381582
ITA,9120000,111.054721
ITA,9140000,110.199070
JAM,1000000,83.935636
JAM,1101000,122.739303
JAM,1101100,122.633776
JAM,1103000,53.960944
JAM,1105000,60.703700
JAM,1107300,49.175510
JAM,1111000,72.551679
JAM,1501100,121.791046
JAM,1501200,94.096567
JAM,1501300,114.629596
JAM,9080000,56.656707
JAM,9120000,61.692920
JAM,9140000,66.847015
JOR,1000000,72.395172
JOR,1101000,99.554797
JOR,1101100,101.042227
JOR,1103000,63.979822
JOR,1105000,83.284114
JOR,1107300,101.045360
JOR,1111000,61.439848
JOR,1501100,105.372345
JOR,1501200,68.707885
JOR,1501300,95.647554
JOR,9080000,52.936103
JOR,9120000,72.753610
JOR,9140000,66.502903
JPN,1000000,142.481792
JPN,1101000,191.150205
JPN,1101100,199.507794
JPN,1103000,134.512724
JPN,1105000,135.753640
JPN,1107300,338.209760
JPN,1111000,147.859964
JPN,1501100,99.634440
JPN,1501200,250.941300
JPN,1501300,104.368809
JPN,9080000,97.160235
JPN,9120000,137.677685
JPN,9140000,122.958435
KAZ,1000000,48.002857
KAZ,1101000,64.231652
KAZ,1101100,63.347004
KAZ,1103000,86.819819
KAZ,1105000,66.209454
KAZ,1107300,51.769250
KAZ,1111000,47.027210
KAZ,1501100,84.767479
KAZ,1501200,47.448155
KAZ,1501300,80.418587
KAZ,9080000,24.258193
KAZ,9120000,29.203109
KAZ,9140000,35.754386
KEN,1000000,61.180163
KEN,1101000,92.819057
KEN,1101100,93.188194
KEN,1103000,50.504238
KEN,1105000,55.927144
KEN,1107300,83.160370
KEN,1111000,43.170441
KEN,1501100,104.857891
KEN,1501200,64.898011
KEN,1501300,99.389240
KEN,9080000,48.294193
KEN,9120000,50.649984
KEN,9140000,47.287337
KGZ,1000000,37.290063
KGZ,1101000,67.406200
KGZ,1101100,66.572624
KGZ,1103000,86.185304
KGZ,1105000,69.411916
KGZ,1107300,53.318511
KGZ,1111000,50.296715
KGZ,1501100,84.462347
KGZ,1501200,26.841452
KGZ,1501300,79.154985
KGZ,9080000,17.740775
KGZ,9120000,17.199056
KGZ,9140000,38.312836
KHM,1000000,55.165645
KHM,1101000,89.443366
KHM,1101100,89.554939
KHM,1103000,57.879690
KHM,1105000,63.310059
KHM,1107300,84.561294
KHM,1111000,46.638489
KHM,1501100,99.057719
KHM,1501200,38.176895
KHM,1501300,92.583903
KHM,9080000,30.092276
KHM,9120000,35.027053
KHM,9140000,51.028845
KNA,1000000,108.170188
KNA,1101000,153.006656
KNA,1101100,151.487925
KNA,1103000,242.388189
KNA,1105000,99.787023
KNA,1107300,238.406375
KNA,1111000,119.907087
KNA,1501100,111.550586
KNA,1501200,110.245839
KNA,1501300,128.260542
KNA,9080000,73.923535
KNA,9120000,56.215850
KNA,9140000,96.082006
KOR,1000000,114.590183
KOR,1101000,204.138322
KOR,1101100,208.844393
KOR,1103000,168.443416
KOR,1105000,117.446743
KOR,1107300,148.893712
KOR,1111000,141.718925
KOR,1501100,105.981184
KOR,1501200,127.559046
KOR,1501300,89.099308
KOR,9080000,80.733090
KOR,9120000,158.882708
KOR,9140000,101.177619
KWT,1000000,106.294904
KWT,1101000,129.264053
KWT,1101100,131.348116
KWT,1103000,130.557472
KWT,1105000,122.461755
KWT,1107300,143.977331
KWT,1111000,108.366984
KWT,1501100,109.826735
KWT,1501200,87.690619
KWT,1501300,102.438119
KWT,9080000,133.357382
KWT,9120000,188.088537
KWT,9140000,99.220320
LAO,1000000,49.535078
LAO,1101000,87.933710
LAO,1101100,88.572368
LAO,1103000,54.002525
LAO,1105000,59.821922
LAO,1107300,102.294990
LAO,1111000,47.971684
LAO,1501100,104.743279
LAO,1501200,45.915615
LAO,1501300,94.450796
LAO,9080000,21.696365
LAO,9120000,16.790331
LAO,9140000,50.039172
LBN,1000000,57.998825
LBN,1101000,114.780709
LBN,1101100,118.823298
LBN,1103000,113.915055
LBN,1105000,90.027638
LBN,1107300,84.536420
LBN,1111000,62.025018
LBN,1501100,136.246857
LBN,1501200,81.392882
LBN,1501300,121.316227
LBN,9080000,29.212666
LBN,9120000,27.490368
LBN,9140000,56.229888
LBR,1000000,69.097732
LBR,1101000,112.744537
LBR,1101100,112.287637
LBR,1103000,64.601684
LBR,1105000,61.273867
LBR,1107300,78.960492
LBR,1111000,69.925967
LBR,1501100,91.322445
LBR,1501200,84.711379
LBR,1501300,85.024001
LBR,9080000,43.520661
LBR,9120000,19.935706
LBR,9140000,57.794874
LBY,1000000,61.868069
LCA,1000000,86.764343
LCA,1101000,170.955617
LCA,1101100,173.338767
LCA,1103000,116.141427
LCA,1105000,100.590226
LCA,1107300,159.502361
LCA,1111000,103.241806
LCA,1501100,105.399928
LCA,1501200,98.714704
LCA,1501300,109.332696
LCA,9080000,80.326440
LCA,9120000,49.110356
LCA,9140000,94.763475
LKA,1000000,44.239993
LKA,1101000,76.128097
LKA,1101100,76.080813
LKA,1103000,38.192942
LKA,1105000,55.585172
LKA,1107300,44.994045
LKA,1111000,34.616150
LKA,1501100,107.374601
LKA,1501200,40.203167
LKA,1501300,96.972498
LKA,9080000,18.668036
LKA,9120000,21.289554
LKA,9140000,37.952808
LSO,1000000,66.412661
LSO,1101000,83.542356
LSO,1101100,83.026999
LSO,1103000,70.236165
LSO,1105000,51.139319
LSO,1107300,86.013968
LSO,1111000,66.645369
LSO,1501100,95.673021
LSO,1501200,79.866233
LSO,1501300,87.896329
LSO,9080000,51.392256
LSO,9120000,64.400041
LSO,9140000,44.316403
LTU,1000000,81.425445
LTU,1101000,103.671050
LTU,1101100,102.738973
LTU,1103000,134.421593
LTU,1105000,99.285681
LTU,1107300,158.001727
LTU,1111000,96.925509
LTU,1501100,84.089927
LTU,1501200,95.911059
LTU,1501300,82.604716
LTU,9080000,56.337967
LTU,9120000,69.453299
LTU,9140000,75.500537
LUX,1000000,153.584444
LUX,1101000,146.361639
LUX,1101100,150.455216
LUX,1103000,140.391255
LUX,1105000,148.447993
LUX,1107300,202.253692
LUX,1111000,178.189629
LUX,1501100,96.449582
LUX,1501200,170.515246
LUX,1501300,93.754015
LUX,9080000,176.271149
LUX,9120000,422.590086
LUX,9140000,158.257077
LVA,1000000,90.174042
LVA,1101000,114.098880
LVA,1101100,112.600524
LVA,1103000,135.458885
LVA,1105000,105.195322
LVA,1107300,138.518979
LVA,1111000,108.400749
LVA,1501100,88.947915
LVA,1501200,111.118379
LVA,1501300,82.400969
LVA,9080000,69.878961
LVA,9120000,70.268499
LVA,9140000,84.854165
MAC,1000000,96.930593
MAR,1000000,69.567600
MAR,1101000,92.759297
MAR,1101100,92.550800
MAR,1103000,67.582801
MAR,1105000,51.077334
MAR,1107300,95.373953
MAR,1111000,57.433951
MAR,1501100,84.534160
MAR,1501200,78.539528
MAR,1501300,77.305306
MAR,9080000,65.670045
MAR,9120000,63.500272
MAR,9140000,58.712284
MDA,1000000,53.292232
MDA,1101000,72.435416
MDA,1101100,71.375524
MDA,1103000,96.325687
MDA,1105000,77.200557
MDA,1107300,78.256050
MDA,1111000,58.655304
MDA,1501100,90.445851
MDA,1501200,49.679171
MDA,1501300,83.695159
MDA,9080000,33.234022
MDA,9120000,27.065070
MDA,9140000,50.810581
MDG,1000000,48.565042
MDG,1101000,68.683512
MDG,1101100,68.523445
MDG,1103000,42.099645
MDG,1105000,36.484706
MDG,1107300,57.490544
MDG,1111000,31.844968
MDG,1501100,102.004280
MDG,1501200,61.385483
MDG,1501300,93.708451
MDG,9080000,36.098984
MDG,9120000,26.969366
MDG,9140000,39.788734
MDV,1000000,84.616869
MDV,1101000,103.124464
MDV,1101100,103.531036
MDV,1103000,124.634556
MDV,1105000,86.011813
MDV,1107300,97.087408
MDV,1111000,68.965635
MDV,1501100,111.002108
MDV,1501200,70.913074
MDV,1501300,106.665405
MDV,9080000,52.778603
MDV,9120000,67.899002
MDV,9140000,79.112759
MEX,1000000,77.707008
MEX,1101000,100.188852
MEX,1101100,101.609666
MEX,1103000,87.988418
MEX,1105000,92.768842
MEX,1107300,125.846678
MEX,1111000,84.252425
MEX,1501100,97.525400
MEX,1501200,135.695653
MEX,1501300,94.087825
MEX,9080000,82.960559
MEX,9120000,20.675531
MEX,9140000,73.748210
MKD,1000000,53.961740
MKD,1101000,75.341701
MKD,1101100,75.910996
MKD,1103000,103.283331
MKD,1105000,71.995258
MKD,1107300,100.771273
MKD,1111000,56.462967
MKD,1501100,84.104783
MKD,1501200,67.592410
MKD,1501300,66.607746
MKD,9080000,33.788526
MKD,9120000,28.297527
MKD,9140000,49.055648
MLI,1000000,58.212867
MLI,1101000,84.253861
MLI,1101100,83.911409
MLI,1103000,59.603923
MLI,1105000,48.527479
MLI,1107300,142.613182
MLI,1111000,64.253962
MLI,1501100,141.592461
MLI,1501200,73.759964
MLI,1501300,127.993690
MLI,9080000,45.967039
MLI,9120000,46.696868
MLI,9140000,54.371541
MLT,1000000,103.525503
MLT,1101000,136.971831
MLT,1101100,136.608656
MLT,1103000,134.072279
MLT,1105000,120.954325
MLT,1107300,161.851414
MLT,1111000,124.676600
MLT,1501100,98.668604
MLT,1501200,113.212228
MLT,1501300,88.198240
MLT,9080000,92.299651
MLT,9120000,155.117108
MLT,9140000,93.424848
MMR,1000000,37.978645
MNE,1000000,61.183134
MNE,1101000,96.133575
MNE,1101100,95.000060
MNE,1103000,121.257356
MNE,1105000,86.122098
MNE,1107300,140.399828
MNE,1111000,78.019065
MNE,1501100,86.154800
MNE,1501200,75.270797
MNE,1501300,70.104111
MNE,9080000,35.639739
MNE,9120000,33.129014
MNE,9140000,59.281989
MNG,1000000,48.392765
MNG,1101000,75.823863
MNG,1101100,75.131902
MNG,1103000,60.023965
MNG,1105000,73.148024
MNG,1107300,57.411222
MNG,1111000,43.561309
MNG,1501100,101.889712
MNG,1501200,48.368112
MNG,1501300,92.492827
MNG,9080000,22.661308
MNG,9120000,24.973552
MNG,9140000,45.466655
MOZ,1000000,55.445648
MOZ,1101000,81.868336
MOZ,1101100,81.929743
MOZ,1103000,57.014168
MOZ,1105000,63.422446
MOZ,1107300,51.212265
MOZ,1111000,48.045586
MOZ,1501100,91.308172
MOZ,1501200,61.017901
MOZ,1501300,84.627643
MOZ,9080000,41.765314
MOZ,9120000,50.606242
MOZ,9140000,49.970784
MRT,1000000,52.879831
MRT,1101000,80.366072
MRT,1101100,80.904546
MRT,1103000,39.388418
MRT,1105000,58.613907
MRT,1107300,56.246113
MRT,1111000,56.943525
MRT,1501100,100.814776
MRT,1501200,76.909566
MRT,1501300,91.159135
MRT,9080000,37.226549
MRT,9120000,26.689526
MRT,9140000,40.166752
MUS,1000000,63.200352
MUS,1101000,103.318776
MUS,1101100,103.765075
MUS,1103000,78.551397
MUS,1105000,75.273988
MUS,1107300,59.876542
MUS,1111000,82.049170
MUS,1501100,88.098707
MUS,1501200,68.752020
MUS,1501300,80.506718
MUS,9080000,47.870167
MUS,9120000,62.434086
MUS,9140000,64.095203
MWI,1000000,58.427654
MWI,1101000,87.057026
MWI,1101100,86.523463
MWI,1103000,58.022114
MWI,1105000,60.530610
MWI,1107300,83.921686
MWI,1111000,53.362025
MWI,1501100,107.632036
MWI,1501200,70.420539
MWI,1501300,98.869442
MWI,9080000,52.270687
MWI,9120000,54.656293
MWI,9140000,50.989360
MYS,1000000,57.930438
MYS,1101000,82.347422
MYS,1101100,83.076600
MYS,1103000,58.804592
MYS,1105000,63.747222
MYS,1107300,65.425051
MYS,1111000,30.461291
MYS,1501100,105.112048
MYS,1501200,44.539987
MYS,1501300,95.468360
MYS,9080000,43.757737
MYS,9120000,77.777891
MYS,9140000,52.935922
NAM,1000000,72.018538
NAM,1101000,92.932693
NAM,1101100,92.447598
NAM,1103000,63.647061
NAM,1105000,61.039422
NAM,1107300,103.846119
NAM,1111000,65.313548
NAM,1501100,92.443435
NAM,1501200,60.663358
NAM,1501300,85.479398
NAM,9080000,70.255678
NAM,9120000,87.510581
NAM,9140000,56.156759
NER,1000000,60.831900
NER,1101000,98.650058
NER,1101100,97.783754
NER,1103000,45.691899
NER,1105000,65.532233
NER,1107300,68.187143
NER,1111000,66.651994
NER,1501100,118.892502
NER,1501200,63.406492
NER,1501300,102.722211
NER,9080000,54.642259
NER,9120000,39.109510
NER,9140000,47.930300
NGA,1000000,57.953405
NGA,1101000,100.468311
NGA,1101100,101.708100
NGA,1103000,40.844321
NGA,1105000,42.899038
NGA,1107300,78.530394
NGA,1111000,50.189053
NGA,1501100,114.724454
NGA,1501200,72.785909
NGA,1501300,103.689129
NGA,9080000,32.902839
NGA,9120000,50.491550
NGA,9140000,30.437972
NIC,1000000,47.507565
NIC,1101000,80.681439
NIC,1101100,81.533168
NIC,1103000,58.456187
NIC,1105000,50.056425
NIC,1107300,48.279370
NIC,1111000,48.307543
NIC,1501100,86.814521
NIC,1501200,45.519790
NIC,1501300,74.093448
NIC,9080000,28.862774
NIC,9120000,31.476601
NIC,9140000,55.342958
NLD,1000000,137.464041
NLD,1101000,114.686049
NLD,1101100,113.989055
NLD,1103000,130.276137
NLD,1105000,121.737366
NLD,1107300,256.170122
NLD,1111000,162.132522
NLD,1501100,100.792078
NLD,1501200,167.442023
NLD,1501300,95.486369
NLD,9080000,150.693702
NLD,9120000,156.289562
NLD,9140000,133.655831
NOR,1000000,165.254145
NOR,1101000,174.870403
NOR,1101100,177.194481
NOR,1103000,166.368936
NOR,1105000,145.148692
NOR,1107300,336.834831
NOR,1111000,219.563704
NOR,1501100,106.118400
NOR,1501200,207.403626
NOR,1501300,108.451416
NOR,9080000,204.037989
NOR,9120000,234.529532
NOR,9140000,176.253200
NPL,1000000,43.568112
NPL,1101000,66.621566
NPL,1101100,66.491035
NPL,1103000,43.613029
NPL,1105000,52.293336
NPL,1107300,67.949842
NPL,1111000,36.585699
NPL,1501100,97.883854
NPL,1501200,41.804744
NPL,1501300,89.263606
NPL,9080000,19.087624
NPL,9120000,24.384847
NPL,9140000,44.911305
NZL,1000000,163.156903
NZL,1101000,140.048312
NZL,1101100,142.506551
NZL,1103000,118.504196
NZL,1105000,130.487356
NZL,1107300,170.653868
NZL,1111000,173.369805
NZL,1501100,108.391427
NZL,1501200,361.975412
NZL,1501300,116.245661
NZL,9080000,112.747808
NZL,9120000,132.296165
NZL,9140000,134.897891
OMN,1000000,79.303255
OMN,1101000,109.450128
OMN,1101100,107.974567
OMN,1103000,94.947548
OMN,1105000,89.599474
OMN,1107300,94.998086
OMN,1111000,69.509123
OMN,1501100,93.579306
OMN,1501200,52.923277
OMN,1501300,85.871478
OMN,9080000,72.662410
OMN,9120000,109.161662
OMN,9140000,72.262962
PAK,1000000,42.326720
PAK,1101000,59.263161
PAK,1101100,59.374530
PAK,1103000,42.449193
PAK,1105000,44.792997
PAK,1107300,51.402758
PAK,1111000,35.363004
PAK,1501100,98.245379
PAK,1501200,39.993958
PAK,1501300,88.553279
PAK,9080000,27.982723
PAK,9120000,27.731759
PAK,9140000,41.516057
PAN,1000000,79.449867
PAN,1101000,108.571215
PAN,1101100,107.780775
PAN,1103000,74.158580
PAN,1105000,71.312507
PAN,1107300,58.333406
PAN,1111000,78.153448
PAN,1501100,80.709706
PAN,1501200,78.434750
PAN,1501300,65.291118
PAN,9080000,101.848832
PAN,9120000,102.105122
PAN,9140000,70.788400
PER,1000000,70.791265
PER,1101000,89.445473
PER,1101100,87.548604
PER,1103000,89.586926
PER,1105000,70.129724
PER,1107300,79.260635
PER,1111000,69.450735
PER,1501100,92.354667
PER,1501200,62.008147
PER,1501300,84.730101
PER,9080000,41.536695
PER,9120000,68.025243
PER,9140000,59.567618
PHL,1000000,62.331327
PHL,1101000,92.165366
PHL,1101100,93.149188
PHL,1103000,75.558207
PHL,1105000,64.289350
PHL,1107300,75.159857
PHL,1111000,47.967438
PHL,1501100,99.531918
PHL,1501200,49.265785
PHL,1501300,91.769987
PHL,9080000,49.507079
PHL,9120000,42.522192
PHL,9140000,57.769960
POL,1000000,70.721665
POL,1101000,84.742008
POL,1101100,83.901558
POL,1103000,118.070674
POL,1105000,91.426033
POL,1107300,123.089623
POL,1111000,98.018200
POL,1501100,81.280092
POL,1501200,90.170375
POL,1501300,72.770875
POL,9080000,46.310203
POL,9120000,58.405225
POL,9140000,60.789644
PRI,1000000,127.433836
PRT,1000000,100.754114
PRT,1101000,118.589677
PRT,1101100,117.832838
PRT,1103000,134.994744
PRT,1105000,114.565406
PRT,1107300,173.251710
PRT,1111000,93.925447
PRT,1501100,95.021836
PRT,1501200,104.556218
PRT,1501300,82.324956
PRT,9080000,92.844829
PRT,9120000,88.122387
PRT,9140000,95.663978
PRY,1000000,62.234477
PRY,1101000,79.157933
PRY,1101100,79.835087
PRY,1103000,124.931148
PRY,1105000,62.021975
PRY,1107300,74.824270
PRY,1111000,47.198513
PRY,1501100,91.619055
PRY,1501200,59.952853
PRY,1501300,89.330054
PRY,9080000,50.521130
PRY,9120000,45.413688
PRY,9140000,58.159621
PSE,1000000,102.873114
PSE,1101000,121.064932
PSE,1101100,119.823569
PSE,1103000,60.727011
PSE,1105000,109.382003
PSE,1107300,168.452002
PSE,1111000,116.923942
PSE,1501100,89.695670
PSE,1501200,101.961792
PSE,1501300,80.484461
PSE,9080000,63.747530
PSE,9120000,64.285013
PSE,9140000,77.028031
QAT,1000000,97.047285
QAT,1101000,126.532562
QAT,1101100,127.907183
QAT,1103000,122.867315
QAT,1105000,117.621832
QAT,1107300,152.404960
QAT,1111000,105.956165
QAT,1501100,118.622408
QAT,1501200,68.255927
QAT,9080000,88.562749
QAT,9120000,165.653115
QAT,9140000,90.141007
ROU,1000000,62.360716
ROU,1101000,81.409459
ROU,1101100,81.626538
ROU,1103000,110.945412
ROU,1105000,83.513023
ROU,1107300,114.977036
ROU,1111000,80.509323
ROU,1501100,90.338798
ROU,1501200,73.392626
ROU,1501300,76.016894
ROU,9080000,28.070123
ROU,9120000,38.843673
ROU,9140000,50.479708
RWA,1000000,48.087977
RWA,1101000,61.937106
RWA,1101100,60.941934
RWA,1103000,48.625493
RWA,1105000,34.815029
RWA,1107300,61.398882
RWA,1111000,51.498080
RWA,1501100,97.857632
RWA,1501200,62.184766
RWA,1501300,90.975712
RWA,9080000,34.108809
RWA,9120000,28.276791
RWA,9140000,41.386298
SAU,1000000,80.682079
SAU,1101000,128.849578
SAU,1101100,130.237261
SAU,1103000,116.313421
SAU,1105000,105.944778
SAU,1107300,133.441119
SAU,1111000,76.196011
SAU,1501100,84.095289
SAU,1501200,66.152740
SAU,1501300,75.896664
SAU,9080000,90.798200
SAU,9120000,101.211911
SAU,9140000,86.382649
SDN,1000000,36.633008
SDN,1101000,61.502084
SDN,1101100,62.345619
SDN,1103000,53.536849
SDN,1105000,31.821228
SDN,1107300,72.963517
SDN,1111000,28.682513
SDN,1501100,66.081812
SDN,1501200,44.993258
SDN,1501300,59.822321
SDN,9080000,17.843337
SDN,9120000,18.946699
SDN,9140000,35.331900
SEN,1000000,60.672572
SEN,1101000,97.775611
SEN,1101100,97.539813
SEN,1103000,41.340258
SEN,1105000,55.872525
SEN,1107300,75.296877
SEN,1111000,65.779881
SEN,1501100,93.864112
SEN,1501200,58.245490
SEN,1501300,87.672926
SEN,9080000,55.993509
SEN,9120000,46.903896
SEN,9140000,52.162515
SGP,1000000,95.616453
SGP,1101000,128.971134
SGP,1101100,130.745416
SGP,1103000,94.580198
SGP,1105000,105.519465
SGP,1107300,146.408196
SGP,1111000,69.653230
SGP,1501100,117.082167
SGP,1501200,97.633460
SGP,1501300,103.879412
SGP,9080000,130.044768
SGP,9120000,129.044538
SGP,9140000,98.866095
SLE,1000000,52.289905
SLE,1101000,88.538192
SLE,1101100,87.908663
SLE,1103000,46.985951
SLE,1105000,48.307796
SLE,1107300,66.433557
SLE,1111000,47.377886
SLE,1501100,124.517200
SLE,1501200,79.641407
SLE,1501300,110.571551
SLE,9080000,32.986117
SLE,9120000,24.500826
SLE,9140000,42.352723
SLV,1000000,68.053941
SLV,1101000,88.296401
SLV,1101100,87.721582
SLV,1103000,112.357916
SLV,1105000,64.034809
SLV,1107300,62.728739
SLV,1111000,75.011089
SLV,1501100,87.814643
SLV,1501200,51.657531
SLV,1501300,75.958538
SLV,9080000,54.302440
SLV,9120000,50.115510
SLV,9140000,60.593379
SMR,1000000,132.570220
SOM,1000000,62.486262
SOM,1101000,85.085112
SOM,1101100,85.376124
SOM,1103000,62.647104
SOM,1105000,59.888525
SOM,1107300,127.090699
SOM,1111000,53.089920
SOM,1501100,108.956724
SOM,1501200,75.445117
SOM,1501300,100.033070
SOM,9080000,39.571592
SOM,9120000,32.754604
SOM,9140000,55.502991
SRB,1000000,64.795802
SRB,1101000,99.935708
SRB,1101100,99.531044
SRB,1103000,120.711283
SRB,1105000,90.948703
SRB,1107300,139.972971
SRB,1111000,78.906621
SRB,1501100,93.443648
SRB,1501200,72.232183
SRB,1501300,72.790660
SRB,9080000,40.844327
SRB,9120000,27.356348
SRB,9140000,60.258587
SSD,1000000,65.554908
SSD,1101000,131.170867
SSD,1101100,131.740496
SSD,1103000,76.863078
SSD,1105000,68.509453
SSD,1107300,107.647615
SSD,1111000,50.735210
SSD,1501100,138.126414
SSD,1501200,58.532094
SSD,1501300,127.978333
SSD,9080000,29.365112
SSD,9120000,17.722269
SSD,9140000,48.952346
STP,1000000,65.793011
STP,1101000,124.796236
STP,1101100,124.835580
STP,1103000,71.585600
STP,1105000,59.370892
STP,1107300,88.568718
STP,1111000,61.976571
STP,1501100,115.646118
STP,1501200,79.675468
STP,1501300,104.127002
STP,9080000,40.011695
STP,9120000,26.549978
STP,9140000,54.929608
SUR,1000000,41.529192
SUR,1101000,80.477673
SUR,1101100,80.049620
SUR,1103000,59.554571
SUR,1105000,61.750147
SUR,1107300,76.037061
SUR,1111000,57.764958
SUR,1501100,60.786077
SUR,1501200,58.297239
SUR,1501300,58.827686
SUR,9080000,27.942854
SUR,9120000,23.315339
SUR,9140000,46.168440
SVK,1000000,91.259505
SVK,1101000,111.582983
SVK,1101100,111.439774
SVK,1103000,127.391231
SVK,1105000,101.323069
SVK,1107300,136.989377
SVK,1111000,106.732845
SVK,1501100,89.980683
SVK,1501200,107.390243
SVK,1501300,80.935046
SVK,9080000,58.015511
SVK,9120000,65.433557
SVK,9140000,82.346119
SVN,1000000,99.941628
SVN,1101000,116.782010
SVN,1101100,118.528761
SVN,1103000,125.917152
SVN,1105000,113.078434
SVN,1107300,203.334315
SVN,1111000,115.959414
SVN,1501100,92.358850
SVN,1501200,96.398299
SVN,1501300,79.547489
SVN,9080000,95.727934
SVN,9120000,109.920128
SVN,9140000,96.009071
SWE,1000000,153.515574
SWE,1101000,137.925209
SWE,1101100,138.261348
SWE,1103000,159.337449
SWE,1105000,135.807214
SWE,1107300,362.357220
SWE,1111000,176.275006
SWE,1501100,98.768753
SWE,1501200,218.874037
SWE,1501300,102.009972
SWE,9080000,172.722067
SWE,9120000,210.619805
SWE,9140000,148.427988
SWZ,1000000,63.188883
SWZ,1101000,82.537158
SWZ,1101100,81.579034
SWZ,1103000,55.157493
SWZ,1105000,56.165190
SWZ,1107300,68.222270
SWZ,1111000,67.610238
SWZ,1501100,102.734336
SWZ,1501200,60.347649
SWZ,1501300,96.496963
SWZ,9080000,59.467060
SWZ,9120000,73.972074
SWZ,9140000,43.731963
SXM,1000000,127.322404
SYC,1000000,79.190409
SYC,1101000,131.623554
SYC,1101100,129.764653
SYC,1103000,74.666819
SYC,1105000,70.508831
SYC,1107300,95.756641
SYC,1111000,124.164173
SYC,1501100,105.630000
SYC,1501200,81.833351
SYC,1501300,96.643297
SYC,9080000,56.731961
SYC,9120000,46.432715
SYC,9140000,64.261241
SYR,1000000,30.744714
SYR,1101000,72.373980
SYR,1101100,70.007680
SYR,1103000,41.673632
SYR,1105000,57.819637
SYR,1107300,15.642768
SYR,1111000,69.876604
SYR,1501100,192.659414
SYR,1501200,38.426189
SYR,1501300,176.967944
SYR,9080000,20.233955
SYR,9120000,36.940209
SYR,9140000,32.774321
TCA,1000000,172.827808
TCD,1000000,61.581355
TCD,1101000,86.400245
TCD,1101100,85.819766
TCD,1103000,61.458327
TCD,1105000,56.296307
TCD,1107300,98.965438
TCD,1111000,68.042140
TCD,1501100,112.110301
TCD,1501200,64.750158
TCD,1501300,103.357221
TCD,9080000,58.570232
TCD,9120000,36.248177
TCD,9140000,56.333911
TGO,1000000,57.770514
TGO,1101000,98.298878
TGO,1101100,97.832732
TGO,1103000,62.851540
TGO,1105000,50.155731
TGO,1107300,104.685256
TGO,1111000,74.187800
TGO,1501100,98.373369
TGO,1501200,52.867646
TGO,1501300,89.359152
TGO,9080000,45.579663
TGO,9120000,35.537787
TGO,9140000,46.798400
THA,1000000,55.235649
THA,1101000,84.958299
THA,1101100,84.211397
THA,1103000,66.503608
THA,1105000,79.090055
THA,1107300,66.704507
THA,1111000,41.624210
THA,1501100,107.370836
THA,1501200,41.700465
THA,1501300,97.425592
THA,9080000,39.900452
THA,9120000,41.461208
THA,9140000,54.069910
TJK,1000000,35.648910
TJK,1101000,71.150320
TJK,1101100,70.467313
TJK,1103000,80.920250
TJK,1105000,71.146645
TJK,1107300,58.889865
TJK,1111000,50.121523
TJK,1501100,78.529444
TJK,1501200,28.900658
TJK,1501300,75.451767
TJK,9080000,15.730023
TJK,9120000,13.332854
TJK,9140000,37.516367
TKM,1000000,67.986343
TTO,1000000,92.068076
TTO,1101000,134.289894
TTO,1101100,135.922940
TTO,1103000,100.147039
TTO,1105000,99.933604
TTO,1107300,129.387010
TTO,1111000,145.991559
TTO,1501100,129.588741
TTO,1501200,84.727097
TTO,1501300,129.506861
TTO,9080000,97.290540
TTO,9120000,83.810908
TTO,9140000,85.053997
TUN,1000000,49.747449
TUN,1101000,64.924531
TUN,1101100,65.397935
TUN,1103000,73.370298
TUN,1105000,64.686530
TUN,1107300,54.275128
TUN,1111000,33.213275
TUN,1501100,105.156294
TUN,1501200,54.053201
TUN,1501300,97.793562
TUN,9080000,42.885651
TUN,9120000,45.530393
TUN,9140000,47.793026
TUR,1000000,48.589364
TUR,1101000,74.136563
TUR,1101100,74.723295
TUR,1103000,59.440162
TUR,1105000,61.443912
TUR,1107300,92.264826
TUR,1111000,68.940346
TUR,1501100,88.292783
TUR,1501200,56.326210
TUR,1501300,59.789279
TUR,9080000,25.685885
TUR,9120000,10.849399
TUR,9140000,38.117523
TZA,1000000,52.613946
TZA,1101000,64.598077
TZA,1101100,64.642790
TZA,1103000,47.749533
TZA,1105000,49.652797
TZA,1107300,62.866144
TZA,1111000,33.600817
TZA,1501100,101.764105
TZA,1501200,71.537241
TZA,1501300,93.881480
TZA,9080000,39.170609
TZA,9120000,43.704799
TZA,9140000,39.086428
UGA,1000000,53.148562
UGA,1101000,76.253708
UGA,1101100,75.472954
UGA,1103000,52.797188
UGA,1105000,55.459343
UGA,1107300,64.159986
UGA,1111000,60.036186
UGA,1501100,84.225191
UGA,1501200,58.557624
UGA,1501300,77.065765
UGA,9080000,36.565693
UGA,9120000,26.990934
UGA,9140000,48.048277
UKR,1000000,42.418173
UKR,1101000,71.406477
UKR,1101100,71.141470
UKR,1103000,103.119567
UKR,1105000,54.997061
UKR,1107300,59.076501
UKR,1111000,44.506680
UKR,1501100,83.422673
UKR,1501200,34.989354
UKR,1501300,55.812868
UKR,9080000,19.373248
UKR,9120000,22.482651
UKR,9140000,31.654823
URY,1000000,102.294134
URY,1101000,139.426744
URY,1101100,137.458416
URY,1103000,125.271997
URY,1105000,105.974051
URY,1107300,136.269122
URY,1111000,87.647023
URY,1501100,131.157254
URY,1501200,115.455087
URY,1501300,119.518353
URY,9080000,105.305492
URY,9120000,93.707328
URY,9140000,81.723805
USA,1000000,158.454835
USA,1101000,116.516396
USA,1101100,117.519910
USA,1103000,122.796101
USA,1105000,114.440678
USA,1107300,151.885473
USA,1111000,142.001102
USA,1501100,83.270910
USA,1501200,307.839285
USA,1501300,102.702933
USA,9080000,207.910269
USA,9120000,254.722887
USA,9140000,143.878631
UZB,1000000,38.696988
UZB,1101000,73.181471
UZB,1101100,72.726852
UZB,1103000,83.758283
UZB,1105000,67.011124
UZB,1107300,38.300853
UZB,1111000,52.785226
UZB,1501100,90.304444
UZB,1501200,34.610107
UZB,1501300,84.578539
UZB,9080000,19.136320
UZB,9120000,15.384381
UZB,9140000,40.340286
VCT,1000000,84.517063
VCT,1101000,151.063097
VCT,1101100,146.193800
VCT,1103000,91.732627
VCT,1105000,110.949127
VCT,1107300,123.815000
VCT,1111000,126.933775
VCT,1501100,101.211412
VCT,1501200,84.672977
VCT,1501300,101.191414
VCT,9080000,72.399088
VCT,9120000,62.390607
VCT,9140000,94.938714
VGB,1101000,195.376528
VGB,1101100,194.178077
VGB,1103000,153.147244
VGB,1105000,165.502705
VGB,1107300,104.938574
VGB,1111000,145.173855
VIR,1000000,143.849062
VNM,1000000,48.713544
VNM,1101000,78.749754
VNM,1101100,79.482041
VNM,1103000,51.508073
VNM,1105000,61.659939
VNM,1107300,77.918817
VNM,1111000,35.973444
VNM,1501100,99.957647
VNM,1501200,42.810572
VNM,1501300,91.184710
VNM,9080000,29.754754
VNM,9120000,29.913337
VNM,9140000,45.425566
ZAF,1000000,79.085880
ZAF,1101000,88.221518
ZAF,1101100,87.458997
ZAF,1103000,78.530478
ZAF,1105000,66.337553
ZAF,1107300,155.583485
ZAF,1111000,60.060341
ZAF,1501100,91.552552
ZAF,1501200,71.304925
ZAF,1501300,83.767857
ZAF,9080000,76.272423
ZAF,9120000,104.464391
ZAF,9140000,59.651223
ZMB,1000000,50.985526
ZMB,1101000,67.023216
ZMB,1101100,66.920494
ZMB,1103000,48.303863
ZMB,1105000,43.998184
ZMB,1107300,110.426530
ZMB,1111000,38.936668
ZMB,1501100,96.289236
ZMB,1501200,72.849726
ZMB,1501300,86.972356
ZMB,9080000,29.940931
ZMB,9120000,34.977227
ZMB,9140000,37.914268
ZWE,1000000,85.794657
ZWE,1101000,138.294243
ZWE,1101100,137.072346
ZWE,1103000,119.190164
ZWE,1105000,86.061208
ZWE,1107300,146.951490
ZWE,1111000,85.511494
ZWE,1501100,105.209457
ZWE,1501200,78.904164
ZWE,1501300,96.069812
ZWE,9080000,55.717215
ZWE,9120000,29.555292
ZWE,9140000,68.539700
