iso3,year,source,catalog,mean_size,size_1,size_2_3,size_4_5,size_6_plus,one_person,couple_only,couple_children,single_parent,extended,non_relatives,unknown,multi_generation,three_generation
ABW,2010,DYB,4733,2.89,21.37,46.77,25.59,6.28,21.37,11.48,22.16,11.48,,,33.51,,
AFG,2011,MICS,4983,7.75,0.15,7.41,18.59,73.85,0.15,2.58,54.25,0.77,42.05,0.16,0.04,47.71,27.28
AFG,2015,DHS,5689,8.04,0.19,6.45,16.84,76.52,0.19,1.97,49.80,0.99,46.86,0.19,0.00,50.39,32.18
AFG,2023,MICS,9218,8.26,0.14,5.42,18.20,76.25,0.14,1.24,47.93,3.26,47.12,0.32,0.00,52.17,32.76
AGO,2001,MICS,1937,4.75,7.91,26.39,31.19,34.50,7.91,,,,,,,,
AGO,2007,DHS,2272,5.69,4.08,19.10,30.13,46.69,4.08,4.33,36.35,6.58,47.85,0.72,0.10,27.86,20.52
AGO,2011,DHS,5077,4.98,6.60,22.84,32.79,37.77,6.60,5.35,45.01,7.43,35.03,0.55,0.03,20.83,16.02
AGO,2016,DHS,5805,4.82,10.81,23.90,28.46,36.83,10.81,5.34,36.08,13.39,32.80,1.57,0.01,17.54,13.34
AGO,2023,DHS,9204,4.58,13.45,24.94,27.72,33.89,13.45,4.75,33.84,14.85,31.65,1.46,0.00,21.44,13.66
ALB,2000,MICS,1943,4.35,4.42,25.59,47.28,22.71,4.42,,,,,,,,
ALB,2005,MICS,1906,4.00,5.04,32.37,45.37,17.22,5.04,13.45,51.82,4.86,24.70,0.13,0.00,45.96,8.60
ALB,2009,DHS,4483,3.82,6.15,38.23,39.97,15.65,6.15,16.72,42.25,6.70,27.86,0.32,0.00,45.90,23.07
ALB,2011,DYB,4808,3.86,8.27,,,,8.27,14.51,45.40,5.16,,,26.65,,
ALB,2017,DHS,7474,3.30,9.95,48.08,32.51,9.45,9.95,22.57,35.86,6.53,24.40,0.68,0.00,44.65,18.01
ALB,2023,DYB,7119,3.16,13.66,48.78,37.56,,13.66,22.21,30.98,6.20,,,26.94,,
ARG,1970,IPUMS,1481,3.78,10.26,38.97,34.16,16.61,10.26,11.44,39.64,7.11,21.49,9.86,0.19,29.09,9.75
ARG,1980,IPUMS,1505,3.86,10.38,37.63,34.12,17.87,10.38,11.59,38.44,7.03,23.74,8.81,0.00,29.76,12.02
ARG,2001,IPUMS,99,3.57,14.88,38.78,31.24,15.09,14.88,12.17,40.69,10.13,19.46,2.67,0.00,32.04,11.02
ARG,2010,DYB,4763,3.26,17.63,42.30,29.05,11.01,17.74,11.71,36.83,13.43,,,20.29,,
ARG,2010,IPUMS,4763,3.26,17.60,42.33,28.95,11.12,17.60,13.34,36.77,11.73,18.07,2.49,0.00,29.58,9.61
ARG,2011,MICS,4985,3.26,17.68,42.30,28.70,11.32,17.68,14.02,38.22,10.78,16.62,1.75,0.94,29.45,10.14
ARG,2020,MICS,7574,2.95,22.75,43.73,25.80,7.72,22.75,15.05,31.26,13.44,16.51,0.98,0.01,29.57,8.94
ARG,2022,DYB,7292,2.86,24.55,42.62,27.60,5.24,24.61,12.60,30.16,14.31,,,18.33,,
ARM,2000,DHS,1848,4.34,8.41,25.33,39.69,26.57,8.41,7.93,34.89,7.04,41.62,0.11,0.00,56.87,35.53
ARM,2001,DYB,1298,4.14,10.18,24.75,41.16,23.91,10.18,,,,,,,,
ARM,2001,IPUMS,1298,3.99,10.96,26.65,41.67,20.73,10.96,7.02,37.35,9.80,34.43,0.45,0.00,51.54,28.34
ARM,2005,DHS,1843,3.76,13.06,32.02,36.23,18.69,13.06,9.53,29.03,10.57,37.57,0.12,0.11,52.78,30.36
ARM,2010,DHS,5046,3.56,15.26,35.40,33.66,15.67,15.26,10.98,27.33,9.96,36.01,0.43,0.02,55.41,29.26
ARM,2011,DYB,4774,3.96,12.17,29.36,37.55,20.92,12.17,,,,,,,,
ARM,2011,IPUMS,4774,4.01,10.96,29.21,38.40,21.42,10.96,7.08,31.45,8.50,41.39,0.62,0.00,60.17,32.50
ARM,2016,DHS,5806,3.54,15.19,36.17,32.30,16.34,15.19,13.42,27.17,7.37,35.75,1.10,0.00,54.30,29.84
AUS,2001,"Census of Population and Housing: Selected Social and Housing Characteristics, Australia, 2001",1221,2.68,22.90,,,,22.90,,,,,,,,
AUS,2006,DYB,1506,2.50,24.36,49.89,22.61,3.13,24.36,25.14,30.72,9.33,,,10.45,,
AUS,2011,DYB,4857,2.50,24.34,49.95,22.44,3.27,24.34,25.09,29.90,9.10,,,11.57,,
AUS,2016,DYB,7141,2.55,22.83,,,,22.83,24.39,29.45,9.93,,,13.39,,
AUT,1971,IPUMS,1632,2.88,25.51,43.84,21.89,8.76,25.51,19.56,,,0.00,4.67,0.00,,
AUT,1981,IPUMS,373,2.71,28.23,43.51,22.09,6.17,28.23,19.20,34.09,6.24,9.43,2.81,0.00,,
AUT,1991,IPUMS,838,2.55,29.59,45.38,21.05,3.97,29.59,19.55,31.48,7.71,8.97,2.69,0.00,,
AUT,2001,DYB,1229,2.38,33.53,44.85,18.97,2.64,33.53,20.57,29.00,8.86,,,8.03,,
AUT,2001,IPUMS,1229,2.38,33.47,44.88,19.04,2.61,33.47,20.68,28.99,7.97,7.61,1.28,0.00,,
AUT,2001,LFS,9493,2.42,31.01,46.48,19.89,2.63,31.01,,,,,,,,
AUT,2011,DYB,5302,2.27,36.29,44.93,16.49,2.29,36.29,21.35,25.30,8.84,,,8.22,,
AUT,2011,IPUMS,5302,2.27,36.40,44.88,16.45,2.27,36.40,,,,,,,,
AUT,2011,LFS,9494,2.27,36.34,44.52,17.06,2.08,36.34,,,,,,,,
AUT,2021,DYB,7120,2.19,38.34,44.56,15.02,2.08,38.34,22.67,23.21,7.90,,,7.87,,
AZE,1999,DYB,922,,7.74,20.88,41.27,30.11,7.74,,,,,,,,
AZE,2000,MICS,1912,4.61,4.66,20.62,47.29,27.43,4.66,,,,,,,,
AZE,2006,DHS,179,4.15,6.50,28.22,45.89,19.39,6.50,7.09,43.72,9.68,32.95,0.03,0.02,48.61,24.47
AZE,2009,DYB,2278,4.55,6.77,20.86,44.69,27.68,6.77,3.52,44.01,8.40,,,37.32,,
AZE,2019,DYB,7191,4.29,9.62,25.43,41.03,23.92,9.62,4.57,35.88,9.87,,,40.06,,
AZE,2023,MICS,7790,3.78,8.57,36.45,38.73,16.26,8.57,12.08,36.07,7.65,35.37,0.27,0.00,50.06,27.30
BDI,2000,MICS,1905,5.25,3.32,23.22,30.54,42.93,3.32,,,,,,,,
BDI,2005,MICS,148,4.96,3.53,26.01,32.12,38.34,3.53,5.42,57.49,12.78,17.06,3.70,0.02,17.52,6.75
BDI,2008,DYB,2307,4.26,6.41,27.71,30.87,35.00,6.41,,,,,,,,
BDI,2010,DHS,4950,4.78,5.77,27.32,31.65,35.26,5.77,4.33,48.18,14.09,20.97,6.63,0.03,18.85,7.90
BDI,2012,DHS,5464,4.73,6.19,27.45,31.29,35.06,6.19,4.27,51.67,13.12,18.76,5.85,0.14,16.40,7.32
BDI,2016,DHS,6056,4.83,6.04,25.17,31.72,37.07,6.04,3.07,47.67,14.76,20.61,7.85,0.00,19.51,8.90
BEL,2001,DYB,3045,2.36,31.79,47.59,18.46,2.16,31.79,,,,,,,,
BEL,2001,LFS,9495,2.40,30.21,48.41,19.23,2.15,30.21,,,,,,,,
BEL,2011,DYB,4810,2.32,34.05,46.50,17.26,2.19,33.96,24.56,26.85,9.18,,,5.45,,
BEL,2011,LFS,9496,2.36,30.87,48.31,18.70,2.12,30.87,,,,,,,,
BEL,2021,DYB,7121,2.29,35.37,45.52,16.87,2.24,35.34,24.74,25.98,9.36,,,4.59,,
BEN,1979,IPUMS,1236,5.40,13.56,24.81,23.16,38.47,13.56,4.35,20.69,8.78,40.99,7.44,4.19,,
BEN,1992,IPUMS,1144,5.90,12.14,21.85,22.63,43.39,12.14,3.39,22.67,8.80,36.46,15.12,1.42,25.46,16.72
BEN,1996,DHS,1780,6.00,8.70,19.64,25.02,46.64,8.70,3.46,27.13,7.00,44.98,8.62,0.11,26.97,18.50
BEN,2001,DHS,1761,5.18,11.86,23.95,26.25,37.94,11.86,3.98,31.50,8.33,38.09,6.13,0.12,23.27,14.08
BEN,2002,IPUMS,1278,5.58,12.18,23.25,24.27,40.30,12.18,3.91,28.40,10.58,35.91,9.03,0.00,25.78,15.05
BEN,2006,DHS,694,5.05,10.50,23.31,30.11,36.09,10.50,3.86,38.16,10.28,34.56,2.58,0.07,19.92,11.71
BEN,2012,DHS,4493,4.96,10.27,23.15,30.22,36.37,10.27,3.60,38.52,11.49,33.89,2.19,0.05,20.80,11.98
BEN,2013,DYB,4705,5.52,10.83,22.38,26.11,40.68,10.83,,,,,,,,
BEN,2013,IPUMS,4705,5.54,10.81,22.43,26.12,40.64,10.81,3.46,33.76,11.92,34.99,5.08,0.00,26.20,14.03
BEN,2014,MICS,5665,5.18,10.15,22.01,29.21,38.63,10.15,3.75,37.99,9.63,34.71,3.75,0.01,22.34,13.42
BEN,2018,DHS,6055,5.19,9.78,23.56,29.10,37.56,9.78,3.51,35.43,10.66,36.34,4.28,0.00,23.89,15.99
BEN,2021,MICS,9222,4.82,10.01,24.67,31.55,33.77,10.01,3.70,37.35,12.89,34.19,1.86,0.00,23.87,13.42
BFA,1985,IPUMS,1498,6.23,5.72,22.95,22.69,48.64,5.72,,,,,,,,
BFA,1993,DHS,1776,6.66,5.03,19.95,21.79,53.23,5.03,7.02,28.75,2.57,51.97,4.66,0.00,24.92,17.01
BFA,1996,IPUMS,924,6.55,4.32,21.35,22.73,51.61,4.32,6.78,28.81,3.39,49.18,1.59,5.93,,
BFA,1999,DHS,1777,6.73,4.39,18.37,22.82,54.41,4.39,5.27,29.60,2.58,52.60,5.30,0.26,24.33,17.75
BFA,2003,DHS,1787,6.49,6.15,19.93,22.86,51.07,6.15,5.13,32.35,4.11,45.69,6.48,0.10,24.86,15.62
BFA,2006,IPUMS,1338,5.93,5.53,23.91,24.90,45.66,5.53,6.31,30.65,4.90,42.64,5.60,4.37,,
BFA,2006,MICS,136,6.71,4.99,15.87,24.54,54.61,4.99,2.83,33.85,3.58,48.70,6.04,0.01,30.20,18.32
BFA,2010,DHS,4494,5.67,6.33,21.98,27.62,44.07,6.33,5.30,39.00,5.67,39.40,4.28,0.04,20.92,13.56
BFA,2014,DHS,5777,5.92,6.64,19.51,27.40,46.46,6.64,4.64,36.28,4.27,43.37,4.77,0.03,24.81,17.32
BGD,1991,IPUMS,923,5.45,2.97,20.33,33.35,43.36,2.97,3.90,45.26,7.79,,,0.00,,
BGD,1994,DHS,1814,5.46,1.55,20.23,36.03,42.19,1.55,4.14,46.94,5.07,36.83,5.37,0.10,40.61,24.25
BGD,1997,DHS,1815,5.30,1.88,21.08,37.97,39.06,1.88,3.77,47.58,5.24,36.75,4.75,0.03,39.85,24.31
BGD,2000,DHS,1816,5.17,1.53,20.40,40.97,37.10,1.53,4.10,49.76,4.42,35.40,4.76,0.03,40.39,23.91
BGD,2001,IPUMS,1133,4.85,3.07,25.44,39.27,32.22,3.07,5.29,48.71,7.00,,,0.00,,
BGD,2004,DHS,1813,4.96,1.70,22.60,42.40,33.29,1.70,4.48,50.55,5.31,35.35,2.58,0.02,39.43,23.78
BGD,2006,MICS,2286,4.83,1.94,23.12,45.13,29.82,1.94,5.03,52.89,4.17,33.58,2.12,0.27,39.07,22.60
BGD,2007,DHS,1840,4.71,2.26,25.75,43.74,28.25,2.26,5.50,47.69,6.44,35.47,2.65,0.00,38.57,24.21
BGD,2011,DHS,5048,4.60,1.74,27.17,45.56,25.53,1.74,6.15,48.50,5.29,36.81,1.52,0.00,39.90,25.73
BGD,2011,DYB,4776,,3.23,30.02,43.05,23.70,3.23,,,,,,,,
BGD,2011,IPUMS,4776,4.44,3.37,30.04,42.84,23.76,3.37,6.61,47.67,7.90,30.32,3.41,0.73,,
BGD,2013,MICS,5595,4.57,1.90,26.78,46.65,24.67,1.90,6.22,52.94,4.40,33.69,0.69,0.17,40.60,23.82
BGD,2014,DHS,5787,4.47,1.74,29.71,45.59,22.96,1.74,7.08,46.93,5.97,37.05,1.23,0.00,39.55,25.88
BGD,2018,DHS,7475,4.28,2.30,32.29,45.70,19.71,2.30,7.79,43.74,7.68,37.60,0.89,0.00,40.25,27.28
BGD,2019,MICS,7575,4.26,2.85,31.27,46.96,18.93,2.85,7.67,50.27,5.95,32.88,0.38,0.00,41.70,23.71
BGD,2022,DHS,9449,4.14,2.65,34.74,45.80,16.81,2.65,8.50,43.31,7.19,37.79,0.54,0.02,42.32,27.59
BGD,2022,DYB,7193,3.98,4.76,37.07,42.52,15.65,4.76,,,,,,,,
BGR,2001,DYB,68,2.69,22.69,50.00,23.77,3.54,22.69,21.02,31.09,6.52,,,18.68,,
BGR,2001,LFS,9497,2.81,19.52,50.60,25.21,4.67,19.52,,,,,,,,
BGR,2011,DYB,4812,,30.79,48.59,17.80,2.83,30.79,19.94,25.04,6.98,,,17.25,,
BGR,2011,LFS,9498,2.34,30.53,50.97,16.62,1.89,30.53,,,,,,,,
BGR,2021,DYB,7305,2.19,35.81,47.16,15.02,2.01,35.81,21.20,19.10,10.75,,,13.14,,
BHS,2010,DYB,4734,3.40,17.73,40.33,29.15,12.79,17.73,8.31,23.68,12.87,,,37.41,,
BIH,1971,DYB,850,,9.70,26.28,36.46,27.56,9.70,,,,,,,,
BIH,1981,DYB,1495,,9.45,31.51,40.29,18.75,9.45,,,,,,,,
BIH,1991,DYB,1550,,10.79,35.70,41.77,11.75,10.79,,,,,,,,
BIH,2000,MICS,2894,3.37,11.14,41.54,39.10,8.22,11.14,,,,,,,,
BIH,2006,MICS,2296,3.14,17.06,42.36,32.39,8.18,17.06,18.11,37.61,6.95,19.91,0.35,0.00,40.05,14.34
BIH,2012,MICS,4990,3.50,11.50,37.07,41.57,9.86,11.50,11.78,47.00,6.27,22.99,0.35,0.12,48.16,18.34
BLR,1999,DYB,1668,2.57,26.16,48.43,23.38,2.04,26.16,16.76,33.34,10.55,,,13.19,,
BLR,1999,IPUMS,1668,2.63,23.34,50.06,24.39,2.21,23.34,17.96,34.22,10.75,12.43,1.31,0.00,24.54,7.63
BLR,2005,MICS,666,2.67,18.31,56.77,23.22,1.70,18.31,19.77,38.28,11.05,12.39,0.22,0.00,24.72,7.99
BLR,2009,DYB,2308,2.43,29.65,49.99,18.26,2.09,29.65,16.54,26.70,12.28,,,14.82,,
BLR,2009,IPUMS,2308,2.48,27.00,51.73,19.09,2.19,27.00,17.56,27.10,11.42,15.81,1.12,0.00,30.60,9.42
BLR,2012,MICS,4987,2.46,23.65,56.45,18.29,1.61,23.65,24.74,30.33,9.35,11.37,0.56,0.00,23.57,6.71
BLR,2019,DYB,7303,2.16,37.96,47.02,13.54,1.47,37.96,,,14.08,,,,,
BLR,2019,MICS,7576,2.34,29.78,51.99,16.08,2.15,29.78,25.40,25.49,8.36,9.92,1.06,0.00,21.19,5.81
BLZ,2006,MICS,2299,4.16,13.75,30.62,30.40,25.23,13.75,9.73,42.54,9.59,22.32,1.54,0.53,26.49,12.44
BLZ,2011,MICS,4988,3.91,15.06,32.70,31.16,21.07,15.06,10.26,42.18,9.67,20.01,2.78,0.04,26.04,11.68
BLZ,2015,MICS,5761,3.75,17.19,34.06,29.43,19.32,17.19,9.51,36.18,12.64,21.96,2.52,0.00,27.71,12.77
BLZ,2022,DYB,7265,3.59,14.74,38.13,32.21,14.92,15.30,10.90,26.35,6.23,,,41.23,,
BMU,2000,DYB,2293,2.47,29.26,47.83,20.36,2.56,27.87,19.72,25.42,10.68,,,16.32,,
BMU,2010,DYB,4737,2.39,28.87,,,,28.87,20.42,21.53,12.27,,,16.91,,
BMU,2016,DYB,7266,2.26,34.09,48.39,15.81,1.70,34.09,16.78,18.63,10.40,,,20.10,,
BOL,1976,IPUMS,1261,4.35,11.70,29.34,29.43,29.53,11.70,5.90,36.22,12.34,24.58,9.27,0.00,21.95,11.31
BOL,1992,IPUMS,944,4.35,11.65,28.40,30.82,29.14,11.65,5.54,37.94,15.22,18.85,10.36,0.43,,
BOL,1994,DHS,1769,4.52,8.23,27.06,34.31,30.39,8.23,6.30,46.93,10.37,22.93,5.18,0.06,24.97,12.79
BOL,1998,DHS,1766,4.36,10.01,28.57,32.69,28.73,10.01,7.33,46.86,9.82,20.57,5.40,0.01,25.12,12.44
BOL,2000,MICS,1930,4.44,6.84,27.75,38.03,27.38,6.84,,,,,,,,
BOL,2001,DYB,1511,4.09,,,,,,,,,,,,,
BOL,2001,IPUMS,1511,4.09,15.20,29.88,29.74,25.18,15.20,5.01,31.42,15.43,25.11,7.84,0.00,,
BOL,2003,DHS,1844,4.23,12.12,28.61,32.43,26.84,12.12,7.03,45.64,10.35,22.84,1.93,0.09,21.62,9.99
BOL,2008,DHS,4492,3.94,12.76,32.67,33.17,21.39,12.76,8.13,43.08,11.67,22.73,1.63,0.00,24.93,12.56
BOL,2012,DYB,5280,3.53,20.34,34.82,27.64,17.20,20.48,5.50,25.37,16.66,,,31.98,,
BOL,2012,IPUMS,5280,3.50,20.86,34.89,27.28,16.97,20.86,5.47,24.86,16.37,26.51,1.05,0.00,25.87,10.77
BRA,1960,IPUMS,1287,5.13,4.85,26.54,29.75,38.87,4.85,8.01,52.91,6.18,18.54,9.50,0.01,26.13,8.55
BRA,1970,IPUMS,1479,5.10,5.21,26.96,29.88,37.95,5.21,8.12,52.29,6.56,18.43,9.38,0.01,,
BRA,1980,IPUMS,1345,4.65,6.13,30.78,32.36,30.73,6.13,9.25,52.57,6.89,18.68,6.48,0.00,,
BRA,1991,IPUMS,1072,4.19,6.67,34.30,37.30,21.74,6.67,9.55,51.12,8.11,19.79,4.76,0.00,27.49,10.43
BRA,1996,DHS,1868,4.09,6.11,34.53,40.48,18.89,6.11,8.73,49.62,8.98,21.76,4.73,0.07,30.44,12.26
BRA,2000,IPUMS,1107,3.76,8.93,39.49,37.15,14.43,8.93,10.62,47.74,10.08,20.14,2.50,0.00,28.62,10.90
BRA,2010,IPUMS,4765,3.31,12.00,47.27,31.91,8.82,12.00,13.90,40.41,10.47,20.86,2.35,0.00,30.88,10.22
BRA,2022,DYB,7294,2.79,18.94,53.42,23.62,4.03,18.94,,,,,,,,
BRB,2012,MICS,4986,2.85,26.34,43.20,23.28,7.19,26.34,10.40,18.26,16.34,23.36,2.23,3.07,38.59,15.39
BRN,2011,DYB,4777,,7.22,19.82,28.98,43.98,7.22,,,,,,,,
BRN,2021,DYB,7194,,10.25,24.54,28.88,36.32,10.25,,,,,,,,
BTN,2005,DYB,1105,,9.19,25.68,33.70,31.43,9.19,,,,,,,,
BTN,2010,MICS,4989,4.59,6.13,25.08,38.95,29.85,6.13,6.85,39.60,4.91,40.47,2.02,0.02,41.18,25.35
BWA,1981,IPUMS,1346,5.61,10.83,22.13,21.71,45.33,10.83,2.30,10.92,6.27,51.03,18.63,0.02,29.62,23.82
BWA,1991,IPUMS,1182,4.73,18.04,26.14,21.17,34.65,18.04,3.59,8.74,8.89,,,0.00,22.81,19.37
BWA,2000,MICS,1927,4.31,19.81,28.38,22.55,29.26,19.81,4.32,10.64,10.38,46.58,8.24,0.02,29.21,20.87
BWA,2001,DYB,1012,4.15,23.36,28.80,20.81,27.03,23.36,,,,,,,,
BWA,2001,IPUMS,1012,4.11,23.28,28.83,20.85,27.04,23.28,5.21,9.21,8.70,43.74,9.87,0.00,25.43,18.79
BWA,2011,DYB,4706,,27.76,32.05,20.83,19.36,27.76,,,,,,,,
BWA,2011,IPUMS,4706,3.52,27.89,32.32,20.48,19.31,27.89,6.04,10.32,9.34,38.53,7.88,0.01,23.90,16.11
CAF,1994,DHS,1732,4.91,13.50,28.08,23.94,34.48,13.50,8.25,23.06,6.27,45.87,3.05,0.00,18.56,13.30
CAF,2006,MICS,54,4.64,11.57,29.60,27.57,31.26,11.57,7.67,33.34,8.04,37.56,1.76,0.06,16.38,12.57
CAF,2010,MICS,4991,4.78,9.59,26.94,30.63,32.84,9.59,6.03,36.97,8.81,37.57,1.00,0.04,17.58,13.30
CAF,2019,MICS,7500,5.59,6.20,19.45,29.09,45.26,6.20,3.34,36.86,9.01,44.16,0.38,0.05,23.81,18.49
CAN,2001,DYB,1256,2.55,25.74,48.84,22.36,3.05,25.74,25.17,33.36,10.24,,,5.48,,
CAN,2006,DYB,914,2.50,26.75,49.48,21.01,2.77,26.75,25.11,29.62,8.96,,,9.57,,
CAN,2011,DYB,4739,2.47,27.58,49.75,19.73,2.95,27.58,25.48,27.60,8.96,,,10.39,,
CAN,2011,IPUMS,4739,2.47,27.47,49.78,19.91,2.85,27.47,25.58,27.61,8.62,5.39,5.34,0.00,15.94,2.19
CAN,2016,DYB,7043,2.45,28.20,49.59,19.20,3.02,28.20,25.80,26.51,8.85,,,10.65,,
CAN,2021,DYB,7268,2.43,29.34,48.87,18.67,3.13,29.34,25.62,25.34,8.66,,,11.04,,
CHE,1970,IPUMS,1484,2.92,19.92,47.64,25.59,6.84,19.92,21.18,,,,10.39,0.00,,
CHE,1980,IPUMS,1403,2.51,29.08,45.51,22.52,2.90,29.08,22.89,,,,5.65,0.00,,
CHE,1990,IPUMS,1289,2.32,32.90,46.26,19.18,1.66,32.90,25.48,,,,3.19,0.00,,
CHE,2000,DYB,1368,2.24,35.98,44.59,17.77,1.66,35.98,26.49,27.50,5.44,,,4.59,,
CHE,2000,IPUMS,1368,2.21,37.51,43.64,17.23,1.62,37.51,25.88,,,,2.48,0.00,,
CHL,1970,IPUMS,1285,5.04,5.69,25.47,30.49,38.34,5.69,6.02,37.54,7.44,26.75,15.98,0.57,30.66,13.61
CHL,1982,IPUMS,1593,4.50,6.95,28.97,36.47,27.61,6.95,6.15,37.86,7.79,28.91,12.35,0.00,32.20,15.84
CHL,1992,IPUMS,861,3.98,8.32,34.14,39.57,17.98,8.32,7.23,40.22,8.35,27.43,8.46,0.00,32.02,15.38
CHL,2002,IPUMS,1037,3.58,11.43,39.22,37.11,12.24,11.43,9.19,37.43,9.43,26.47,6.06,0.00,32.94,13.80
CHL,2017,IPUMS,7105,3.04,20.17,44.75,27.47,7.60,20.17,10.57,23.68,11.11,28.77,4.84,0.00,32.21,11.69
CHL,2024,DYB,9126,2.78,21.79,49.26,24.43,4.52,21.79,14.25,27.24,14.95,,,21.77,,
CHN,1982,IPUMS,1619,4.41,7.99,26.16,37.84,28.00,7.99,4.79,,,,0.30,0.00,36.92,17.70
CHN,1990,IPUMS,1569,3.95,6.32,35.14,43.27,15.27,6.32,6.49,,,,0.38,0.00,35.91,18.03
CHN,2000,IPUMS,272,3.38,8.59,48.82,35.47,7.12,8.59,12.82,46.96,5.40,,,0.00,32.18,17.73
CHN,2010,DYB & China Population Census Yearbook 2010,4778,3.09,14.53,51.23,27.60,6.64,14.53,,,,,,,,17.06
CHN,2020,DYB & China Population Census Yearbook 2020,7195,2.62,25.39,50.67,19.35,4.59,25.39,,,,,,,,13.26
CIV,1988,IPUMS,1457,5.89,15.13,21.77,20.09,43.01,15.13,3.64,18.48,4.59,34.16,24.01,0.00,,
CIV,1994,DHS,1779,6.22,13.88,19.59,19.81,46.71,13.88,3.88,19.54,3.72,46.06,12.88,0.04,23.63,18.40
CIV,1998,DHS,1778,6.19,11.41,21.79,20.36,46.44,11.41,5.05,18.14,3.21,46.58,15.53,0.09,25.86,18.40
CIV,1998,IPUMS,1630,5.79,14.23,22.07,20.58,43.13,14.23,4.14,18.79,4.96,41.91,14.64,1.34,,
CIV,2005,DHS,733,5.48,11.44,22.19,24.38,41.99,11.44,3.78,23.84,4.15,45.78,10.92,0.09,24.31,16.47
CIV,2012,DHS,4687,5.09,12.18,24.73,25.87,37.22,12.18,4.61,25.32,5.26,41.08,11.54,0.01,23.60,16.78
CIV,2016,MICS,5635,4.58,17.00,25.12,26.08,31.80,17.00,4.77,27.64,6.10,37.44,7.01,0.05,19.75,13.16
CIV,2021,DHS,9289,4.38,15.85,26.80,29.08,28.27,15.85,4.70,30.06,7.58,36.39,5.42,0.00,19.28,12.66
CIV,2021,DYB,7160,,16.74,,,,16.74,,,7.37,,,,,
CMR,1976,IPUMS,1409,5.07,13.18,28.27,22.32,36.22,13.18,9.17,21.85,4.86,40.57,10.08,0.28,,
CMR,1987,IPUMS,79,5.14,14.34,25.87,21.70,38.09,14.34,6.95,22.01,5.89,42.42,8.39,0.00,,
CMR,1991,DHS,1798,5.61,14.19,20.62,20.68,44.52,14.19,5.45,22.00,3.99,41.70,12.65,0.03,23.64,16.84
CMR,1998,DHS,1674,5.50,12.70,22.88,21.62,42.80,12.70,5.68,21.72,5.25,47.47,7.11,0.07,26.79,18.06
CMR,2000,MICS,1914,5.79,10.12,20.25,23.48,46.15,10.12,,,,,,,,
CMR,2004,DHS,1786,4.79,17.60,24.81,22.36,35.23,17.60,5.49,22.14,7.22,43.75,3.71,0.10,21.31,14.46
CMR,2005,IPUMS,882,5.12,12.59,23.39,24.31,39.71,12.59,4.83,28.91,9.61,39.17,4.77,0.12,24.03,8.66
CMR,2006,MICS,2312,4.51,18.09,25.62,24.01,32.29,18.09,5.45,25.20,9.23,39.54,2.42,0.08,19.44,12.31
CMR,2011,DHS,4686,4.99,15.14,22.69,24.44,37.72,15.14,4.04,25.11,7.30,42.97,5.26,0.18,24.31,17.24
CMR,2014,MICS,5641,4.56,18.67,24.89,23.82,32.62,18.67,4.74,26.63,8.53,38.91,2.49,0.02,21.73,14.26
CMR,2018,DHS,7684,4.99,15.30,22.79,24.73,37.18,15.30,4.27,27.72,8.70,39.36,4.64,0.01,23.31,15.30
CMR,2022,DHS,7794,4.92,13.63,24.07,25.47,36.83,13.63,4.44,27.90,8.51,38.00,7.52,0.00,24.16,15.52
COD,2001,MICS,1935,6.29,2.21,16.67,27.08,54.04,2.21,3.82,41.40,6.09,43.29,1.78,1.42,28.15,18.61
COD,2007,DHS,1888,5.45,6.73,21.47,26.80,45.00,6.73,4.66,38.34,7.84,40.35,2.03,0.06,25.24,16.02
COD,2010,MICS,4996,5.32,5.90,21.86,28.62,43.62,5.90,4.97,42.29,7.34,36.57,2.23,0.70,22.61,14.72
COD,2013,DHS,5612,5.30,7.25,21.19,27.81,43.74,7.25,4.71,36.70,10.70,38.54,2.10,0.00,24.86,18.80
COD,2018,MICS,7798,5.17,7.55,22.77,28.50,41.18,7.55,4.78,37.69,13.85,35.32,0.81,0.00,22.71,14.70
COD,2023,DHS,9206,5.28,6.74,20.45,29.60,43.20,6.74,3.55,35.13,11.74,41.35,1.46,0.03,24.94,16.35
COG,2005,DHS,1709,5.17,8.86,23.16,28.73,39.25,8.86,4.78,28.63,6.55,47.39,3.79,0.00,27.33,20.45
COG,2009,DHS,4946,4.20,12.27,30.11,31.75,25.87,12.27,5.28,34.00,9.93,36.06,2.32,0.13,18.87,12.66
COG,2011,DHS,5050,4.31,13.09,29.90,29.08,27.94,13.09,5.84,34.45,8.21,35.84,2.57,0.00,17.97,13.32
COG,2015,MICS,5642,4.22,13.79,29.25,30.00,26.96,13.79,5.31,36.09,9.17,34.44,1.20,0.01,22.65,14.99
COL,1973,IPUMS,968,5.68,5.92,21.00,25.50,47.57,5.92,3.96,31.80,10.04,27.10,19.29,1.89,28.45,14.10
COL,1985,IPUMS,257,5.06,5.95,24.04,33.25,36.76,5.95,4.97,38.64,8.26,27.97,14.22,0.00,34.09,16.76
COL,1990,DHS,1860,4.64,6.62,27.37,35.85,30.15,6.62,5.42,38.56,9.30,28.44,11.65,0.01,34.11,17.88
COL,1993,IPUMS,1359,4.49,6.83,29.25,36.46,27.46,6.83,5.92,38.50,10.06,27.81,10.89,0.00,31.39,14.70
COL,1995,DHS,1862,4.44,6.39,29.94,37.92,25.74,6.39,5.71,41.02,9.42,27.82,9.60,0.05,33.95,18.73
COL,2000,DHS,1861,4.20,7.67,32.23,37.53,22.57,7.67,5.89,37.67,10.67,30.14,7.96,0.00,36.32,19.92
COL,2005,DHS,1859,4.11,7.65,34.15,38.00,20.21,7.65,6.52,36.44,11.19,32.71,5.49,0.00,38.62,21.10
COL,2005,IPUMS,407,3.83,11.37,35.72,36.09,16.82,11.37,7.36,37.20,11.75,24.72,7.61,0.00,31.94,15.19
COL,2010,DHS,4945,3.77,9.44,38.79,36.71,15.06,9.44,7.77,36.16,12.38,30.06,4.19,0.00,36.46,18.86
COL,2015,DHS,5788,3.53,11.13,42.41,34.80,11.66,11.13,9.78,34.19,12.70,28.93,3.28,0.00,38.25,18.07
COM,1996,DHS,1707,6.31,2.31,16.46,24.69,56.54,2.31,3.56,27.85,7.61,50.62,8.05,0.00,40.52,21.84
COM,2012,DHS,5459,5.37,4.91,22.92,28.71,43.46,4.91,4.58,36.17,8.93,38.07,7.07,0.27,34.73,17.67
COM,2022,MICS,9220,5.22,5.59,21.71,30.30,42.40,5.59,4.99,39.84,8.57,31.83,9.18,0.00,36.83,17.80
CRI,1973,IPUMS,935,5.59,4.73,22.74,27.18,45.34,4.73,5.85,47.10,7.79,24.66,9.88,0.00,,
CRI,1984,IPUMS,990,4.68,5.36,27.58,37.00,30.06,5.36,6.74,49.97,8.29,22.06,7.58,0.00,29.44,12.96
CRI,2000,IPUMS,1590,3.95,8.00,35.30,38.97,17.73,8.00,8.49,48.99,11.16,18.39,4.96,0.00,29.91,10.57
CRI,2011,IPUMS,4741,3.46,11.23,42.70,35.83,10.25,11.23,10.76,41.25,13.71,19.42,3.64,0.00,34.66,11.33
CRI,2011,MICS,4993,3.66,8.51,39.67,40.30,11.51,8.51,9.27,40.85,13.37,24.61,3.05,0.34,38.78,14.71
CRI,2018,MICS,5762,3.21,12.07,48.80,31.61,7.51,12.07,13.43,35.93,15.68,20.65,2.25,0.00,37.38,11.79
CUB,2002,IPUMS,346,3.14,13.73,49.55,30.23,6.50,13.73,11.67,30.72,11.87,28.61,3.40,0.00,35.90,16.36
CUB,2006,MICS,2338,3.25,12.50,47.31,32.27,7.92,12.50,,,,,,,,
CUB,2011,MICS,4994,3.06,14.97,49.86,28.62,6.56,14.97,13.62,27.21,11.78,30.37,2.06,0.00,43.70,18.96
CUB,2012,IPUMS,4742,2.85,18.76,51.71,25.21,4.32,18.76,13.05,25.99,13.47,26.45,0.00,0.00,37.11,14.15
CUB,2014,MICS,5673,2.81,17.95,53.43,24.70,3.93,17.95,16.35,24.54,12.94,26.89,1.30,0.03,40.03,15.73
CUB,2019,MICS,7578,2.71,21.14,52.66,22.49,3.70,21.14,17.40,23.20,11.72,25.14,1.39,0.00,35.74,14.76
CYM,2010,DYB,4740,,32.57,45.71,17.72,4.00,32.57,,,,,,,,
CYM,2021,DYB,7269,,34.60,45.90,16.51,2.99,34.60,,,,,,,,
CYP,2001,DYB,834,3.06,16.02,44.31,33.69,5.98,16.02,23.73,49.49,5.73,,,5.03,,
CYP,2001,LFS,9499,2.96,16.11,48.35,30.66,4.89,16.11,,,,,,,,
CYP,2011,DYB,4782,2.76,20.76,49.14,26.04,4.06,20.76,23.65,36.59,6.16,,,12.83,,
CYP,2011,LFS,9500,2.75,18.72,52.55,25.82,2.92,18.72,,,,,,,,
CYP,2021,DYB,7111,2.56,24.49,50.45,22.51,2.56,24.49,23.38,33.54,9.57,,,9.02,,
CZE,2001,DYB,1331,2.41,30.27,47.01,21.51,1.21,30.27,28.31,25.30,12.88,,,3.24,,
CZE,2001,LFS,9501,2.60,22.57,50.33,25.54,1.57,22.57,,,,,,,,
CZE,2011,DYB,4817,2.34,32.51,47.22,18.54,1.74,32.51,18.84,24.50,10.29,,,13.86,,
CZE,2011,LFS,9502,2.40,27.28,51.34,20.37,1.02,27.28,,,,,,,,
CZE,2021,DYB,7308,2.15,39.07,44.11,15.66,1.17,39.07,21.20,23.84,9.60,,,6.29,,
DEU,2005,LFS,9507,2.12,37.06,48.26,13.78,0.91,37.06,,,,,,,,
DEU,2011,DYB,4822,2.14,37.27,48.09,13.21,1.43,37.27,28.39,23.32,7.33,,,3.69,,
DEU,2011,LFS,9508,2.05,39.53,47.00,12.71,0.76,39.53,,,,,,,,
DEU,2022,DYB,7126,2.04,43.14,43.28,12.02,1.56,43.14,25.48,20.30,7.21,,,3.87,,
DJI,2006,MICS,1922,5.89,2.72,18.72,28.84,49.72,2.72,4.88,49.48,8.12,30.00,4.68,0.12,40.29,9.33
DOM,1981,IPUMS,101,5.00,9.15,25.13,26.80,38.91,9.15,5.83,36.84,9.63,28.89,9.65,0.00,28.94,14.43
DOM,1996,DHS,1685,4.30,8.31,30.75,35.70,25.24,8.31,7.13,35.36,8.99,34.36,5.83,0.02,28.99,17.40
DOM,1999,DHS,1684,4.21,8.15,32.58,35.84,23.43,8.15,5.12,32.06,10.95,33.22,10.32,0.18,30.72,16.91
DOM,2000,MICS,1910,3.99,10.18,33.39,36.56,19.86,10.18,,,,,,,,
DOM,2002,DHS,1710,3.93,11.04,33.60,36.31,19.06,11.04,8.00,36.19,10.46,28.72,5.41,0.18,24.58,13.17
DOM,2002,IPUMS,910,3.96,9.92,33.12,37.50,19.46,9.92,7.62,39.08,12.64,27.59,3.14,0.00,30.04,13.89
DOM,2007,DHS,49,3.71,12.23,36.99,35.10,15.69,12.23,7.80,32.08,13.15,29.68,4.77,0.31,25.94,13.14
DOM,2010,IPUMS,4744,3.58,13.57,37.60,34.65,14.18,13.57,8.18,31.62,13.24,30.07,3.32,0.00,28.99,13.46
DOM,2013,DHS,5710,3.48,14.33,39.85,33.08,12.73,14.33,8.89,28.60,13.17,28.49,6.37,0.14,26.21,11.82
DOM,2014,MICS,5674,3.36,16.53,39.59,32.88,10.99,16.53,9.35,32.47,13.86,25.54,2.16,0.09,28.36,13.06
DOM,2019,MICS,7596,3.09,20.05,42.34,29.65,7.97,20.05,10.08,29.35,15.03,23.38,2.10,0.00,28.25,11.23
DOM,2022,DYB,7274,2.89,22.37,45.45,26.38,5.80,22.37,11.32,26.99,16.39,,,22.94,,
DZA,2012,MICS,4984,5.42,0.54,19.33,36.60,43.52,0.54,5.07,65.35,6.23,22.63,0.17,0.01,52.12,15.76
DZA,2019,MICS,7573,4.94,1.61,21.83,42.30,34.27,1.61,5.91,65.05,6.65,20.65,0.12,0.01,51.85,13.15
ECU,1974,IPUMS,1379,5.37,6.94,22.82,26.79,43.45,6.94,4.91,38.32,9.72,27.13,12.87,0.11,28.96,15.30
ECU,1982,IPUMS,1440,5.06,7.69,23.82,29.49,39.00,7.69,5.33,41.59,9.02,26.48,9.89,0.00,26.72,13.63
ECU,1990,IPUMS,921,4.68,7.64,26.62,33.65,32.10,7.64,5.95,43.53,9.37,23.67,9.84,0.00,27.07,12.21
ECU,2001,IPUMS,1162,4.19,9.16,31.40,36.11,23.33,9.16,6.47,37.32,10.97,30.28,5.80,0.00,29.22,13.00
ECU,2010,IPUMS,4768,3.78,12.12,35.91,35.49,16.48,12.12,7.22,36.05,12.42,28.02,4.16,0.00,29.12,12.97
ECU,2022,DYB,7295,3.25,16.58,41.77,32.71,8.94,16.61,9.62,35.32,16.79,,,21.66,,
EGY,1986,IPUMS,890,4.85,6.62,24.21,32.38,36.79,6.62,7.49,55.51,8.86,20.21,1.26,0.05,,
EGY,1993,DHS,1832,5.65,4.61,18.44,30.56,46.39,4.61,5.40,55.30,6.39,27.85,0.39,0.07,41.88,18.76
EGY,1995,DHS,1829,5.33,5.40,20.30,33.04,41.25,5.40,6.15,57.72,7.30,23.21,0.22,0.01,39.88,15.50
EGY,1996,IPUMS,1281,4.64,6.39,25.99,34.72,32.91,6.39,8.48,62.37,9.18,12.93,0.65,0.00,,
EGY,2000,DHS,1830,5.25,4.97,20.29,35.03,39.70,4.97,6.03,59.74,6.88,22.09,0.29,0.00,40.21,14.66
EGY,2003,DHS,778,5.05,5.76,22.51,36.35,35.37,5.76,6.94,55.44,7.24,24.37,0.26,0.00,40.43,15.83
EGY,2005,DHS,1806,4.88,5.27,23.70,38.75,32.27,5.27,7.59,61.05,7.07,18.78,0.24,0.00,39.02,12.59
EGY,2006,IPUMS,1563,4.19,6.60,29.93,41.18,22.28,6.60,9.75,64.28,9.55,9.29,0.52,0.00,32.16,4.61
EGY,2008,DHS,4685,4.61,5.48,26.10,40.62,27.80,5.48,8.67,61.34,7.79,16.52,0.20,0.00,37.36,11.33
EGY,2014,DHS,5711,4.13,6.48,30.40,43.12,20.00,6.48,10.53,65.04,7.09,10.73,0.13,0.00,30.63,7.54
EGY,2017,"Egypt - General Census for Population, Housing and Establishments 2017",5743,4.04,5.03,31.24,46.45,17.27,5.03,,,,20.99,0.37,,,
ESP,1991,IPUMS,1113,3.26,13.33,43.78,34.86,8.04,13.33,16.92,48.42,6.74,13.68,0.91,0.00,33.45,7.19
ESP,2001,DYB,1472,2.86,20.28,46.43,29.24,4.06,20.28,17.26,39.13,8.09,,,15.25,,
ESP,2001,IPUMS,1472,2.86,20.28,46.42,29.24,4.06,20.28,17.26,40.33,8.45,10.46,3.22,0.00,,
ESP,2011,DYB,4845,2.58,23.19,51.75,23.29,1.78,23.19,21.04,34.96,9.36,,,11.45,,
ESP,2011,IPUMS,4845,2.58,23.19,51.75,23.29,1.78,23.19,,,,,,,,
ESP,2021,DYB,7139,2.55,26.98,48.73,21.73,2.56,26.95,17.11,29.05,11.66,,,15.23,,
EST,2000,DYB,1400,2.35,33.52,47.16,17.54,1.78,33.52,16.97,26.00,12.14,,,11.37,,
EST,2001,LFS,9503,2.63,22.78,52.03,22.43,2.76,22.78,,,,,,,,
EST,2011,LFS,9504,2.30,33.90,47.28,17.14,1.67,33.90,,,,,,,,
ETH,1984,IPUMS,1191,4.45,14.09,28.38,26.56,30.97,14.09,,,,,,,,
ETH,1994,IPUMS,1410,4.78,6.11,27.29,31.18,35.42,6.11,5.97,48.04,13.03,,,0.00,,
ETH,2000,DHS,1694,4.82,5.13,25.95,33.39,35.54,5.13,4.23,43.86,10.89,28.56,7.32,0.02,24.27,11.98
ETH,2005,DHS,1858,5.03,5.00,22.88,32.49,39.63,5.00,3.68,48.75,9.89,27.69,4.98,0.01,25.58,11.76
ETH,2007,DYB,1011,4.69,8.30,26.22,29.84,35.65,8.30,,,,,,,,
ETH,2007,IPUMS,1011,4.45,8.34,27.80,31.24,32.62,8.34,5.39,48.23,12.20,21.12,4.74,0.00,18.22,6.30
ETH,2011,DHS,5053,4.64,7.58,26.89,31.87,33.66,7.58,4.67,45.94,10.24,26.88,4.66,0.03,21.91,10.81
ETH,2016,DHS,5808,4.61,7.52,27.01,32.00,33.47,7.52,4.77,47.07,11.65,25.37,3.63,0.00,22.52,11.67
ETH,2019,DHS,7685,4.73,6.36,27.23,31.32,35.10,6.36,5.21,48.64,9.05,26.47,4.28,0.00,25.06,11.45
FIN,2011,DYB,4821,2.07,41.01,44.46,12.97,1.57,41.01,26.88,21.43,6.68,,,4.01,,
FIN,2021,DYB,7311,1.96,45.34,42.42,10.94,1.30,45.34,27.38,17.85,6.39,,,3.05,,
FJI,1966,IPUMS,1048,6.30,3.38,17.36,23.81,55.45,3.38,,,,,,,,
FJI,1976,IPUMS,969,5.96,3.21,17.92,27.11,51.77,3.21,4.70,38.23,4.53,41.92,7.42,0.00,32.97,20.29
FJI,1986,IPUMS,1361,5.85,3.62,17.36,30.61,48.41,3.62,4.28,30.76,3.94,53.70,3.68,0.03,38.57,25.44
FJI,1996,IPUMS,1571,5.31,3.98,20.57,35.29,40.16,3.98,4.86,37.16,5.04,46.18,2.78,0.00,36.38,21.67
FJI,2007,IPUMS,1064,4.78,5.55,27.27,35.21,31.98,5.55,7.10,30.31,5.18,49.02,2.84,0.00,42.41,21.66
FJI,2017,IPUMS,7225,4.57,5.94,30.10,34.31,29.64,5.94,8.84,38.10,5.80,39.97,1.33,0.00,45.06,22.13
FJI,2021,MICS,7803,4.22,7.95,35.51,31.71,24.83,7.95,10.52,32.13,8.17,40.38,0.84,0.00,43.61,22.44
FRA,1962,IPUMS,410,3.11,19.60,45.51,24.12,10.77,19.60,20.96,,,,4.89,0.00,,
FRA,1968,IPUMS,1396,3.06,20.26,45.51,24.29,9.94,20.26,21.05,,,,3.93,0.00,,
FRA,1975,IPUMS,60,2.88,22.18,46.99,23.57,7.26,22.18,22.29,,,,2.48,0.00,,
FRA,1982,IPUMS,363,2.71,24.65,47.22,23.53,4.59,24.65,23.17,,,,1.70,0.00,,
FRA,1990,IPUMS,1211,2.57,27.13,47.31,22.33,3.23,27.13,23.69,,,,1.32,0.00,,
FRA,1999,IPUMS,1216,2.40,30.98,47.34,19.30,2.38,30.98,24.79,,,,1.02,0.00,,
FRA,2001,LFS,9505,2.35,31.39,48.14,18.51,1.96,31.39,,,,,,,,
FRA,2006,IPUMS,4488,2.31,32.84,47.62,17.60,1.94,32.84,25.78,,,,1.08,0.00,,
FRA,2009,IPUMS,5756,2.26,34.10,47.43,16.73,1.75,34.10,25.85,,,,1.33,0.00,,
FRA,2011,LFS,9506,2.25,34.37,47.10,16.97,1.57,34.37,,,,,,,,
FRA,2013,DYB,5760,2.22,35.46,46.84,16.08,1.62,35.46,25.80,25.54,8.57,,,4.62,,
FRA,2020,DYB,9331,2.15,38.21,45.40,14.84,1.55,38.21,25.38,23.82,9.17,,,3.42,,
GAB,2000,DHS,1737,4.97,19.29,25.74,19.40,35.57,19.29,7.52,13.94,5.33,38.47,15.46,0.00,24.76,17.88
GAB,2012,DHS,5054,4.10,22.42,28.48,22.50,26.60,22.42,7.31,19.52,8.63,38.83,3.27,0.02,21.71,15.06
GAB,2020,DHS,7622,3.92,22.50,29.40,23.82,24.27,22.50,6.44,21.46,10.47,35.88,3.25,0.00,23.74,15.83
GBR,1961,IPUMS,958,3.06,13.92,51.10,28.20,6.78,13.92,,,,,,,,
GBR,1971,IPUMS,1259,2.86,19.43,49.30,25.28,5.99,19.43,,,,,,,,
GBR,1991,IPUMS,1074,2.48,26.45,50.12,21.23,2.20,26.45,26.36,31.87,8.04,4.22,3.06,0.00,14.57,1.48
GBR,2001,LFS,9519,2.34,30.16,49.79,18.23,1.81,30.16,,,,,,,,
GBR,2011,DYB,4855,2.35,30.58,49.67,17.50,2.24,30.58,25.56,25.21,10.69,,,7.97,,
GEO,2002,DYB,322,3.52,16.30,34.54,35.51,13.64,16.30,,,,,,,,
GEO,2005,MICS,1900,3.64,14.72,33.04,35.76,16.48,14.72,10.31,29.83,8.27,36.63,0.24,0.00,53.70,28.61
GEO,2014,DYB,4783,3.34,17.48,39.28,30.60,12.64,17.48,10.25,25.67,11.22,,,35.38,,
GEO,2018,MICS,7580,3.42,14.97,40.74,30.02,14.27,14.97,12.28,22.68,8.85,40.50,0.72,0.00,51.80,27.93
GHA,1984,IPUMS,953,5.01,18.67,23.62,22.06,35.65,18.67,3.13,20.32,13.62,,,0.00,25.76,17.17
GHA,1993,DHS,1754,3.77,24.32,27.93,25.55,22.20,24.32,3.37,23.94,19.38,25.95,3.04,0.00,12.59,8.12
GHA,1999,DHS,1751,3.61,26.13,28.40,24.57,20.89,26.13,4.08,24.57,16.72,26.41,2.08,0.00,16.70,10.40
GHA,2000,IPUMS,1585,5.08,12.59,23.83,24.62,38.96,12.59,2.81,16.15,8.91,50.21,9.34,0.00,25.73,13.41
GHA,2003,DHS,1752,4.03,20.76,26.25,27.56,25.43,20.76,3.48,26.40,13.58,32.81,2.91,0.07,20.79,13.24
GHA,2006,MICS,166,4.20,17.79,26.24,28.56,27.42,17.79,3.48,30.82,11.83,32.96,3.01,0.11,24.47,13.72
GHA,2008,DHS,4688,3.75,21.93,30.39,26.22,21.47,21.93,4.65,27.13,14.49,29.66,2.15,0.00,21.29,11.06
GHA,2010,IPUMS,4714,4.41,17.57,27.19,25.82,29.42,17.57,3.85,24.39,12.91,36.12,5.16,0.00,27.39,13.94
GHA,2011,MICS,5000,3.87,20.32,29.88,26.72,23.07,20.32,4.38,30.50,13.15,28.29,3.35,0.00,20.17,11.31
GHA,2014,DHS,5778,3.49,25.88,30.34,25.30,18.48,25.88,5.53,27.15,13.89,25.31,2.24,0.00,17.58,9.69
GHA,2017,MICS,5636,4.70,11.01,25.10,30.71,33.18,11.01,3.15,30.48,14.99,37.98,2.37,0.02,30.16,19.21
GHA,2019,DHS,7806,3.83,21.48,29.52,27.10,21.90,21.48,3.35,24.74,13.45,34.39,2.55,0.03,25.17,16.13
GHA,2022,DHS,9479,3.55,24.65,31.10,25.62,18.63,24.65,4.35,25.18,15.68,28.07,2.07,0.00,22.10,12.38
GIN,1983,IPUMS,1190,6.23,5.71,22.94,25.21,46.15,5.71,5.88,23.38,5.45,48.64,10.75,0.19,,
GIN,1996,IPUMS,1036,6.78,5.88,18.21,23.25,52.67,5.88,3.66,19.44,5.48,51.89,11.72,1.94,28.23,18.95
GIN,1999,DHS,1739,6.62,4.64,16.07,24.84,54.45,4.64,3.55,27.60,4.65,54.70,4.58,0.27,32.60,23.20
GIN,2005,DHS,1740,6.09,5.40,18.21,26.49,49.89,5.40,3.41,30.32,5.20,53.53,2.09,0.04,28.62,20.48
GIN,2012,DHS,5422,6.25,4.53,16.91,27.52,51.04,4.53,3.26,28.75,5.42,53.84,4.17,0.02,32.33,24.35
GIN,2014,IPUMS,5254,7.15,4.77,16.46,22.76,56.01,4.77,3.29,21.60,5.53,61.75,3.06,0.00,34.31,19.36
GIN,2016,MICS,5676,5.95,4.80,18.95,28.86,47.39,4.80,3.67,33.75,5.97,49.31,2.48,0.02,28.44,18.67
GIN,2021,DHS,7809,6.39,5.07,16.58,26.03,52.32,5.07,3.95,26.19,4.41,56.46,3.91,0.00,34.98,26.64
GMB,2000,MICS,1907,6.66,11.18,16.50,21.15,51.17,11.18,,,,,,,,
GMB,2006,MICS,736,7.39,9.43,14.04,20.02,56.51,9.43,3.08,24.23,4.94,52.85,5.06,0.40,39.80,27.68
GMB,2010,MICS,4998,8.09,9.31,12.67,17.73,60.30,9.31,2.48,22.62,4.36,53.50,5.35,2.38,43.73,32.03
GMB,2013,DHS,5462,8.23,8.39,12.96,17.23,61.42,8.39,2.16,21.36,4.78,56.23,6.92,0.16,45.56,32.31
GMB,2018,MICS,7579,8.00,9.11,12.80,17.96,60.14,9.11,2.11,20.00,5.86,52.16,10.68,0.09,42.32,30.83
GMB,2020,DHS,7686,8.07,9.72,14.03,17.68,58.57,9.72,2.20,18.98,4.97,50.31,13.82,0.00,41.86,30.63
GNB,2000,MICS,1895,8.01,0.19,4.01,19.68,76.12,0.19,,,,,,,,
GNB,2006,MICS,176,7.79,0.35,7.93,22.55,69.17,0.35,1.06,21.81,2.42,69.72,4.02,0.62,42.66,28.98
GNB,2014,MICS,5637,7.26,3.21,13.47,21.97,61.36,3.21,1.71,17.36,4.31,69.19,1.52,0.01,40.91,31.64
GNB,2019,MICS,7571,6.81,4.14,14.29,25.22,56.35,4.14,1.73,19.83,4.76,67.80,1.72,0.03,42.16,30.54
GNQ,2000,MICS,1921,5.30,14.14,23.85,20.04,41.98,14.14,,,,,,,,
GRC,1971,IPUMS,1183,3.39,11.26,42.86,36.44,9.44,11.26,14.84,41.25,5.64,24.09,0.87,2.05,31.49,14.23
GRC,1981,IPUMS,1389,3.14,14.16,45.07,34.48,6.29,14.16,18.77,43.44,4.55,18.02,1.06,0.00,26.97,10.65
GRC,1991,IPUMS,1622,2.97,16.34,47.26,31.69,4.71,16.34,20.11,42.42,5.37,14.68,1.08,0.00,29.26,7.99
GRC,2001,IPUMS,282,2.80,19.83,49.15,27.18,3.85,19.83,20.36,37.73,6.65,12.04,3.40,0.00,30.77,5.88
GRC,2011,IPUMS,4824,2.56,25.74,49.16,22.64,2.46,25.74,20.75,33.72,8.15,,,0.00,,
GTM,1964,IPUMS,1046,5.23,5.49,22.06,30.04,42.41,5.49,4.68,46.01,8.92,26.08,8.82,0.00,26.90,15.49
GTM,1973,IPUMS,1516,4.99,4.73,26.14,30.98,38.15,4.73,6.69,49.07,9.10,22.47,7.48,0.46,25.33,13.12
GTM,1981,IPUMS,1416,5.20,3.89,22.37,32.25,41.49,3.89,5.34,52.79,7.38,25.25,5.18,0.16,27.57,13.92
GTM,1994,IPUMS,1519,5.21,4.15,22.27,32.74,40.84,4.15,5.15,49.10,8.03,25.93,7.66,0.00,29.15,14.92
GTM,1995,DHS,1770,5.26,3.80,21.11,33.88,41.21,3.80,5.23,46.82,9.73,27.24,7.09,0.08,32.79,20.02
GTM,1999,DHS,207,5.28,4.10,23.43,32.07,40.40,4.10,4.95,47.79,9.18,28.23,5.74,0.01,33.58,19.24
GTM,2002,IPUMS,1150,5.08,4.87,23.62,33.51,37.99,4.87,5.31,48.05,9.77,27.07,4.92,0.00,34.25,19.40
GTM,2015,DHS,5790,4.81,4.33,26.57,37.51,31.60,4.33,5.28,42.84,12.58,30.78,4.19,0.00,38.70,22.70
GUM,2010,DYB,4858,,14.65,,,,14.65,,54.28,27.10,,,,,
GUY,2000,MICS,1939,4.18,9.41,30.52,37.17,22.90,9.41,,,,,,,,
GUY,2005,DHS,139,4.16,9.70,32.67,35.00,22.63,9.70,8.36,36.64,9.71,33.07,2.32,0.19,34.85,17.35
GUY,2006,MICS,1893,4.05,12.10,31.99,34.10,21.81,12.10,8.51,40.43,9.47,28.21,1.10,0.18,29.99,15.57
GUY,2009,DHS,4701,3.80,12.87,36.69,32.09,18.35,12.87,9.73,33.34,11.64,30.27,2.11,0.04,30.60,15.76
GUY,2014,MICS,5675,3.81,12.69,36.40,32.81,18.09,12.69,10.01,34.92,11.47,29.09,1.79,0.04,35.36,16.43
GUY,2019,MICS,7811,3.50,15.80,39.66,29.12,15.42,15.80,11.35,31.38,11.92,28.75,0.78,0.02,35.14,15.84
HKG,2006,DYB,1603,2.98,16.51,47.29,32.28,3.91,16.51,,,,,,,,
HKG,2011,DYB,4780,2.91,17.06,49.52,30.16,3.26,17.06,14.97,39.44,11.93,,,16.61,,
HKG,2016,DYB,7109,2.83,18.29,50.89,27.55,3.27,18.29,15.46,36.66,11.86,,,17.73,,
HKG,2021,DYB,7196,2.72,20.24,52.65,24.23,2.89,20.24,17.19,32.41,11.96,,,18.20,,
HND,1974,IPUMS,1316,5.67,4.49,19.54,27.71,48.26,4.49,4.10,41.66,9.10,29.31,11.33,0.00,27.32,17.76
HND,1988,IPUMS,1342,5.52,4.73,19.42,29.85,46.01,4.73,3.86,43.23,8.85,32.24,7.11,0.00,29.01,18.32
HND,2001,IPUMS,1486,5.00,5.33,24.14,34.13,36.40,5.33,4.50,40.67,9.84,33.19,6.48,0.00,30.70,17.98
HND,2006,DHS,1788,4.80,5.52,25.93,35.54,33.01,5.52,4.70,40.01,10.52,31.08,8.15,0.01,32.36,20.57
HND,2012,DHS,5056,4.47,6.69,29.43,36.81,27.07,6.69,5.16,35.15,10.65,33.40,8.94,0.01,34.96,21.92
HND,2013,IPUMS,4749,4.40,6.75,30.80,36.83,25.61,6.75,5.75,41.09,11.31,32.77,0.76,0.00,32.91,18.26
HND,2019,MICS,7581,3.87,10.37,35.85,35.97,17.81,10.37,6.73,35.38,13.08,30.26,4.18,0.00,34.50,18.79
HRV,2001,DYB,898,2.99,20.79,42.59,29.81,6.81,20.79,15.76,36.15,9.12,,,18.19,,
HRV,2011,DYB,4816,2.80,24.56,44.43,25.28,5.73,24.56,16.87,32.78,10.04,,,15.74,,
HRV,2021,DYB,7307,2.67,27.80,44.55,22.32,5.33,27.80,17.17,28.58,10.96,,,15.49,,
HTI,1971,IPUMS,1656,4.60,9.35,28.99,29.22,32.43,9.35,5.01,28.74,11.60,30.90,14.20,0.19,,
HTI,1982,IPUMS,1024,4.95,7.63,26.86,29.04,36.47,7.63,,,,,,,,
HTI,1994,DHS,1764,5.02,8.07,24.53,28.53,38.87,8.07,4.27,24.28,8.69,37.02,17.65,0.02,29.24,17.56
HTI,2000,DHS,1765,4.69,8.20,27.84,29.97,33.99,8.20,4.19,25.68,11.28,35.28,15.37,0.00,27.43,16.04
HTI,2003,IPUMS,1034,4.68,8.82,27.87,29.58,33.73,8.82,5.15,25.81,10.82,39.79,9.62,0.00,31.66,15.09
HTI,2006,DHS,1785,4.61,8.62,28.36,30.61,32.42,8.62,4.14,24.37,12.13,40.68,10.06,0.00,29.70,17.26
HTI,2012,DHS,5451,4.43,9.89,29.62,31.30,29.19,9.89,4.56,23.55,10.88,42.34,8.76,0.03,29.70,17.50
HTI,2017,DHS,5825,4.29,9.43,31.10,32.93,26.54,9.43,4.66,23.41,12.68,43.51,6.31,0.00,31.58,18.14
HUN,1970,IPUMS,892,3.29,10.74,48.96,31.76,8.54,10.74,18.13,35.62,5.34,2.14,0.00,28.04,,
HUN,1980,IPUMS,1092,2.79,19.85,50.11,26.33,3.71,19.85,20.46,,,,0.93,0.20,,
HUN,1990,IPUMS,827,2.60,24.45,49.51,23.70,2.33,24.45,19.79,,,,1.19,0.00,,
HUN,2001,DYB,1030,2.57,26.25,48.51,22.37,2.87,26.25,20.84,31.22,9.30,,,12.40,,
HUN,2001,IPUMS,1030,2.57,26.32,48.32,22.50,2.86,26.32,20.14,31.86,9.75,,,0.00,,
HUN,2001,LFS,9509,2.62,24.11,49.14,24.01,2.75,24.11,,,,,,,,
HUN,2011,DYB,4825,2.36,32.08,48.54,17.25,2.13,32.08,19.85,26.74,11.05,,,10.27,,
HUN,2011,IPUMS,4825,2.36,32.23,48.31,17.39,2.06,32.23,19.20,26.51,10.78,,,0.00,,
HUN,2011,LFS,9510,2.60,23.63,50.92,22.72,2.74,23.63,,,,,,,,
HUN,2022,DYB,7315,2.35,35.52,44.58,16.71,3.19,35.52,17.74,22.27,10.25,,,14.22,,
IDN,1971,IPUMS,65,4.84,4.67,27.42,32.31,35.60,4.67,6.90,46.94,7.70,27.36,4.08,2.35,26.13,14.33
IDN,1976,IPUMS,144,4.90,4.67,26.89,31.82,36.63,4.67,7.08,49.73,7.03,28.69,2.80,0.00,28.81,15.70
IDN,1980,IPUMS,1304,4.82,4.64,27.87,32.57,34.92,4.64,7.49,48.71,6.32,28.86,3.98,0.00,29.58,16.03
IDN,1985,IPUMS,686,4.68,4.88,28.14,34.80,32.18,4.88,7.44,52.40,5.93,26.37,2.98,0.00,29.13,14.91
IDN,1990,IPUMS,1263,4.48,5.42,30.22,36.10,28.26,5.42,7.83,51.35,5.91,25.79,3.70,0.00,29.47,14.52
IDN,1991,DHS,1687,4.63,4.74,27.31,37.75,30.19,4.74,6.98,52.43,5.24,27.33,3.26,0.02,32.20,16.28
IDN,1994,DHS,1688,4.47,5.53,28.45,39.30,26.72,5.53,6.89,50.97,5.08,28.19,3.31,0.01,32.05,16.69
IDN,1995,IPUMS,6,4.23,5.70,32.47,39.25,22.59,5.70,8.22,55.35,5.51,22.69,2.54,0.00,29.78,13.02
IDN,1997,DHS,1690,4.31,4.83,31.71,39.98,23.49,4.83,7.94,53.08,5.02,26.36,2.77,0.00,31.32,16.20
IDN,2000,IPUMS,1538,3.94,6.68,37.24,38.50,17.58,6.68,9.86,54.60,6.34,,,0.00,,
IDN,2000,MICS,4438,4.10,5.10,33.78,41.78,19.34,5.10,8.54,56.97,5.67,22.04,1.68,0.00,,
IDN,2003,DHS,1689,4.32,5.14,30.39,41.54,22.92,5.14,7.43,51.37,4.39,29.65,2.01,0.01,35.59,18.79
IDN,2005,IPUMS,9,3.95,6.03,35.86,41.82,16.29,6.03,9.12,56.40,6.05,20.78,1.62,0.00,32.64,11.83
IDN,2007,DHS,739,4.10,5.87,33.98,40.59,19.56,5.87,8.77,46.70,5.38,31.10,2.14,0.03,36.28,19.34
IDN,2010,IPUMS,4785,3.85,8.26,36.89,39.50,15.35,8.26,9.06,49.90,6.06,24.57,2.16,0.00,31.73,14.27
IDN,2012,DHS,5458,3.99,6.96,35.17,40.60,17.27,6.96,8.01,44.04,5.96,32.60,2.36,0.05,36.53,20.67
IDN,2017,DHS,7363,3.86,7.10,36.62,41.50,14.78,7.10,9.45,45.66,5.64,30.53,1.61,0.01,37.77,20.24
IMN,2016,DYB,7318,2.28,30.07,51.53,16.84,1.56,30.07,,,,,,,,
IND,1983,IPUMS,9487,5.09,7.82,20.58,32.33,39.27,7.82,5.54,40.15,5.43,39.00,1.61,0.45,39.12,23.98
IND,1987,IPUMS,9488,5.00,7.24,21.12,34.44,37.20,7.24,6.00,42.42,5.39,37.63,1.13,0.19,39.21,23.91
IND,1993,DHS,1789,5.70,3.18,18.08,33.10,45.64,3.18,4.27,36.48,4.59,49.73,1.67,0.08,49.07,33.58
IND,1993,IPUMS,9489,4.78,6.95,22.58,37.50,32.98,6.95,6.90,45.33,5.09,34.84,0.71,0.19,38.42,22.58
IND,1999,DHS,1790,5.43,3.44,19.59,36.18,40.79,3.44,4.88,38.88,4.76,46.96,1.06,0.03,47.77,32.02
IND,1999,IPUMS,9490,4.87,6.56,21.64,38.51,33.29,6.56,6.30,46.40,5.25,34.66,0.62,0.21,39.72,23.48
IND,2001,DYB,878,5.29,3.93,19.90,37.83,38.34,3.93,,,,,,,,
IND,2004,IPUMS,9491,4.69,6.92,23.56,39.36,30.16,6.92,7.20,45.70,5.69,34.07,0.42,0.00,40.77,24.11
IND,2006,DHS,1792,4.84,5.49,24.98,37.22,32.32,5.49,6.82,38.09,6.46,37.93,5.20,0.02,43.41,28.12
IND,2009,IPUMS,9492,4.42,7.66,26.01,40.85,25.47,7.66,8.68,46.68,5.42,31.22,0.26,0.08,40.23,22.26
IND,2015,DHS,5565,4.57,4.11,27.31,41.64,26.94,4.11,8.03,41.49,6.26,37.14,2.97,0.00,50.25,29.39
IND,2020,DHS,9090,4.38,5.11,30.31,40.37,24.21,5.11,9.11,37.01,7.22,39.17,2.36,0.01,51.28,30.15
IRL,1971,IPUMS,1116,3.93,14.28,36.49,25.50,23.73,14.28,10.07,40.31,8.69,,,0.00,,
IRL,1979,IPUMS,1193,3.75,16.24,35.44,27.68,20.64,16.24,11.10,43.75,7.78,,,0.00,,
IRL,1981,IPUMS,73,3.66,17.11,35.19,28.22,19.47,17.11,11.09,43.74,7.67,,,0.00,,
IRL,1986,IPUMS,907,3.55,18.37,34.83,29.25,17.56,18.37,11.02,43.90,8.18,,,0.00,,
IRL,1991,IPUMS,1080,3.35,20.08,36.60,29.26,14.06,20.08,11.80,41.73,8.52,9.25,7.16,1.46,23.25,3.59
IRL,1996,IPUMS,1607,3.15,21.28,39.03,29.01,10.68,21.28,13.78,41.01,9.64,9.34,4.95,0.00,,
IRL,2002,IPUMS,1542,3.09,19.85,41.73,29.54,8.89,19.85,15.45,38.23,9.23,10.17,7.08,0.00,,
IRL,2006,IPUMS,1098,2.92,20.67,45.14,27.66,6.53,20.67,17.61,35.53,9.65,8.36,7.68,0.52,22.59,2.31
IRL,2011,IPUMS,4827,2.81,22.19,46.23,26.32,5.26,22.19,18.54,34.91,10.10,7.64,6.61,0.00,21.22,2.13
IRL,2016,IPUMS,7080,2.83,22.02,45.38,27.39,5.20,22.02,18.26,33.75,9.74,4.58,10.39,1.25,,
IRL,2022,DYB,7317,2.74,23.14,46.83,25.79,4.24,23.14,19.24,33.67,9.91,,,14.04,,
IRN,1996,DYB,1197,4.76,4.42,27.28,34.34,33.96,4.42,,,,,,,,
IRN,2006,IPUMS,1097,4.05,4.80,37.04,39.62,18.55,4.80,12.12,66.17,5.29,10.14,0.12,1.37,33.03,5.49
IRN,2011,IPUMS,4786,3.49,7.20,45.58,38.74,8.48,7.20,14.65,64.70,7.00,6.17,0.10,0.18,30.91,3.03
IRN,2016,DYB,7201,,8.48,49.13,37.86,4.53,8.48,,,,,,,,
IRQ,1997,IPUMS,251,7.70,1.23,10.21,20.83,67.74,1.23,2.66,50.46,5.45,36.68,0.36,3.17,47.94,23.71
IRQ,2000,MICS,4439,7.22,1.15,11.09,21.69,66.06,1.15,,,,,,,,
IRQ,2006,MICS,151,6.31,1.33,16.42,25.56,56.69,1.33,5.21,60.68,5.95,26.62,0.22,0.00,42.70,16.92
IRQ,2011,MICS,5334,6.46,1.17,13.53,28.52,56.77,1.17,4.14,58.22,5.09,31.24,0.12,0.01,44.82,22.07
IRQ,2018,MICS,5586,6.35,1.01,12.70,28.81,57.48,1.01,3.39,59.16,4.34,31.91,0.19,0.00,45.23,22.81
ISL,2021,DYB,7316,2.65,29.16,43.00,23.14,4.70,29.16,17.59,27.61,8.44,,,17.20,,
ISR,1972,IPUMS,249,3.80,12.36,39.76,30.33,17.55,12.36,17.98,54.63,4.88,8.80,0.72,0.63,24.10,4.73
ISR,1983,IPUMS,1079,3.46,17.53,37.34,31.51,13.62,17.53,18.38,52.49,5.54,4.27,0.94,0.85,23.16,2.18
ISR,1995,IPUMS,1504,3.35,19.66,36.71,30.74,12.90,19.66,15.96,45.97,6.82,6.25,0.88,4.47,22.51,3.22
ISR,2009,DYB,2397,3.14,21.01,39.99,28.29,10.70,21.01,18.40,46.15,8.49,,,5.95,,
ISR,2009,IPUMS,2397,3.15,21.09,39.86,28.42,10.62,21.09,,,,,,,,
ISR,2022,DYB,7202,3.03,23.80,40.02,26.21,9.97,23.80,18.92,42.50,9.83,,,4.97,,
ITA,2001,DYB,1428,2.59,24.89,48.65,24.77,1.69,24.89,20.77,41.54,8.90,,,3.90,,
ITA,2001,IPUMS,1428,2.59,24.97,48.68,24.72,1.64,24.97,19.46,39.73,8.02,7.23,0.59,0.00,29.77,3.08
ITA,2011,DYB,4828,2.40,31.15,46.96,20.47,1.42,31.15,20.19,34.67,9.91,,,4.07,,
ITA,2011,IPUMS,4828,2.40,30.91,47.06,20.48,1.55,30.91,18.85,33.76,9.41,6.28,0.78,0.00,26.23,2.56
ITA,2021,DYB,7319,2.24,36.77,45.03,16.99,1.21,36.77,17.78,26.81,11.20,,,7.44,,
JAM,1982,IPUMS,948,4.23,19.19,28.96,23.45,28.40,19.19,5.75,16.54,9.74,29.72,9.90,9.17,23.14,15.84
JAM,1991,IPUMS,1184,3.87,19.75,31.08,26.48,22.70,19.75,6.67,20.15,11.68,32.53,7.78,1.44,25.76,16.26
JAM,2001,IPUMS,53,3.45,23.30,34.96,25.40,16.34,23.30,7.19,21.55,14.02,28.22,5.72,0.00,24.33,14.08
JAM,2005,MICS,122,3.29,26.07,33.63,25.29,15.01,26.07,7.19,21.18,14.54,27.77,3.07,0.18,27.63,14.09
JAM,2011,DYB,4750,3.06,28.17,,,,28.17,7.21,18.67,16.20,,,29.75,,
JAM,2011,MICS,5005,3.18,25.24,37.24,25.33,12.18,25.24,8.07,19.66,15.34,27.70,3.98,0.01,28.38,14.00
JAM,2022,MICS,7817,2.95,26.55,41.80,22.34,9.31,26.55,8.50,14.67,16.69,30.46,3.13,0.00,34.02,15.69
JOR,1997,DHS,1724,5.99,4.68,17.69,25.69,51.94,4.68,5.30,60.83,5.89,18.94,4.32,0.05,37.66,10.26
JOR,2002,DHS,1725,5.68,4.54,19.27,27.20,48.99,4.54,5.75,62.39,7.34,17.55,2.43,0.00,38.76,9.99
JOR,2004,IPUMS,1502,5.37,4.67,21.54,28.87,44.92,4.67,7.74,65.93,6.59,11.09,3.98,0.00,33.88,5.46
JOR,2007,DHS,2407,5.27,5.28,20.53,29.24,44.95,5.28,6.70,67.12,6.50,10.39,4.01,0.00,35.85,5.69
JOR,2009,DHS,4698,5.09,4.60,22.24,31.31,41.84,4.60,6.93,66.76,7.36,9.74,4.60,0.00,34.49,5.20
JOR,2012,DHS,5339,5.07,4.35,23.01,31.46,41.18,4.35,7.45,67.76,8.06,8.68,3.70,0.00,38.23,5.30
JOR,2015,DYB,4789,,6.03,25.65,33.17,35.15,6.03,,,,,,,,
JOR,2017,DHS,7364,4.72,4.36,25.76,34.91,34.97,4.36,8.45,67.52,7.64,9.94,2.08,0.02,39.36,5.43
JOR,2023,DHS,9210,4.76,4.43,22.92,37.06,35.59,4.43,6.78,69.77,9.04,8.34,1.63,0.00,40.63,4.70
JPN,2000,DYB,1490,2.67,27.60,43.94,23.71,4.76,27.60,18.89,31.89,7.65,,,13.98,,
JPN,2005,DYB,1482,2.55,29.47,45.29,21.51,3.73,29.47,19.64,29.85,8.38,,,12.66,,
JPN,2010,DYB,4788,2.42,32.38,45.42,19.35,2.85,32.38,19.76,27.85,8.72,,,11.29,,
JPN,2015,DYB,7042,2.33,34.53,45.45,17.76,2.25,34.53,20.10,26.79,8.90,,,9.67,,
JPN,2020,DYB,7113,2.21,37.97,44.67,15.72,1.64,37.97,20.03,25.04,8.98,,,7.98,,
KAZ,1995,DHS,1826,3.81,11.63,36.09,34.19,18.10,11.63,11.05,40.10,8.95,26.43,1.84,0.00,31.88,16.84
KAZ,1999,DHS,1669,3.61,13.14,38.74,32.64,15.47,13.14,12.93,42.23,10.12,20.82,0.73,0.02,29.71,14.56
KAZ,2006,MICS,1882,3.52,13.01,40.96,32.43,13.61,13.01,11.60,39.10,11.63,24.38,0.27,0.00,37.45,17.07
KAZ,2009,DYB,2406,3.50,14.57,38.32,30.97,16.14,14.57,8.60,32.41,11.86,,,32.56,,
KAZ,2010,MICS,5006,3.45,15.75,40.49,29.79,13.98,15.75,11.78,36.28,10.14,25.21,0.84,0.00,37.53,17.34
KAZ,2015,MICS,5666,3.44,15.53,41.39,28.08,15.01,15.53,13.69,33.23,9.63,27.18,0.73,0.01,37.71,19.07
KAZ,2021,DYB,7203,,15.39,43.18,27.36,14.06,15.39,11.68,27.92,13.88,,,31.12,,
KAZ,2024,MICS,7606,3.03,23.64,42.15,22.40,11.82,23.64,17.13,30.00,8.80,19.61,0.83,0.00,27.86,12.18
KEN,1969,IPUMS,1058,5.34,12.55,23.08,22.98,41.39,12.55,3.96,19.86,12.45,30.37,20.82,0.00,18.22,10.11
KEN,1989,IPUMS,1315,4.90,14.05,23.62,24.23,38.10,14.05,4.03,25.50,16.11,31.08,9.02,0.20,,
KEN,1993,DHS,1823,4.80,14.48,23.14,25.25,37.13,14.48,4.17,29.38,14.62,31.27,6.01,0.07,22.52,15.39
KEN,1998,DHS,1824,4.29,15.78,26.20,28.31,29.71,15.78,5.25,31.04,15.37,26.45,6.01,0.09,19.13,11.91
KEN,1999,IPUMS,1128,4.43,14.46,27.18,27.37,31.00,14.46,4.60,24.99,14.23,33.45,8.26,0.00,,
KEN,2003,DHS,1692,4.36,13.99,26.41,29.71,29.89,13.99,4.96,32.66,14.72,27.14,6.45,0.08,20.49,12.59
KEN,2009,DHS,4689,4.21,14.88,28.20,30.31,26.61,14.88,5.07,31.15,15.40,28.56,4.84,0.10,20.57,12.72
KEN,2009,IPUMS,2409,4.29,16.61,26.48,28.17,28.74,16.61,4.32,29.60,14.36,28.26,6.85,0.00,19.78,11.08
KEN,2014,DHS,5780,3.92,19.29,28.01,29.73,22.97,19.29,4.85,31.98,14.19,24.93,4.76,0.00,18.00,11.18
KEN,2015,DHS,5811,3.64,21.60,31.06,27.84,19.49,21.60,5.44,29.62,14.91,23.89,4.50,0.04,15.40,9.96
KEN,2019,IPUMS,7103,3.91,20.39,28.58,27.98,23.05,20.39,5.01,28.38,14.20,26.46,0.00,0.11,18.96,9.86
KEN,2020,DHS,7822,3.75,19.43,29.38,31.46,19.73,19.43,6.22,32.55,12.43,25.29,4.08,0.00,20.92,11.13
KEN,2022,DHS,9211,3.75,20.49,29.69,29.31,20.51,20.49,5.17,29.78,15.08,24.35,5.12,0.01,20.02,11.82
KGZ,1997,DHS,1782,4.65,8.03,24.60,34.44,32.93,8.03,6.05,44.84,7.69,32.39,1.00,0.00,37.23,24.10
KGZ,1999,IPUMS,336,4.41,9.34,27.16,34.55,28.95,9.34,6.40,45.27,9.01,28.64,1.34,0.00,32.11,17.36
KGZ,2009,IPUMS,2413,4.60,8.55,25.46,35.11,30.88,8.55,5.15,40.40,9.03,35.25,1.62,0.00,41.35,21.18
KGZ,2012,DHS,5457,4.21,8.21,30.82,36.13,24.85,8.21,6.82,34.68,8.62,41.04,0.63,0.00,41.81,26.04
KGZ,2014,MICS,5577,4.30,8.45,29.84,34.24,27.47,8.45,7.99,36.11,8.59,38.42,0.44,0.00,42.84,28.52
KGZ,2018,MICS,7582,4.05,12.34,31.31,31.38,24.97,12.34,8.63,32.52,8.33,37.85,0.33,0.00,42.04,27.52
KGZ,2023,MICS,9227,4.20,11.11,31.12,29.02,28.75,11.11,9.21,34.59,8.90,35.64,0.55,0.00,40.87,26.37
KHM,1998,IPUMS,269,5.17,2.57,22.52,33.89,41.02,2.57,3.80,49.99,12.17,29.83,1.62,0.00,25.31,12.54
KHM,2000,DHS,1825,5.37,1.87,18.06,35.59,44.48,1.87,2.30,53.66,9.32,31.38,1.36,0.12,36.79,19.64
KHM,2004,IPUMS,198,4.88,2.72,25.13,36.59,35.56,2.72,4.16,49.90,11.74,30.32,1.15,0.00,36.21,17.53
KHM,2005,DHS,1812,4.96,2.95,22.10,38.56,36.39,2.95,3.55,49.88,8.28,33.45,1.83,0.06,38.71,21.57
KHM,2008,IPUMS,2311,4.68,3.55,26.81,38.86,30.78,3.55,4.67,50.91,10.08,29.32,1.46,0.00,34.71,15.42
KHM,2010,DHS,4951,4.75,2.83,24.01,42.28,30.88,2.83,3.74,48.20,7.30,36.39,1.52,0.01,41.92,23.54
KHM,2013,IPUMS,5515,4.64,2.71,25.43,43.12,28.74,2.71,4.65,52.54,8.15,31.42,0.53,0.00,46.23,20.01
KHM,2014,DHS,5566,4.61,3.37,25.65,43.08,27.90,3.37,4.84,45.13,6.00,39.55,1.10,0.00,42.36,26.18
KHM,2019,IPUMS,7950,4.26,4.80,30.70,43.27,21.23,4.80,6.22,46.07,7.92,33.36,1.63,0.00,38.44,20.79
KHM,2021,DHS,7793,4.12,5.48,31.79,43.42,19.30,5.48,7.98,42.20,6.14,37.12,1.07,0.00,38.50,24.24
KIR,2018,MICS,7823,5.90,3.71,19.05,30.34,46.90,3.71,4.32,26.70,4.58,51.05,9.64,0.00,46.13,34.71
KOR,2005,DYB,1659,2.88,19.96,43.09,34.69,2.26,19.96,14.22,42.18,8.62,,,15.02,,
KOR,2010,DYB,4790,,23.89,45.57,28.70,1.85,23.89,15.41,37.00,9.19,,,14.51,,
KOR,2015,DYB,7114,2.53,27.23,47.59,23.70,1.48,27.23,15.60,32.18,10.78,,,14.21,,
KOR,2020,DYB,7115,2.34,31.75,48.10,19.27,0.89,31.75,16.81,29.08,9.73,,,12.62,,
LAO,1995,IPUMS,1636,6.02,1.25,14.39,30.01,54.35,1.25,2.88,47.25,5.06,41.25,2.29,0.01,,
LAO,2000,MICS,4440,5.96,0.61,13.17,33.38,52.84,0.61,2.24,50.33,4.66,40.54,0.00,1.61,39.85,26.50
LAO,2005,IPUMS,1054,5.77,1.22,15.01,34.80,48.97,1.22,2.52,49.56,4.89,0.00,0.00,0.00,,
LAO,2006,MICS,2415,5.62,0.87,15.15,37.84,46.14,0.87,2.51,52.61,4.45,39.36,0.10,0.11,43.26,30.45
LAO,2011,MICS,5062,5.17,2.09,20.33,40.00,37.58,2.09,3.56,46.96,4.33,42.64,0.41,0.02,44.05,31.39
LAO,2015,IPUMS,5981,5.30,2.30,19.44,38.59,39.67,2.30,3.65,43.55,4.85,43.56,1.22,0.87,48.13,31.53
LAO,2017,MICS,7348,4.70,3.18,24.80,42.59,29.43,3.18,5.57,45.31,5.06,40.51,0.37,0.00,43.90,29.73
LAO,2023,MICS,9224,4.44,4.05,28.31,42.49,25.15,4.05,6.67,39.94,6.32,42.74,0.26,0.01,48.13,32.10
LBR,2007,DHS,647,5.04,7.33,22.95,33.96,35.76,7.33,3.41,29.65,8.72,46.90,3.84,0.15,25.97,21.13
LBR,2008,IPUMS,2425,5.11,9.85,24.90,26.76,38.49,9.85,4.19,27.88,12.10,38.83,7.14,0.00,25.36,12.76
LBR,2009,DHS,4690,5.58,7.05,19.66,28.88,44.42,7.05,3.01,25.54,7.40,51.91,4.91,0.19,29.90,26.71
LBR,2011,DHS,5079,4.50,12.64,28.32,29.20,29.84,12.64,4.22,24.26,9.30,33.41,16.10,0.06,19.38,16.89
LBR,2013,DHS,5469,4.95,9.67,24.81,28.74,36.78,9.67,4.26,24.91,7.40,48.09,5.68,0.01,25.36,21.48
LBR,2019,DHS,7832,4.58,12.00,26.41,29.63,31.97,12.00,4.39,25.37,9.93,40.13,8.19,0.00,25.06,20.13
LBR,2022,DHS,9212,5.02,8.09,25.82,30.51,35.58,8.09,4.13,24.04,8.87,47.22,7.65,0.00,30.81,24.19
LCA,2012,MICS,5027,2.89,26.79,41.93,21.72,9.56,26.79,11.86,22.55,15.04,21.50,2.26,0.00,29.06,11.18
LIE,2011,DYB,4830,2.32,34.17,44.75,19.50,1.58,34.17,23.55,29.52,7.46,,,5.30,,
LIE,2016,DYB,7128,2.26,35.13,45.30,18.25,1.31,35.13,24.63,28.15,7.57,,,4.51,,
LIE,2021,DYB,7129,2.21,36.13,45.93,16.70,1.23,36.13,25.23,26.02,7.56,,,5.05,,
LSO,1996,IPUMS,1066,4.96,10.06,21.59,29.10,39.26,10.06,4.43,34.24,10.64,33.05,7.57,0.00,37.54,17.32
LSO,2000,MICS,1920,4.42,11.52,27.80,30.36,30.33,11.52,,,,,,,,
LSO,2004,DHS,1808,3.90,16.06,31.74,30.15,22.05,16.06,3.70,12.36,10.73,50.73,6.41,0.02,27.44,18.46
LSO,2006,DYB,1425,4.41,,,,,,,,,,,,,
LSO,2006,IPUMS,1425,4.27,15.12,26.67,29.52,28.69,15.12,4.66,23.63,10.33,38.50,7.77,0.00,34.25,19.14
LSO,2009,DHS,4947,3.59,18.73,35.08,28.98,17.20,18.73,3.89,11.14,9.04,51.63,5.49,0.08,24.20,17.75
LSO,2014,DHS,5769,3.34,20.66,37.91,27.90,13.52,20.66,3.98,11.65,9.40,48.90,5.38,0.02,22.73,15.75
LSO,2018,MICS,7583,3.73,17.99,33.47,30.35,18.19,17.99,4.52,21.02,10.98,36.91,8.58,0.00,30.77,19.44
LSO,2023,DHS,9437,2.99,26.99,39.29,24.32,9.41,26.99,3.67,11.70,11.47,41.30,4.85,0.02,22.80,13.92
LTU,2001,DYB,326,2.55,28.65,45.76,22.92,2.67,28.65,16.34,21.55,4.82,,,28.64,,
LTU,2011,DYB,4831,2.38,31.67,47.50,18.98,1.85,31.67,17.97,14.36,4.53,,,31.46,,
LTU,2021,DYB,7130,2.29,35.16,45.81,17.04,1.99,35.16,19.78,17.55,4.47,,,23.05,,
LUX,2001,DYB,273,2.51,29.30,45.26,22.81,2.63,29.30,,,,,,,,
LUX,2001,LFS,9512,2.52,29.28,45.11,23.05,2.57,29.28,,,,,,,,
LUX,2011,DYB,4832,2.41,33.34,43.27,20.88,2.51,33.34,19.70,30.27,7.97,,,8.72,,
LUX,2021,DYB,7320,2.53,28.88,46.25,21.46,3.41,28.88,20.21,28.67,9.10,,,13.14,,
LVA,2000,DYB,1661,2.66,24.98,48.69,22.04,4.30,24.98,15.46,30.14,20.29,,,9.13,,
LVA,2001,LFS,9511,2.44,31.25,46.57,19.54,2.64,31.25,,,,,,,,
LVA,2011,DYB,4829,2.38,34.42,45.42,17.04,3.13,34.42,15.07,24.31,18.46,,,7.75,,
LVA,2021,DYB,7127,2.26,41.08,40.80,14.41,3.70,41.08,11.23,16.57,22.07,,,9.04,,
MAC,2011,DYB,4781,3.08,15.22,46.54,38.24,,15.22,14.00,38.18,8.59,,,24.02,,
MAC,2016,DYB,9481,3.07,15.13,48.16,31.06,5.64,15.13,14.60,36.50,9.00,,,24.77,,
MAF,2015,DYB,7638,2.56,29.33,46.11,20.58,3.97,29.33,13.45,23.95,21.12,,,12.15,,
MAF,2021,DYB,9359,2.44,31.25,47.33,18.55,2.87,31.25,15.71,22.18,21.31,,,9.56,,
MAR,1982,IPUMS,1227,5.90,7.22,19.02,22.94,50.82,7.22,5.33,40.77,6.79,33.19,6.46,0.24,,
MAR,1992,DHS,1797,6.02,5.22,17.26,24.38,53.15,5.22,4.50,42.12,7.11,36.02,4.95,0.09,46.36,22.28
MAR,1994,IPUMS,230,5.83,5.95,18.98,25.00,50.08,5.95,4.79,44.71,7.14,27.07,10.27,0.07,43.89,18.51
MAR,2003,DHS,1866,5.36,4.54,19.39,33.75,42.32,4.54,4.10,48.39,8.36,30.91,3.55,0.14,48.74,19.37
MAR,2004,IPUMS,376,5.24,5.88,21.48,31.96,40.68,5.88,4.34,46.41,10.08,27.55,5.74,0.00,47.41,17.33
MAR,2014,IPUMS,4718,4.58,7.20,26.18,37.94,28.68,7.20,6.23,50.99,7.28,25.23,2.40,0.67,43.50,15.22
MAR,2024,Recensement Général de la Population et de l’Habitat 2024,7172,3.97,11.10,31.70,,,11.10,,,,,,,,
MCO,2016,DYB,7131,2.13,37.69,46.90,14.47,0.94,37.69,,,,,,,,
MDA,2000,MICS,2900,3.09,17.03,43.54,32.79,6.64,17.03,,,,,,,,
MDA,2004,DYB,845,2.99,20.25,44.10,29.97,5.67,20.25,19.50,44.90,12.44,,,2.91,,
MDA,2005,DHS,1820,2.82,20.03,49.31,26.17,4.49,20.03,18.37,31.73,10.99,18.27,0.56,0.05,27.68,10.84
MDA,2012,MICS,5013,2.54,25.11,51.42,20.87,2.60,25.11,21.58,25.38,9.97,15.39,1.63,0.95,23.15,8.37
MDA,2014,DYB,4839,2.89,22.64,43.62,27.87,5.87,22.64,15.19,33.10,10.42,,,18.65,,
MDG,1992,DHS,1708,5.18,6.57,24.40,29.17,39.86,6.57,5.58,41.63,9.05,31.48,5.66,0.02,25.62,17.03
MDG,1997,DHS,1729,4.91,6.68,26.06,30.69,36.57,6.68,6.21,44.75,8.83,29.35,4.15,0.03,24.30,16.10
MDG,2000,MICS,1891,5.10,3.67,24.57,34.60,37.16,3.67,,,,,,,,
MDG,2004,DHS,1734,4.66,7.22,27.78,33.52,31.48,7.22,5.93,46.52,9.99,27.46,2.80,0.08,21.48,15.18
MDG,2009,DHS,4691,4.73,7.12,26.85,32.65,33.38,7.12,5.73,45.48,8.58,28.50,4.41,0.18,20.18,15.32
MDG,2011,DHS,5080,4.95,5.34,25.30,33.14,36.22,5.34,4.87,46.46,9.68,29.68,3.97,0.00,22.28,17.39
MDG,2018,MICS,7586,4.50,7.11,29.97,34.64,28.28,7.11,6.28,47.65,9.53,25.91,3.52,0.00,21.39,14.51
MDG,2021,DHS,7833,4.32,8.12,31.05,35.35,25.47,8.12,5.98,44.09,10.42,25.92,5.46,0.00,21.34,14.90
MDV,2009,DHS,4699,6.36,2.81,14.10,29.50,53.59,2.81,3.72,26.67,5.59,46.87,14.09,0.23,53.83,36.07
MDV,2014,DYB,4792,5.33,8.37,22.39,30.01,39.23,8.37,,,,,,,,
MDV,2017,DHS,5953,5.40,4.49,22.28,33.50,39.73,4.49,5.58,23.89,9.03,51.21,5.75,0.05,54.15,35.86
MEX,1970,IPUMS,1015,5.83,4.32,21.56,25.07,49.05,4.32,6.33,50.54,8.34,13.01,3.81,13.65,,
MEX,1990,IPUMS,1350,4.93,4.87,24.99,35.34,34.81,4.87,6.09,52.04,8.78,15.53,4.07,8.61,29.29,8.88
MEX,1995,IPUMS,4466,4.57,5.79,27.50,38.87,27.83,5.79,6.71,53.38,8.01,23.42,2.44,0.24,,
MEX,2000,IPUMS,226,4.29,6.44,30.93,39.78,22.85,6.44,7.64,51.61,9.10,22.46,2.20,0.57,31.37,13.11
MEX,2010,IPUMS,5271,3.90,9.42,34.74,39.09,16.75,9.42,9.16,44.40,9.89,24.04,1.45,1.63,34.82,15.22
MEX,2015,IPUMS,7250,3.74,10.08,37.68,37.75,14.49,10.08,10.20,41.60,10.16,24.72,1.65,1.59,35.98,15.73
MEX,2015,MICS,7339,3.75,7.37,39.26,39.73,13.65,7.37,10.44,45.79,11.50,24.03,0.88,0.00,35.43,16.28
MEX,2020,IPUMS,7280,3.59,12.19,39.40,35.48,12.93,12.19,11.27,39.41,11.12,24.52,1.44,0.06,37.38,15.97
MKD,2005,MICS,1902,4.99,0.69,13.85,56.47,28.98,0.69,2.94,63.41,3.56,29.35,0.05,0.00,66.16,25.04
MKD,2011,MICS,5035,3.67,9.65,38.92,35.91,15.51,9.65,16.36,39.07,5.41,28.63,0.53,0.36,51.76,23.81
MKD,2019,MICS,7584,3.45,11.85,42.72,31.94,13.50,11.85,18.02,32.54,7.01,30.01,0.58,0.00,51.47,23.08
MLI,1987,IPUMS,1324,5.65,6.01,25.77,25.92,42.30,6.01,7.52,32.73,6.64,43.03,3.91,0.17,,
MLI,1996,DHS,1715,5.60,5.58,24.57,27.14,42.71,5.58,8.10,43.13,3.35,35.68,4.15,0.01,19.37,11.00
MLI,1998,IPUMS,904,6.06,4.46,23.50,25.06,46.98,4.46,7.08,35.99,6.45,39.34,6.21,0.47,,
MLI,2001,DHS,1714,5.33,7.35,25.78,27.01,39.86,7.35,7.56,40.95,6.08,33.62,4.37,0.07,15.78,8.68
MLI,2006,DHS,1682,5.69,5.04,22.12,28.06,44.78,5.04,5.79,42.49,5.40,36.44,4.84,0.00,20.68,11.71
MLI,2009,IPUMS,2441,6.16,5.07,21.22,24.78,48.93,5.07,5.82,35.21,6.27,42.20,5.42,0.00,25.12,13.55
MLI,2010,MICS,5011,9.49,4.54,11.29,18.32,65.85,4.54,1.97,22.66,3.09,55.03,12.54,0.18,43.90,35.44
MLI,2012,DHS,5460,5.67,3.21,20.63,30.65,45.51,3.21,4.42,49.65,5.54,33.77,3.37,0.05,19.55,10.30
MLI,2015,MICS,5677,8.41,1.69,10.22,21.59,66.50,1.69,2.20,34.93,2.66,55.09,3.43,0.00,44.22,31.13
MLI,2018,DHS,7626,5.81,3.11,20.29,30.32,46.28,3.11,4.82,46.73,8.23,34.37,2.73,0.01,23.07,14.93
MLI,2021,DHS,9190,9.54,1.84,7.88,18.42,71.86,1.84,1.57,29.39,2.58,57.35,7.25,0.02,49.95,38.21
MLI,2024,DHS,9450,8.93,3.67,9.66,19.81,66.87,3.67,1.91,25.89,3.03,56.79,8.72,0.00,41.99,34.01
MLT,1995,DYB,223,3.12,14.83,43.57,36.87,4.73,14.83,,,,,,,,
MLT,2005,DYB,286,2.86,18.93,47.71,30.15,3.21,18.93,,,,,,,,
MLT,2011,DYB,5313,2.67,22.64,49.28,25.60,2.47,22.64,20.17,39.85,9.28,,,8.06,,
MLT,2021,DYB,7321,2.36,32.51,47.36,17.99,2.14,32.51,18.65,27.92,8.51,,,12.41,,
MMR,2000,MICS,4442,5.07,1.68,22.67,38.40,37.25,1.68,,,,,,,,
MMR,2014,IPUMS,5295,4.40,4.61,32.31,37.84,25.24,4.61,6.78,41.95,8.89,33.53,4.24,0.00,41.64,19.87
MMR,2016,DHS,6084,4.22,5.35,33.49,39.14,22.01,5.35,7.31,40.57,8.52,36.82,1.41,0.01,45.08,23.02
MNE,2005,MICS,2456,3.81,11.55,30.49,42.76,15.20,11.55,8.97,48.67,8.48,22.17,0.05,0.11,47.90,17.87
MNE,2011,DYB,5314,3.21,18.13,39.58,33.35,8.94,18.13,13.42,45.51,12.08,,,10.86,,
MNE,2013,MICS,5015,3.41,15.64,37.48,35.74,11.14,15.64,12.42,43.44,7.57,20.14,0.79,0.00,43.74,13.46
MNE,2018,MICS,7589,3.29,15.39,41.35,34.11,9.15,15.39,14.32,40.35,8.36,21.02,0.56,0.00,43.69,12.65
MNG,1989,IPUMS,867,4.46,9.30,27.74,32.45,30.51,9.30,6.19,49.78,8.54,24.10,2.09,0.00,24.18,10.25
MNG,2000,IPUMS,871,4.32,6.61,28.72,40.34,24.33,6.61,4.57,49.06,9.06,27.74,2.96,0.00,28.02,12.53
MNG,2010,IPUMS,4793,3.58,10.64,39.23,38.63,11.50,10.64,7.46,44.13,10.69,24.47,2.61,0.00,27.34,10.78
MNG,2010,MICS,5014,3.57,8.96,41.08,39.99,9.97,8.96,9.29,49.60,9.68,22.06,0.39,0.03,28.59,12.21
MNG,2013,MICS,5579,3.45,10.44,41.99,38.78,8.79,10.44,10.83,46.79,9.57,22.14,0.24,0.01,28.19,12.16
MNG,2018,MICS,7588,3.63,8.96,39.89,39.09,12.06,8.96,11.36,44.94,7.98,26.27,0.50,0.00,29.79,15.38
MNG,2020,IPUMS,7210,3.43,19.70,33.09,33.85,13.36,19.70,5.99,36.77,14.46,21.23,1.85,0.00,30.16,11.47
MOZ,1997,DHS,1767,4.62,9.60,30.21,28.50,31.69,9.60,8.39,36.43,7.46,35.43,2.67,0.01,15.85,11.95
MOZ,1997,IPUMS,1414,4.19,10.36,34.96,29.51,25.17,10.36,9.29,32.44,13.85,,,0.00,14.81,9.98
MOZ,2003,DHS,1758,4.86,6.65,27.52,30.88,34.96,6.65,7.35,36.88,8.08,37.71,3.29,0.04,19.19,15.04
MOZ,2007,IPUMS,1267,4.36,10.07,30.89,30.84,28.19,10.07,7.67,37.57,13.90,28.92,1.86,0.00,15.65,10.68
MOZ,2008,MICS,4871,4.60,7.96,29.25,31.37,31.42,7.96,6.89,39.45,10.37,30.25,5.04,0.03,16.47,12.27
MOZ,2009,DHS,4693,4.27,9.52,31.23,31.68,27.58,9.52,6.87,35.99,12.98,32.09,2.55,0.00,12.39,10.91
MOZ,2011,DHS,5064,4.37,9.85,30.96,30.10,29.09,9.85,7.14,33.51,11.52,35.37,2.61,0.00,14.88,12.59
MOZ,2017,IPUMS,7173,4.37,9.73,30.00,30.81,29.46,9.73,6.89,37.56,13.48,29.86,2.48,0.01,15.35,9.93
MOZ,2018,DHS,7627,4.52,8.41,27.68,33.48,30.44,8.41,5.84,35.16,11.56,35.86,3.16,0.01,18.14,15.61
MOZ,2022,DHS,7843,4.63,9.22,24.93,33.98,31.87,9.22,5.28,37.47,10.75,33.55,3.72,0.01,18.04,13.50
MRT,2007,MICS,2443,5.75,4.69,19.14,27.99,48.18,4.69,3.53,38.42,11.85,38.56,2.79,0.16,36.63,19.98
MRT,2011,MICS,5012,5.97,3.20,17.49,28.16,51.14,3.20,3.02,40.44,9.51,41.14,2.68,0.00,40.31,23.05
MRT,2015,MICS,5638,5.77,3.97,18.77,28.91,48.35,3.97,2.94,37.66,15.33,38.43,1.68,0.01,37.72,22.86
MUS,1990,IPUMS,1559,4.47,5.16,27.47,42.02,25.36,5.16,6.42,53.29,8.58,25.39,1.13,0.03,38.34,14.03
MUS,2000,IPUMS,1445,3.95,6.17,32.83,46.60,14.41,6.17,8.08,53.50,8.36,23.27,0.61,0.02,40.10,13.32
MUS,2011,IPUMS,5259,3.51,9.75,40.05,41.40,8.79,9.75,10.95,47.14,9.23,22.43,0.45,0.04,40.99,12.46
MUS,2022,DYB,7170,3.27,12.41,45.28,34.67,7.63,12.41,13.87,37.80,9.74,,,26.17,,
MWI,1987,IPUMS,1245,4.26,10.82,34.69,28.08,26.40,10.82,9.14,31.86,12.26,30.60,5.32,0.00,,
MWI,1992,DHS,1834,4.47,7.87,32.18,30.20,29.75,7.87,8.83,37.92,10.45,30.38,4.50,0.05,16.79,12.49
MWI,1998,IPUMS,1468,4.34,8.58,34.28,29.80,27.34,8.58,9.25,36.53,11.04,29.68,4.92,0.00,,
MWI,2000,DHS,1833,4.40,8.00,32.06,31.52,28.42,8.00,7.00,38.28,9.76,33.62,3.32,0.02,16.10,12.71
MWI,2004,DHS,1885,4.39,8.38,29.99,33.47,28.16,8.38,6.34,38.69,9.44,34.37,2.75,0.03,14.19,11.55
MWI,2006,MICS,1845,4.29,7.60,31.89,34.51,26.01,7.60,6.42,43.24,10.60,30.46,1.59,0.10,12.35,9.67
MWI,2008,IPUMS,2434,4.52,7.18,29.47,33.52,29.83,7.18,6.32,44.00,10.45,29.84,2.21,0.00,,
MWI,2010,DHS,4692,4.64,6.77,25.99,34.88,32.35,6.77,4.24,40.00,10.32,35.95,2.69,0.02,16.39,13.00
MWI,2014,DHS,5793,4.12,9.03,31.64,36.34,22.98,9.03,6.34,43.02,11.17,29.57,0.85,0.00,11.59,8.34
MWI,2014,MICS,5582,4.52,7.38,27.20,34.91,30.51,7.38,4.64,43.36,11.11,31.44,2.01,0.07,16.12,11.91
MWI,2015,DHS,5952,4.51,6.45,28.10,35.56,29.90,6.45,4.71,38.58,12.30,35.46,2.51,0.00,17.31,13.00
MWI,2018,IPUMS,7167,4.40,7.88,29.57,34.36,28.19,7.88,5.44,42.76,12.75,28.65,2.52,0.00,17.44,9.40
MWI,2020,MICS,7834,4.28,7.20,30.06,37.64,25.10,7.20,4.80,40.30,14.66,31.85,1.19,0.00,18.23,12.13
MWI,2024,DHS,9453,4.23,7.25,31.46,38.06,23.24,7.25,3.99,35.00,15.89,35.98,1.88,0.00,19.62,15.19
MYS,1970,IPUMS,1540,4.76,8.64,28.49,27.18,35.68,8.64,7.02,44.20,12.13,20.05,7.96,0.00,,
MYS,1980,IPUMS,1205,5.12,8.92,21.52,29.37,40.18,8.92,4.99,41.18,6.91,29.79,8.21,0.00,32.24,17.33
MYS,1991,IPUMS,1466,4.79,7.61,24.40,33.37,34.61,7.61,6.06,45.26,6.47,27.17,7.43,0.00,31.58,15.02
MYS,2000,IPUMS,1612,4.56,7.14,25.64,37.86,29.36,7.14,7.20,52.57,5.25,21.84,5.99,0.00,31.81,12.13
NAM,1992,DHS,1799,6.00,8.64,22.27,22.84,46.26,8.64,5.84,14.22,5.87,46.25,19.12,0.07,33.46,25.34
NAM,2000,DHS,1807,5.06,9.40,27.23,26.07,37.31,9.40,4.84,14.82,8.32,47.34,15.21,0.08,29.42,23.32
NAM,2007,DHS,43,4.50,14.47,28.82,26.53,30.18,14.47,4.74,15.56,8.83,45.72,10.57,0.12,27.80,20.50
NAM,2013,DHS,5616,4.24,17.45,29.84,25.56,27.16,17.45,5.71,11.89,8.41,46.64,9.78,0.12,25.62,19.07
NCL,2004,DYB,1367,,17.45,38.67,28.23,15.65,17.45,,,,,,,,
NER,1992,DHS,1731,6.27,4.52,21.25,25.28,48.95,4.52,5.89,33.99,2.57,47.17,4.47,1.40,26.87,21.03
NER,1998,DHS,1680,5.94,4.81,22.07,25.59,47.52,4.81,5.45,35.81,5.21,43.42,5.31,0.00,24.35,19.51
NER,2000,MICS,1923,5.98,2.98,20.70,28.28,48.05,2.98,,,,,,,,
NER,2006,DHS,1736,6.09,3.68,19.00,28.71,48.61,3.68,4.26,37.86,9.07,43.86,1.23,0.04,24.69,19.17
NER,2012,DHS,5413,5.92,3.19,19.86,28.99,47.96,3.19,4.81,45.39,8.50,37.36,0.74,0.02,16.20,12.13
NER,2021,DHS,9198,6.38,2.39,18.43,24.98,54.20,2.39,5.30,42.61,5.93,42.86,0.91,0.00,26.91,17.74
NGA,1990,DHS,1742,5.39,11.00,23.27,24.65,41.08,11.00,5.86,34.60,6.86,38.59,3.07,0.02,23.83,11.71
NGA,1999,DHS,1828,5.00,11.30,24.42,27.71,36.56,11.30,5.86,39.03,8.56,32.14,2.59,0.52,22.73,8.71
NGA,2003,DHS,1884,4.98,11.67,26.14,25.31,36.89,11.67,6.24,34.20,7.08,37.56,3.20,0.05,24.95,12.09
NGA,2006,IPUMS,5887,4.41,15.74,25.32,29.58,29.36,15.74,6.51,44.56,8.08,24.43,0.67,0.00,20.71,4.77
NGA,2007,IPUMS,5884,4.55,15.17,24.77,28.46,31.61,15.17,6.25,42.60,8.18,26.33,0.92,0.55,19.63,5.04
NGA,2007,MICS,2478,4.67,13.23,25.86,27.31,33.61,13.23,6.82,45.83,6.83,26.34,0.93,0.02,22.29,6.20
NGA,2008,DHS,4695,4.43,17.79,26.23,25.55,30.43,17.79,5.98,34.19,8.39,31.10,2.50,0.04,19.90,8.85
NGA,2008,IPUMS,5886,4.79,13.86,22.04,28.68,35.43,13.86,5.51,48.17,7.67,23.86,0.79,0.14,22.78,4.51
NGA,2009,IPUMS,5885,4.44,16.25,25.24,28.62,29.89,16.25,6.23,43.70,8.09,25.10,0.64,0.00,20.19,3.54
NGA,2010,DHS,5081,5.20,10.54,22.34,27.62,39.50,10.54,4.91,38.40,6.80,37.59,1.75,0.03,23.59,11.71
NGA,2010,IPUMS,5446,4.39,14.27,26.53,29.76,29.45,14.27,7.48,49.51,8.54,18.90,0.73,0.57,23.99,3.46
NGA,2011,MICS,5018,5.03,9.68,24.32,28.46,37.54,9.68,5.67,45.72,6.94,30.43,1.55,0.01,23.59,8.79
NGA,2013,DHS,5447,4.60,15.78,26.13,25.88,32.21,15.78,6.19,36.49,7.97,31.18,2.38,0.02,19.75,9.13
NGA,2015,DHS,5931,4.90,11.51,25.53,27.86,35.10,11.51,5.93,42.14,6.92,32.04,1.46,0.00,21.32,9.86
NGA,2016,MICS,5640,5.37,10.72,22.02,26.40,40.87,10.72,5.07,43.89,6.45,32.82,1.05,0.00,24.44,9.38
NGA,2018,DHS,7628,4.66,14.74,25.83,27.67,31.77,14.74,5.80,40.34,9.30,28.19,1.63,0.00,19.78,7.91
NGA,2021,DHS,9197,5.33,9.63,23.26,28.07,39.04,9.63,5.60,42.03,7.09,33.07,2.56,0.02,25.24,10.49
NGA,2021,MICS,7849,5.10,11.34,22.57,28.23,37.86,11.34,4.91,43.88,8.48,29.72,1.67,0.00,27.76,9.48
NGA,2024,DHS,9213,4.53,16.93,26.37,26.27,30.43,16.93,5.75,38.20,10.33,26.97,1.82,0.00,19.34,6.90
NIC,1971,IPUMS,1135,5.86,4.21,19.02,25.60,51.17,4.21,4.08,41.18,10.54,28.51,11.15,0.34,29.12,16.70
NIC,1995,IPUMS,1252,5.78,3.81,18.18,30.65,47.35,3.81,3.23,39.68,8.60,36.78,7.89,0.00,34.20,24.43
NIC,1998,DHS,1775,5.53,4.01,19.73,32.76,43.51,4.01,3.51,37.74,8.94,38.56,7.23,0.02,38.09,26.87
NIC,2001,DHS,1759,5.29,3.78,20.95,35.53,39.74,3.78,3.34,39.42,9.04,36.53,7.76,0.13,38.68,25.56
NIC,2005,IPUMS,1189,4.92,4.59,26.37,35.96,33.08,4.59,4.64,40.42,9.93,34.00,6.43,0.00,36.14,22.25
NLD,2001,LFS,9513,2.31,31.98,47.42,19.14,1.47,31.98,,,,,,,,
NLD,2011,LFS,9514,2.23,35.11,45.53,18.01,1.35,35.11,,,,,,,,
NOR,2001,DYB,1248,2.29,37.70,41.01,19.55,1.74,37.70,21.03,30.03,8.27,,,2.97,,
NOR,2011,DYB,4836,2.22,39.58,40.73,18.13,1.56,39.58,21.41,27.08,8.38,,,3.55,,
NPL,1996,DHS,1801,5.51,3.19,18.81,33.94,44.06,3.19,4.55,40.18,7.38,42.28,2.41,0.01,39.89,29.16
NPL,2001,DHS,1800,5.29,3.98,19.63,35.38,41.01,3.98,4.58,39.57,9.14,40.92,1.81,0.00,37.54,28.79
NPL,2001,IPUMS,287,5.38,4.02,18.36,34.83,42.80,4.02,4.35,42.32,6.94,0.00,0.00,0.00,40.87,27.52
NPL,2006,DHS,1851,4.85,5.05,25.41,36.96,32.59,5.05,5.44,33.25,12.43,41.58,2.25,0.00,36.28,28.71
NPL,2011,DHS,5065,4.45,4.89,30.82,37.33,26.96,4.89,6.96,29.98,15.06,41.18,1.92,0.00,37.28,27.53
NPL,2011,IPUMS,4794,4.84,4.60,25.26,37.87,32.26,4.60,5.48,33.61,10.94,0.00,0.00,0.00,40.88,27.26
NPL,2014,MICS,5672,4.58,4.64,28.83,38.62,27.91,4.64,6.95,33.94,12.06,41.16,1.07,0.18,42.09,29.91
NPL,2016,DHS,6086,4.24,6.45,33.96,36.57,23.02,6.45,8.19,27.45,15.00,41.78,1.14,0.00,39.89,29.57
NPL,2019,MICS,7598,4.25,4.51,33.62,39.81,22.06,4.51,9.45,32.31,11.26,41.72,0.75,0.00,44.30,29.73
NPL,2021,DYB,7212,4.34,5.36,31.83,39.44,23.38,5.35,,,,,,,,
NPL,2022,DHS,9483,3.94,6.69,38.60,37.09,17.63,6.69,9.79,27.14,14.62,40.76,1.01,0.00,41.12,27.72
NPL,2025,MICS,9454,3.82,6.75,41.97,35.38,15.90,6.75,12.18,25.29,14.43,40.88,0.46,0.00,44.12,28.77
NRU,2023,MICS,7845,6.26,8.14,20.83,21.97,49.05,8.14,5.49,27.46,6.63,48.11,3.98,0.19,45.83,31.25
NZL,2001,DYB,1093,2.70,22.69,50.28,22.44,4.59,22.68,24.76,26.91,9.31,,,16.33,,
NZL,2006,DYB,1306,2.70,22.44,50.55,22.37,4.63,22.44,27.34,29.29,11.33,,,9.59,,
NZL,2013,DYB,4862,2.67,22.84,50.52,22.09,4.55,22.84,25.30,26.05,8.75,,,17.06,,
NZL,2018,DYB,7233,2.60,21.85,,,,21.85,24.56,26.27,8.22,,,19.10,,
OMN,2003,DYB,942,8.02,10.62,19.07,18.37,51.94,10.62,,,,,,,,
PAK,1981,IPUMS,1364,4.81,11.20,25.96,26.13,36.70,11.20,6.83,40.87,3.35,35.00,2.71,0.03,30.84,12.95
PAK,1991,DHS,1827,6.73,2.95,13.45,21.74,61.87,2.95,4.01,46.05,4.08,41.85,1.00,0.06,48.10,27.67
PAK,1998,IPUMS,250,6.82,2.91,15.68,21.37,60.04,2.91,5.72,44.36,4.43,41.39,1.19,0.00,,
PAK,2006,DHS,180,7.15,1.27,10.38,22.66,65.69,1.27,2.47,42.80,6.34,45.89,1.19,0.03,54.51,31.50
PAK,2013,DHS,5461,6.80,1.08,12.88,25.16,60.88,1.08,2.85,38.59,6.43,48.84,2.20,0.01,54.87,33.29
PAK,2017,DYB,5296,0.81,2.21,16.38,26.78,54.63,2.21,,,,,,,,
PAN,1960,IPUMS,920,4.73,13.09,26.06,25.03,35.81,13.09,5.68,31.09,9.92,26.12,14.10,0.00,,
PAN,1970,IPUMS,1178,4.85,12.20,25.41,25.36,37.03,12.20,6.01,33.44,9.13,27.28,11.18,0.76,25.69,15.06
PAN,1980,IPUMS,291,4.69,11.27,26.28,28.42,34.04,11.27,6.09,35.61,9.91,29.77,7.32,0.03,29.59,16.28
PAN,1990,IPUMS,63,4.39,11.70,28.56,32.17,27.57,11.70,6.50,32.96,9.78,29.77,9.30,0.00,30.59,16.30
PAN,2000,IPUMS,1203,3.98,12.74,33.52,33.31,20.43,12.74,7.67,34.20,10.74,28.13,6.51,0.00,31.19,15.92
PAN,2010,IPUMS,4754,3.67,14.66,38.02,31.26,16.06,14.66,9.59,32.52,11.55,25.00,6.69,0.00,31.76,14.26
PAN,2013,MICS,5023,3.64,13.40,38.97,33.14,14.48,13.40,10.32,34.24,11.46,27.12,3.44,0.02,33.28,15.71
PAN,2023,DYB,7283,3.28,18.99,41.54,28.27,11.19,18.99,11.04,30.41,12.20,,,27.35,,
PER,1993,IPUMS,1021,4.58,9.42,26.70,32.20,31.67,9.42,4.76,36.57,11.62,29.09,8.54,0.00,30.63,14.52
PER,1996,DHS,1773,4.86,6.27,23.63,35.08,35.02,6.27,4.39,44.37,8.42,30.90,5.50,0.14,35.84,19.00
PER,2000,DHS,1774,4.53,8.23,26.20,35.96,29.61,8.23,5.44,43.29,8.55,30.16,4.33,0.00,37.88,19.16
PER,2006,DHS,2515,4.01,11.71,31.35,35.77,21.17,11.71,7.01,38.87,9.39,30.79,2.22,0.00,35.90,17.35
PER,2007,IPUMS,354,4.01,11.78,32.91,34.32,20.99,11.78,6.28,35.02,11.66,29.73,5.54,0.00,32.27,14.79
PER,2009,DHS,4702,3.93,11.44,32.92,36.44,19.20,11.44,7.67,41.85,9.46,27.68,1.92,0.00,33.90,16.64
PER,2010,DHS,2516,3.77,13.99,33.43,35.25,17.33,13.99,7.54,40.02,9.97,26.83,1.66,0.00,33.05,15.58
PER,2011,DHS,5373,3.71,13.78,34.87,34.97,16.38,13.78,8.17,39.87,11.05,25.52,1.61,0.00,32.88,14.88
PER,2012,DHS,5555,3.75,12.91,34.68,36.02,16.39,12.91,7.76,40.32,10.91,26.12,1.97,0.00,33.03,15.45
PER,2017,IPUMS,7299,3.46,16.75,37.92,31.78,13.56,16.75,7.86,32.37,13.76,25.52,0.47,0.00,30.19,12.37
PHL,1990,IPUMS,1539,5.21,2.91,21.25,34.42,41.43,2.91,5.25,58.07,5.83,23.19,4.76,0.00,30.55,10.66
PHL,1993,DHS,1836,5.33,2.77,19.95,34.42,42.87,2.77,4.19,53.65,5.26,28.06,6.00,0.07,35.00,16.56
PHL,1995,IPUMS,912,5.07,3.44,22.69,35.33,38.54,3.44,5.59,57.61,6.27,22.21,4.88,0.00,30.56,10.17
PHL,1998,DHS,1837,5.07,4.07,21.80,35.96,38.16,4.07,4.79,49.56,5.49,28.83,7.25,0.00,33.88,16.33
PHL,1999,MICS,4443,4.97,3.57,23.19,37.17,36.08,3.57,5.09,53.88,5.41,26.39,5.67,0.00,32.78,15.07
PHL,2000,IPUMS,1297,4.91,4.15,24.40,35.59,35.86,4.15,6.19,56.40,6.13,22.74,4.38,0.00,32.27,10.56
PHL,2003,DHS,1850,4.82,4.14,25.54,36.77,33.54,4.14,5.66,50.30,6.15,27.27,6.43,0.05,32.80,14.99
PHL,2007,DYB,2518,4.76,5.89,26.14,34.68,33.29,5.89,,,,,,,,
PHL,2008,DHS,4700,4.78,5.25,25.11,36.64,32.99,5.25,5.57,45.40,6.20,31.32,6.24,0.02,35.82,18.45
PHL,2010,IPUMS,5297,4.54,6.05,28.19,36.50,29.26,6.05,6.68,51.42,6.69,25.27,3.89,0.00,33.63,13.39
PHL,2013,DHS,5613,4.74,4.97,25.59,37.36,32.08,4.97,5.24,44.03,6.93,33.80,5.03,0.01,40.26,21.35
PHL,2015,DYB,7116,4.38,7.77,29.83,35.68,26.72,7.77,,,,,,,,
PHL,2017,DHS,7369,4.23,9.18,30.05,36.82,23.95,9.18,6.55,42.23,7.93,30.77,3.34,0.00,35.98,18.26
PHL,2020,DYB,7215,4.12,9.10,32.41,36.00,22.49,9.10,,,,,,,,
PHL,2022,DHS,9195,4.19,8.66,31.61,36.72,23.01,8.66,6.97,40.12,8.92,32.49,2.83,0.00,44.07,19.38
PLW,2005,DYB,2512,,17.10,32.48,29.30,21.12,17.10,,,,,,,,
PNG,1980,IPUMS,879,4.47,9.60,30.80,29.10,30.49,9.60,9.12,48.58,10.65,17.24,4.67,0.13,,
PNG,1990,IPUMS,1606,5.48,4.53,21.81,28.68,44.98,4.53,5.13,39.77,7.55,38.74,4.28,0.00,,
PNG,2000,IPUMS,1546,5.43,4.08,21.97,29.73,44.22,4.08,4.91,43.67,8.20,34.80,4.34,0.00,,
PNG,2011,Papua New Guinea 2011 Census,5321,5.46,,,,,,,,,,,,,
POL,1978,IPUMS,954,3.18,17.29,42.81,31.58,8.31,17.29,13.75,42.58,7.94,,,0.00,,
POL,1988,IPUMS,270,3.05,21.00,40.93,30.60,7.48,21.00,,,,,,,,
POL,2001,LFS,9515,3.06,16.99,46.34,29.57,7.10,16.99,,,,,,,,
POL,2002,IPUMS,943,2.84,24.81,43.07,26.19,5.93,24.81,14.49,36.60,9.96,,,0.00,31.55,8.09
POL,2011,DYB,4837,2.82,24.04,45.92,23.68,6.37,24.04,15.94,30.81,11.44,,,17.77,,
POL,2011,IPUMS,4837,2.50,37.60,37.25,19.84,5.32,37.60,,,,,,,,
POL,2011,LFS,9516,2.81,20.67,49.49,24.80,5.04,20.67,,,,,,,,
POL,2021,DYB,7134,2.92,23.44,44.81,23.45,8.30,23.44,14.86,25.22,9.58,,,26.90,,
PRI,1970,IPUMS,1204,4.25,10.26,32.42,31.80,25.51,10.26,10.06,43.11,9.38,23.47,3.72,0.00,27.93,12.07
PRI,1980,IPUMS,1131,3.66,12.28,38.26,34.59,14.87,12.28,12.63,43.95,10.93,17.85,2.36,0.00,24.99,8.55
PRI,1990,IPUMS,391,3.17,14.49,46.77,31.57,7.17,14.49,13.69,39.14,17.91,10.04,4.72,0.00,14.11,3.89
PRI,2000,IPUMS,1626,2.97,18.42,46.78,29.05,5.75,18.42,15.96,34.54,14.57,14.58,1.93,0.00,26.82,7.32
PRI,2005,IPUMS,7746,2.76,20.87,50.60,24.27,4.26,20.87,18.00,27.67,15.14,15.20,3.11,0.00,26.23,6.49
PRI,2010,IPUMS,4755,2.67,23.06,50.37,23.17,3.40,23.06,18.13,26.55,16.25,13.89,2.13,0.00,26.19,6.51
PRI,2015,IPUMS,9520,2.53,25.55,51.28,20.81,2.36,25.55,18.92,24.34,16.56,12.93,0.95,0.00,25.66,5.74
PRI,2020,IPUMS,9521,2.37,28.59,52.66,17.18,1.57,28.59,20.51,20.88,15.88,12.54,0.73,0.00,25.46,4.94
PRK,2008,DYB,2410,3.93,1.68,32.72,55.42,10.17,1.68,,,,,,,,
PRT,1981,IPUMS,1471,3.35,12.85,46.36,30.01,10.79,12.85,18.62,44.26,5.22,17.09,1.97,0.00,22.60,5.87
PRT,1991,IPUMS,1067,3.11,13.93,49.04,30.54,6.50,13.93,19.80,44.30,5.77,14.38,1.83,0.00,27.86,7.89
PRT,2001,IPUMS,1664,2.80,17.39,53.58,25.79,3.23,17.39,22.06,41.02,6.44,11.49,1.60,0.00,28.81,6.10
PRT,2011,IPUMS,4838,2.61,20.73,55.52,21.54,2.22,20.73,23.84,34.71,8.25,11.17,1.31,0.00,26.63,5.08
PRT,2021,DYB,7323,2.46,24.77,54.89,18.61,1.73,24.77,32.25,24.92,12.19,,,5.87,,
PRY,1962,IPUMS,1051,5.33,11.63,20.57,23.85,43.95,11.63,3.22,29.79,11.06,23.19,21.05,0.06,,
PRY,1972,IPUMS,1461,5.43,6.21,22.20,26.72,44.87,6.21,4.61,35.59,8.91,27.77,16.91,0.00,,
PRY,1982,IPUMS,1384,5.14,5.76,24.80,29.80,39.64,5.76,5.86,42.03,7.79,27.25,11.30,0.00,30.39,13.64
PRY,1990,DHS,1686,5.06,5.63,24.64,31.66,38.07,5.63,5.76,43.46,6.57,28.02,10.50,0.06,32.74,18.10
PRY,1992,IPUMS,1268,4.76,7.43,26.77,31.84,33.96,7.43,6.42,41.04,7.57,25.32,12.22,0.00,26.10,13.36
PRY,2002,IPUMS,1257,4.63,8.09,27.32,33.15,31.44,8.09,5.98,40.41,8.78,28.42,8.32,0.00,31.88,16.36
PRY,2016,MICS,7496,3.87,10.39,36.82,35.01,17.78,10.39,8.27,39.39,9.31,29.15,3.49,0.00,34.53,17.47
PSE,1997,IPUMS,998,6.36,3.51,17.10,22.17,57.23,3.51,6.80,61.96,4.51,22.82,0.41,0.00,33.74,13.51
PSE,2007,IPUMS,2364,5.48,4.37,20.63,26.27,48.74,4.37,8.08,67.79,5.32,12.61,0.18,1.65,30.94,6.91
PSE,2010,MICS,5019,5.93,3.56,15.59,25.27,55.58,3.56,5.30,70.66,5.28,15.20,0.00,0.00,40.14,7.59
PSE,2014,MICS,5563,5.54,3.29,19.78,27.98,48.95,3.29,7.22,71.98,5.07,12.42,0.02,0.00,36.63,8.08
PSE,2017,IPUMS,7214,5.07,4.89,23.22,30.44,41.45,4.89,9.15,69.82,5.31,10.65,0.19,0.00,32.30,6.21
PSE,2020,MICS,7872,5.06,4.31,22.56,31.87,41.26,4.31,7.87,71.58,5.64,10.57,0.03,0.00,34.42,6.22
PYF,2007,DYB,1362,,13.18,38.82,30.18,17.82,13.18,13.80,40.26,7.45,,,25.31,,
PYF,2022,DYB,9440,,17.55,44.50,25.28,12.67,17.55,18.04,31.50,8.21,,,24.71,,
QAT,2012,MICS,5463,4.67,6.98,30.59,33.99,28.44,6.98,12.63,51.17,1.45,7.01,20.73,0.03,23.67,5.04
QAT,2023,MICS,9230,4.68,1.53,27.53,42.40,28.54,1.53,8.60,67.62,4.00,6.10,12.15,0.01,27.62,3.22
ROU,1977,IPUMS,835,3.12,14.06,49.21,28.68,8.05,14.06,22.00,42.56,4.02,15.98,1.39,0.00,23.59,9.13
ROU,1992,IPUMS,1273,3.07,17.12,46.87,27.94,8.07,17.12,20.05,39.92,6.02,15.44,1.44,0.00,26.18,9.49
ROU,2002,IPUMS,327,2.92,18.88,49.37,25.63,6.11,18.88,19.80,35.40,7.36,18.53,0.02,0.00,31.49,10.60
ROU,2011,IPUMS,4840,2.67,25.99,48.45,20.50,5.05,25.99,19.24,26.56,7.71,17.34,3.15,0.00,,
RUS,2002,DYB,214,2.71,22.27,51.36,22.72,3.65,22.27,21.56,21.09,5.62,,,29.46,,
RUS,2002,IPUMS,214,2.71,22.37,51.37,22.51,3.74,22.37,14.79,28.29,11.98,19.43,3.15,0.00,31.06,10.90
RUS,2010,DYB,4841,2.58,25.69,51.04,19.84,3.43,25.69,22.83,15.87,11.48,,,24.13,,
RUS,2010,IPUMS,4841,2.58,25.97,50.83,19.55,3.65,25.97,15.12,23.57,11.66,22.61,1.08,0.00,32.74,10.94
RUS,2021,IPUMS & Russian Federation 2021 Census,7326,2.21,41.82,40.58,14.89,2.71,41.82,19.75,14.66,,,,,,
RWA,1991,IPUMS,1386,4.74,8.46,26.60,28.78,36.16,8.46,5.28,46.41,13.91,17.98,7.21,0.75,22.06,10.42
RWA,1992,DHS,1854,4.98,5.34,24.45,30.55,39.66,5.34,4.89,50.75,9.06,21.92,8.04,0.00,22.48,12.03
RWA,2000,DHS,1855,4.56,5.99,29.48,33.64,30.89,5.99,3.83,37.10,20.55,24.59,7.83,0.10,16.89,9.68
RWA,2000,MICS,4444,4.80,5.52,27.40,32.10,34.97,5.52,,,,,,,,
RWA,2002,IPUMS,304,4.53,7.16,29.66,32.52,30.65,7.16,4.50,36.17,19.39,23.69,7.52,1.57,19.91,8.70
RWA,2005,DHS,1717,4.57,6.54,27.86,34.20,31.39,6.54,3.19,40.91,17.66,23.64,8.02,0.04,21.91,9.73
RWA,2008,DHS,2524,4.34,8.26,30.90,33.21,27.64,8.26,3.92,42.82,16.61,21.69,6.45,0.25,20.26,8.94
RWA,2010,DHS,5066,4.44,6.54,30.23,34.01,29.22,6.54,3.37,39.23,15.74,26.87,8.24,0.01,22.00,11.08
RWA,2012,IPUMS,4721,4.28,9.86,30.29,32.58,27.27,9.86,4.40,43.97,15.05,16.78,9.94,0.00,23.15,9.14
RWA,2013,DHS,5610,4.30,7.40,30.92,35.75,25.94,7.40,3.87,42.39,13.57,23.06,9.71,0.00,22.06,10.66
RWA,2015,DHS,5796,4.26,8.15,30.76,34.88,26.20,8.15,3.23,42.38,14.66,22.87,8.71,0.00,21.27,10.92
RWA,2020,DHS,7862,4.28,7.69,29.60,37.07,25.64,7.69,3.75,43.68,14.51,22.11,8.26,0.01,23.17,11.30
RWA,2023,DHS,9214,3.73,12.67,36.69,33.46,17.18,12.67,4.56,37.78,17.97,17.88,9.09,0.05,18.73,8.58
SAU,2022,DYB,7216,,26.09,30.88,18.35,24.68,26.09,5.67,33.14,5.07,,,30.03,,
SDN,2000,MICS,5226,5.95,1.74,17.74,28.44,52.08,1.74,,,,,,,,
SDN,2008,IPUMS,5224,5.59,5.06,20.66,26.80,47.48,5.06,4.63,41.19,12.80,30.76,5.56,0.00,31.89,11.28
SDN,2010,MICS,5355,5.72,1.57,20.15,29.11,49.16,1.57,5.07,53.17,10.61,29.05,0.51,0.02,35.85,15.36
SDN,2014,MICS,5593,5.89,1.59,18.31,27.85,52.25,1.59,5.27,58.54,7.72,26.55,0.29,0.03,37.28,14.59
SEN,1988,IPUMS,1387,8.83,4.31,10.78,16.08,68.84,4.31,1.63,17.54,3.61,,,0.00,,
SEN,1993,DHS,1730,8.83,5.16,10.03,15.05,69.76,5.16,1.76,15.53,2.86,68.51,6.09,0.09,49.40,37.19
SEN,1997,DHS,1795,8.98,4.36,8.89,15.16,71.58,4.36,1.81,14.91,3.49,68.40,6.83,0.19,51.13,38.77
SEN,2002,IPUMS,254,9.14,4.40,9.86,14.77,70.97,4.40,1.57,15.68,3.43,56.32,18.59,0.00,50.35,33.04
SEN,2005,DHS,1705,8.70,6.59,9.73,14.87,68.82,6.59,1.29,17.53,7.00,46.75,20.64,0.20,61.70,41.10
SEN,2006,DHS,4486,9.39,5.30,8.10,13.68,72.92,5.30,0.69,14.49,3.39,62.45,13.57,0.11,58.49,41.98
SEN,2009,DHS,4886,9.25,3.88,8.75,15.41,71.96,3.88,1.81,17.54,3.63,64.02,8.84,0.29,54.95,41.18
SEN,2011,DHS,5274,9.32,3.43,9.01,15.14,72.42,3.43,1.27,16.26,4.24,62.95,11.85,0.00,57.32,43.83
SEN,2013,DHS,5490,8.99,6.55,10.50,15.23,67.71,6.55,1.51,16.23,3.77,61.96,9.98,0.00,54.09,40.97
SEN,2013,DHS,5951,8.80,6.47,10.79,16.02,66.73,6.47,1.38,15.44,4.73,62.64,9.34,0.00,52.79,40.06
SEN,2013,IPUMS,4723,8.18,7.70,12.01,16.75,63.55,7.70,1.77,17.15,4.80,55.99,2.55,0.00,44.84,30.36
SEN,2014,DHS,5779,8.62,6.38,11.07,16.79,65.76,6.38,1.25,14.67,5.68,63.31,8.71,0.00,51.50,39.15
SEN,2015,DHS,5955,8.32,7.22,11.06,17.88,63.83,7.22,1.37,15.01,7.09,62.36,6.94,0.01,50.33,37.10
SEN,2016,DHS,7370,8.31,8.38,11.98,15.47,64.17,8.38,1.56,15.53,5.42,62.34,6.76,0.00,50.87,37.94
SEN,2017,DHS,7630,8.66,6.92,11.47,15.48,66.13,6.92,1.19,15.59,6.12,62.70,7.47,0.00,53.19,37.45
SEN,2023,DHS,9203,8.45,6.57,10.15,16.81,66.47,6.57,1.11,16.24,5.26,60.70,10.10,0.02,55.36,41.33
SGP,2000,DYB,1464,3.58,8.24,36.32,43.40,12.04,8.24,,,,,,,,
SGP,2010,DYB,4798,3.29,12.21,38.95,37.69,11.15,12.21,,,,,,,,
SGP,2020,DYB,7118,2.95,16.05,43.01,31.99,8.96,16.05,,,,,,,,
SLE,2000,MICS,1936,6.29,2.71,13.43,23.94,59.92,2.71,,,,,,,,
SLE,2004,IPUMS,1163,5.99,5.98,21.29,25.89,46.85,5.98,3.97,19.35,7.75,54.95,8.00,0.00,31.31,21.87
SLE,2005,MICS,41,6.04,2.42,14.36,31.07,52.16,2.42,2.55,28.61,5.11,59.10,2.10,0.10,37.68,25.35
SLE,2008,DHS,4550,5.88,4.13,15.68,30.98,49.21,4.13,2.87,28.19,4.51,56.70,3.49,0.10,34.21,26.24
SLE,2010,MICS,5025,5.85,3.30,17.03,33.09,46.58,3.30,2.45,29.28,5.01,57.42,2.15,0.40,37.83,26.56
SLE,2013,DHS,5556,5.90,4.00,15.87,30.74,49.38,4.00,2.48,27.06,4.82,57.47,4.17,0.01,33.33,26.68
SLE,2015,IPUMS,4724,5.60,6.51,20.11,27.61,45.77,6.51,3.27,24.57,8.89,51.69,5.07,0.00,27.34,5.80
SLE,2017,MICS,5679,4.87,8.14,23.46,34.60,33.80,8.14,3.23,26.90,9.00,47.70,3.59,1.44,26.67,20.25
SLE,2019,DHS,7631,5.29,6.42,20.52,33.28,39.78,6.42,2.71,25.76,7.20,52.52,5.39,0.00,30.89,24.68
SLV,1992,IPUMS,895,4.62,7.55,26.81,35.39,30.25,7.55,5.44,33.63,9.84,38.57,4.98,0.00,28.20,15.88
SLV,2007,IPUMS,1096,4.07,8.82,34.09,36.82,20.28,8.82,6.84,36.64,13.24,31.17,3.28,0.00,35.29,18.91
SLV,2014,MICS,5561,3.92,8.46,36.01,37.84,17.69,8.46,7.25,38.09,11.67,31.22,3.30,0.01,40.38,20.20
SOM,2006,MICS,141,5.69,0.83,20.98,29.94,48.26,0.83,4.77,55.46,8.82,28.68,0.91,0.54,25.33,13.92
SOM,2011,MICS,5026,5.96,1.19,17.69,28.50,52.63,1.19,3.10,46.45,15.03,31.21,0.00,1.75,24.27,13.56
SOM,2011,MICS,5574,6.16,1.53,16.16,27.57,54.74,1.53,2.90,44.30,13.89,33.57,1.97,1.84,37.12,15.08
SRB,2002,DYB,1069,2.97,20.02,43.85,29.43,6.70,20.02,17.11,33.45,9.05,,,20.36,,
SRB,2005,MICS,2557,3.23,17.39,40.02,31.76,10.83,17.39,16.18,31.97,6.45,27.27,0.74,0.00,45.21,21.33
SRB,2010,MICS,5024,3.27,17.03,40.64,30.59,11.73,17.03,15.18,31.71,6.82,27.48,1.74,0.03,48.15,22.47
SRB,2011,DYB,4842,2.88,22.33,44.81,26.19,6.67,22.33,16.59,30.19,10.23,,,20.67,,
SRB,2014,MICS,5578,3.10,18.85,43.04,29.39,8.72,18.85,16.53,30.77,7.56,25.69,0.59,0.00,45.86,18.56
SRB,2019,MICS,7600,2.85,21.78,46.73,23.94,7.55,21.78,19.81,25.31,8.15,23.81,1.13,0.00,41.21,16.32
SRB,2022,DYB,7135,2.55,29.89,45.26,20.53,4.32,29.89,16.84,25.85,11.84,,,15.58,,
SSD,1999,MICS,5243,5.56,4.73,18.37,30.70,46.20,4.73,,,,,,,,
SSD,2008,IPUMS,5241,5.95,4.33,15.68,26.87,53.12,4.33,2.04,25.95,15.00,41.63,11.05,0.00,25.17,8.96
SSD,2010,MICS,5560,5.98,3.15,14.56,29.37,52.92,3.15,2.66,32.58,14.70,45.94,0.96,0.00,29.23,19.19
STP,2000,MICS,1899,4.34,8.19,31.13,34.29,26.38,8.19,,,,,,,,
STP,2008,DHS,2556,3.84,19.87,27.96,29.93,22.25,19.87,4.68,26.71,15.22,31.84,1.69,0.00,16.95,11.28
STP,2012,DYB,5261,,16.82,27.95,31.61,23.63,16.82,5.06,31.74,13.43,,,32.95,,
STP,2014,MICS,5644,3.85,16.15,29.47,33.47,20.92,16.15,4.85,34.29,18.00,25.06,1.53,0.12,15.78,10.64
STP,2019,MICS,7599,4.06,13.78,27.00,35.26,23.96,13.78,4.42,40.33,15.74,24.56,1.15,0.03,20.42,11.48
SUR,2000,MICS,1945,3.97,10.37,34.57,35.03,20.03,10.37,,,,,,,,
SUR,2004,DYB,325,3.94,14.97,32.77,31.85,20.41,14.97,,,,,,,,
SUR,2006,MICS,1919,3.90,13.29,33.78,33.48,19.45,13.29,9.46,36.22,10.70,28.22,1.88,0.23,34.89,16.05
SUR,2010,MICS,5030,3.84,13.11,35.67,32.31,18.91,13.11,9.90,34.28,12.57,28.57,1.04,0.52,35.91,16.14
SUR,2012,IPUMS,5282,3.82,16.22,33.95,29.84,19.99,16.22,8.83,27.81,12.96,32.09,1.87,0.22,33.47,13.56
SUR,2018,MICS,7591,3.86,13.98,35.85,30.46,19.71,13.98,10.14,29.93,11.35,33.56,1.04,0.00,41.47,19.75
SVK,2001,DYB,1467,3.23,24.20,,,,24.20,29.54,32.87,11.42,,,1.96,,
SVK,2001,LFS,9517,3.14,16.52,42.40,34.02,7.06,16.52,,,,,,,,
SVK,2011,DYB,4843,2.90,25.33,41.37,26.81,6.49,25.33,12.05,29.67,10.51,,,22.44,,
SVK,2011,LFS,9518,2.80,20.83,47.99,26.99,4.20,20.83,,,,,,,,
SVK,2021,DYB,7328,3.14,23.92,41.92,25.65,8.52,23.61,10.45,28.22,13.50,,,24.22,,
SVN,2002,IPUMS,1543,2.82,20.90,44.96,31.22,2.92,20.90,14.54,38.53,9.28,13.18,3.57,0.00,,
SVN,2015,DYB,7136,2.47,32.60,43.69,20.54,3.16,32.60,14.15,28.88,13.17,,,11.20,,
SVN,2021,DYB,7138,2.41,34.00,43.79,18.90,3.31,34.00,16.08,25.76,11.98,,,12.18,,
SWZ,2000,MICS,1931,5.51,17.04,20.64,20.43,41.89,17.04,,,,,,,,
SWZ,2006,DHS,1695,4.64,19.25,24.15,23.31,33.28,19.25,4.25,9.94,12.66,45.28,8.60,0.02,30.44,25.45
SWZ,2007,DYB,311,4.74,17.65,24.63,21.60,36.12,17.65,,,,,,,,
SWZ,2010,MICS,5031,4.26,21.95,25.92,23.53,28.59,21.95,4.33,12.44,13.33,41.06,6.81,0.08,28.20,22.95
SWZ,2014,MICS,5584,4.04,21.72,29.31,24.20,24.77,21.72,4.55,14.11,12.92,39.97,6.35,0.37,27.55,21.19
SWZ,2021,MICS,9221,3.66,29.67,27.23,21.80,21.30,29.67,4.31,12.97,13.93,35.82,3.31,0.00,28.62,19.99
SXM,2011,DYB,5799,2.58,29.18,46.32,20.18,4.31,31.33,16.36,26.33,16.14,,,9.84,,
SYC,2002,DYB,2564,3.78,14.32,34.90,33.81,16.97,14.32,,,,,,,,
SYC,2010,DYB,5263,,16.34,38.89,31.63,13.14,16.34,,,,,,,,
SYR,2006,MICS,51,5.65,2.38,17.70,31.96,47.95,2.38,6.12,73.92,5.56,11.97,0.06,0.00,41.04,6.77
TCA,2020,MICS,7885,2.37,33.59,46.61,16.78,3.02,33.59,14.35,20.43,13.78,12.95,4.90,0.00,14.91,5.07
TCD,1997,DHS,1675,5.33,9.56,24.14,26.91,39.39,9.56,5.99,36.32,8.34,36.94,2.81,0.04,19.69,13.42
TCD,2000,MICS,1896,5.37,9.22,22.28,27.79,40.71,9.22,,,,,,,,
TCD,2004,DHS,1762,5.36,8.03,23.25,27.04,41.68,8.03,5.09,41.23,7.65,36.73,1.24,0.03,19.15,13.10
TCD,2010,MICS,4992,5.40,7.73,22.38,27.09,42.81,7.73,5.83,49.64,7.55,28.32,0.80,0.13,16.17,9.73
TCD,2015,DHS,5564,5.78,7.73,18.49,25.67,48.11,7.73,3.87,44.39,9.59,33.53,0.84,0.04,18.21,12.79
TCD,2019,MICS,7577,5.97,5.43,16.97,26.61,50.98,5.43,3.24,46.03,10.55,34.44,0.30,0.01,21.49,12.81
TGO,1959,IPUMS,2574,6.30,16.32,22.78,19.43,41.48,16.32,4.45,10.62,4.98,29.33,34.31,0.00,,
TGO,1970,IPUMS,267,5.80,10.54,22.45,23.74,43.27,10.54,4.70,23.52,7.62,0.00,0.00,0.00,19.63,12.10
TGO,1998,DHS,1735,5.39,12.48,22.63,24.18,40.71,12.48,2.85,24.53,9.90,45.54,4.68,0.03,26.07,17.12
TGO,2000,MICS,2903,5.03,14.66,22.48,24.71,38.15,14.66,,,,,,,,
TGO,2006,MICS,669,4.70,12.82,26.02,28.37,32.79,12.82,3.51,30.59,10.47,39.37,3.24,0.00,26.42,14.64
TGO,2010,IPUMS,5267,4.75,14.76,26.25,26.28,32.71,14.76,3.50,10.29,3.40,60.71,7.35,0.00,13.95,5.59
TGO,2010,MICS,5036,4.79,12.56,23.62,29.55,34.28,12.56,3.22,29.65,9.17,41.06,4.27,0.07,23.64,14.76
TGO,2014,DHS,5071,4.55,15.65,26.22,27.69,30.45,15.65,3.17,28.67,11.18,37.47,3.85,0.00,23.04,14.17
TGO,2017,MICS,7502,4.35,15.66,26.39,29.95,28.01,15.66,3.79,33.46,11.80,32.60,2.68,0.00,22.90,13.04
TGO,2022,DYB,7185,4.58,17.77,27.43,27.51,27.29,17.77,3.92,29.61,12.10,,,36.60,,
THA,1970,IPUMS,288,5.71,3.12,18.03,28.63,50.23,3.12,4.01,51.38,6.69,30.56,4.23,0.00,30.92,14.84
THA,1980,IPUMS,1432,5.13,3.84,22.07,34.33,39.76,3.84,4.74,50.75,6.58,29.48,4.61,0.00,36.29,18.48
THA,1990,IPUMS,356,4.29,5.00,30.72,42.09,22.19,5.00,6.69,48.19,6.91,29.72,3.49,0.00,37.67,17.99
THA,2000,IPUMS,913,3.69,8.70,38.20,41.67,11.43,8.70,9.38,41.66,7.64,30.72,1.91,0.00,,
THA,2006,MICS,175,3.45,10.60,44.39,33.95,11.07,10.60,13.58,30.40,6.88,36.52,1.98,0.04,34.02,20.08
THA,2010,DYB,4802,,18.36,44.71,28.16,8.77,18.36,13.56,25.59,8.18,,,34.30,,
THA,2012,MICS,5034,3.28,12.86,47.14,30.54,9.45,12.86,14.93,25.88,6.72,38.43,1.11,0.05,36.67,20.78
THA,2016,MICS,5669,3.21,13.56,49.18,27.89,9.37,13.56,16.11,24.85,7.09,36.96,1.44,0.00,37.70,19.46
THA,2019,MICS,7879,2.84,21.59,48.62,23.39,6.41,21.59,18.65,20.09,7.10,31.84,0.72,0.00,34.43,16.76
THA,2022,MICS,9219,2.65,25.68,49.67,19.13,5.52,25.68,18.37,17.84,7.85,29.26,1.00,0.00,32.71,13.75
TJK,2000,MICS,1924,6.97,1.13,7.69,25.24,65.94,1.13,,,,,,,,
TJK,2005,MICS,724,6.24,3.25,10.46,27.92,58.38,3.25,2.20,50.06,5.77,38.64,0.08,0.00,51.25,32.30
TJK,2012,DHS,5070,6.27,2.96,12.06,29.22,55.76,2.96,1.95,39.69,5.50,49.44,0.39,0.07,57.42,39.58
TJK,2017,DHS,7371,5.99,2.88,15.10,29.85,52.18,2.88,2.99,34.46,6.40,53.01,0.26,0.00,60.34,44.55
TJK,2023,DHS,9215,5.64,2.39,15.37,34.23,48.00,2.39,3.90,38.33,5.13,50.12,0.13,0.00,58.10,41.73
TKM,2006,MICS,5,5.03,5.52,18.70,38.52,37.26,5.52,3.25,47.40,9.93,32.86,0.05,1.01,51.11,27.17
TKM,2015,MICS,5731,5.10,4.96,19.62,38.41,37.02,4.96,3.48,41.58,7.61,42.33,0.04,0.01,56.06,34.89
TKM,2019,MICS,7603,5.22,3.74,18.62,37.54,40.10,3.74,3.18,36.94,7.56,48.33,0.24,0.00,61.43,40.23
TKM,2024,MICS,9451,4.91,2.87,20.80,40.58,35.75,2.87,3.88,40.29,7.20,45.76,0.01,0.00,57.52,39.12
TLS,2004,DYB,1247,4.71,7.30,28.46,29.46,34.78,7.30,,,,,,,,
TLS,2009,DHS,4948,5.84,3.13,16.09,27.81,52.97,3.13,2.97,47.41,6.43,39.61,0.41,0.04,37.59,20.49
TLS,2016,DHS,6097,5.27,6.41,20.61,29.59,43.40,6.41,4.42,44.60,8.22,35.46,0.85,0.05,36.88,20.33
TLS,2022,DYB,9122,,6.98,20.96,28.56,43.50,6.98,,,,,,,,
TON,2019,MICS,7881,5.30,6.94,21.29,29.98,41.79,6.94,5.62,32.67,6.99,45.31,2.47,0.00,46.53,28.74
TON,2021,DYB,9124,,7.16,22.34,28.62,41.87,7.16,,,,,,,,
TTO,1970,IPUMS,1140,4.75,14.37,26.67,23.35,35.61,14.37,8.04,31.93,9.34,29.36,5.87,1.09,,
TTO,1980,IPUMS,1238,4.43,14.02,27.74,28.18,30.06,14.02,8.27,37.16,8.74,27.38,4.07,0.36,,
TTO,1990,IPUMS,1423,4.11,13.72,29.20,33.19,23.88,13.72,7.33,38.72,11.29,25.79,2.90,0.26,,
TTO,2000,IPUMS,949,3.67,15.19,35.64,32.85,16.33,15.19,8.79,36.14,12.72,24.38,2.39,0.38,,
TTO,2000,MICS,1938,3.76,14.57,34.18,34.13,17.12,14.57,,,,,,,,
TTO,2006,MICS,1915,3.36,18.08,38.85,30.97,12.09,18.08,10.51,32.18,13.31,23.63,1.37,0.91,39.80,13.75
TTO,2011,IPUMS,5278,3.29,19.21,39.79,29.36,11.64,19.21,10.35,30.05,13.14,24.88,2.36,0.00,38.13,12.61
TTO,2011,MICS,5037,3.21,19.22,41.20,29.02,10.57,19.22,11.36,29.15,13.93,24.87,1.34,0.14,40.74,14.44
TTO,2022,MICS,7882,2.91,24.60,42.81,24.84,7.75,24.60,11.43,23.52,15.05,24.47,0.92,0.01,39.80,13.49
TUN,2012,MICS,5038,4.16,5.03,31.60,42.96,20.41,5.03,10.01,62.28,8.75,12.80,0.98,0.17,46.14,7.42
TUN,2018,MICS,7592,3.89,6.27,34.09,44.77,14.87,6.27,11.15,60.77,8.52,12.61,0.66,0.01,43.03,7.83
TUN,2023,MICS,9231,3.63,9.66,36.84,42.00,11.51,9.66,12.24,55.12,10.21,12.35,0.43,0.00,41.52,6.39
TUR,1985,IPUMS,80,4.58,15.79,21.74,30.62,31.84,15.79,7.06,40.82,3.64,19.37,12.89,0.42,29.11,15.52
TUR,1990,IPUMS,1411,4.56,11.93,24.88,33.36,29.83,11.93,8.20,43.41,3.87,19.09,13.30,0.19,29.84,15.14
TUR,1993,DHS,1757,4.57,4.62,29.88,38.27,27.23,4.62,11.56,54.54,4.32,24.51,0.46,0.00,37.50,16.87
TUR,1998,DHS,1756,4.35,5.28,33.73,37.18,23.81,5.28,13.42,54.13,4.12,22.11,0.95,0.00,35.14,15.20
TUR,2000,IPUMS,1192,4.33,6.14,34.04,36.61,23.20,6.14,11.71,47.41,5.04,,,0.00,32.01,13.75
TUR,2004,DHS,1755,4.07,6.37,36.23,39.03,18.36,6.37,13.33,55.08,4.59,19.46,1.16,0.01,35.34,12.84
TUR,2011,Türkiye Population and Housing Census 2011,5300,3.83,11.76,38.14,34.63,15.48,11.76,,,,,,,,
TUR,2018,DHS,7733,3.49,8.54,46.06,34.35,11.06,8.54,18.56,51.13,5.78,15.05,0.92,0.02,34.25,9.10
TUV,2020,MICS,7886,6.05,6.92,19.55,23.87,49.66,6.92,4.61,15.03,4.33,60.69,8.43,0.00,56.17,42.61
TZA,1988,IPUMS,320,5.05,12.10,25.69,24.35,37.85,12.10,5.46,21.86,10.83,38.50,11.01,0.23,,
TZA,1992,DHS,1678,5.31,8.98,23.17,26.99,40.86,8.98,5.50,33.31,6.11,42.66,3.41,0.05,24.83,18.70
TZA,1996,DHS,1679,4.90,8.93,26.20,27.97,36.89,8.93,6.99,35.30,7.66,38.16,2.91,0.05,22.82,17.24
TZA,1999,DHS,831,5.02,9.24,24.74,29.62,36.39,9.24,5.47,34.58,6.85,40.57,3.25,0.04,24.47,19.68
TZA,2002,IPUMS,1008,4.64,11.23,28.11,27.62,33.04,11.23,5.70,26.45,13.84,26.50,16.28,0.00,19.68,9.64
TZA,2004,DHS,1838,4.87,8.83,26.76,29.94,34.47,8.83,6.34,37.70,8.47,32.95,5.69,0.01,21.93,16.15
TZA,2004,DHS,2939,4.99,8.28,25.83,29.01,36.88,8.28,5.31,31.23,7.68,39.68,7.79,0.02,22.89,18.18
TZA,2007,DHS,4485,4.99,7.92,25.13,30.01,36.95,7.92,5.81,35.49,8.45,36.24,6.09,0.00,22.66,17.78
TZA,2010,DHS,4697,4.97,8.53,24.89,30.66,35.92,8.53,4.71,34.02,8.36,37.57,6.78,0.03,23.56,17.76
TZA,2012,DHS,5075,5.12,8.43,23.52,29.20,38.85,8.43,5.15,34.81,7.80,38.24,5.58,0.00,24.99,19.88
TZA,2012,IPUMS,4728,4.74,10.99,27.19,27.71,34.12,10.99,5.35,27.57,11.70,29.92,14.47,0.00,20.83,13.35
TZA,2015,DHS,5957,4.85,9.63,25.77,29.99,34.60,9.63,5.62,35.40,7.30,31.04,11.00,0.00,22.64,17.68
TZA,2022,DHS,9216,4.50,11.53,27.86,31.01,29.61,11.53,5.47,34.92,9.78,30.78,7.51,0.01,22.01,16.68
UGA,1991,IPUMS,854,4.87,11.77,26.56,25.89,35.78,11.77,5.88,24.50,11.25,38.28,8.13,0.20,,
UGA,1995,DHS,1723,4.76,10.63,27.08,27.22,35.07,10.63,6.13,33.17,9.26,37.66,3.15,0.00,15.14,12.35
UGA,2000,DHS,1886,4.80,11.06,24.71,28.58,35.65,11.06,5.33,36.18,10.13,33.08,4.18,0.05,13.12,10.33
UGA,2002,IPUMS,1078,4.82,12.47,24.51,26.41,36.61,12.47,5.10,35.49,10.82,31.66,4.46,0.00,,
UGA,2006,DHS,1887,4.97,10.84,22.46,26.99,39.71,10.84,3.52,33.26,11.34,36.38,4.64,0.02,16.13,13.47
UGA,2009,DHS,4696,4.75,11.32,24.39,27.75,36.54,11.32,4.16,37.43,11.82,32.11,2.97,0.19,14.21,11.74
UGA,2011,DHS,5072,4.90,11.47,23.12,26.90,38.50,11.47,3.81,34.12,10.99,35.41,4.17,0.03,16.58,13.96
UGA,2014,IPUMS,5268,4.74,12.71,25.16,26.49,35.63,12.71,5.03,37.17,10.04,30.51,4.54,0.00,18.56,11.76
UGA,2015,DHS,5781,4.93,11.51,22.95,27.20,38.34,11.51,3.86,37.80,9.95,32.80,4.06,0.02,18.41,14.65
UGA,2016,DHS,6099,4.53,13.68,25.30,28.75,32.26,13.68,4.25,32.64,11.68,31.60,6.14,0.01,15.92,13.33
UGA,2019,DHS,6058,4.87,13.17,21.96,26.57,38.30,13.17,4.16,34.64,11.35,33.83,2.85,0.00,19.16,15.81
UGA,2024,DHS,9296,4.74,11.79,24.87,28.33,35.00,11.79,4.39,34.48,10.67,34.22,4.44,0.01,22.89,17.32
UKR,2001,IPUMS,72,2.67,23.68,49.96,22.64,3.73,23.68,,,,,,,,
UKR,2005,MICS,1904,3.09,10.25,54.23,31.62,3.90,10.25,14.58,42.38,11.14,21.38,0.27,0.00,38.41,14.88
UKR,2007,DHS,170,2.46,27.90,51.22,18.07,2.81,27.90,19.65,22.38,11.23,18.20,0.58,0.06,31.69,11.66
UKR,2012,MICS,5040,2.53,24.96,53.13,19.01,2.90,24.96,21.09,23.74,10.00,19.45,0.70,0.06,32.24,12.16
URY,1963,IPUMS,1121,3.71,11.22,41.29,31.19,16.30,11.22,11.84,36.24,7.33,21.42,11.68,0.28,,
URY,1975,IPUMS,1195,3.42,14.39,43.54,29.41,12.66,14.39,14.21,34.13,7.79,20.61,8.47,0.40,,
URY,1985,IPUMS,241,3.34,14.98,43.93,29.55,11.55,14.98,14.60,35.02,8.60,20.49,6.31,0.00,,
URY,1996,IPUMS,1091,3.20,16.94,44.59,28.80,9.67,16.94,14.52,33.85,9.60,19.96,5.14,0.00,27.38,9.75
URY,2006,IPUMS,7613,2.97,19.78,46.86,26.33,7.02,19.78,16.46,34.85,11.28,15.18,2.45,0.00,27.56,8.28
URY,2011,IPUMS,5283,2.78,23.52,47.68,23.37,5.43,23.52,16.45,30.99,10.91,14.68,2.66,0.78,24.24,6.94
URY,2013,MICS,5041,3.02,17.56,47.71,27.20,7.54,17.56,19.05,33.46,9.48,18.16,2.15,0.14,26.77,9.54
USA,1960,IPUMS,1509,3.30,13.32,47.00,28.25,11.43,13.32,22.15,43.45,5.23,12.05,3.79,0.00,14.70,4.73
USA,1970,IPUMS,321,3.11,17.58,46.80,25.21,10.41,17.58,23.04,40.02,6.77,9.12,3.48,0.00,13.92,3.57
USA,1980,IPUMS,1228,2.75,22.62,48.61,23.27,5.50,22.62,22.74,33.49,7.71,7.65,5.80,0.00,13.41,2.88
USA,1990,IPUMS,886,2.63,24.55,49.43,21.85,4.16,24.55,23.66,30.34,8.35,7.83,5.26,0.00,14.00,3.18
USA,2000,IPUMS,959,2.59,25.82,49.19,20.86,4.13,25.82,24.03,27.70,8.62,8.29,5.54,0.00,13.25,3.69
USA,2005,IPUMS,7747,2.52,27.07,49.31,20.04,3.59,27.07,24.13,25.67,9.29,8.71,5.13,0.00,12.84,3.26
USA,2010,IPUMS,9523,2.52,27.45,49.24,19.34,3.98,27.45,24.36,24.70,9.34,9.07,5.07,0.00,14.75,3.84
USA,2015,IPUMS,7748,2.49,27.89,49.49,18.81,3.81,27.89,24.79,23.82,9.13,9.02,5.36,0.00,15.70,3.91
USA,2020,IPUMS,9317,2.49,28.00,49.51,18.68,3.82,28.00,25.20,23.63,8.61,9.19,2.94,0.00,15.38,3.69
UZB,1996,DHS,1781,5.24,5.26,18.90,33.62,42.22,5.26,5.18,51.45,5.81,32.07,0.23,0.00,41.48,25.70
UZB,2000,MICS,1917,5.55,3.27,14.06,36.20,46.48,3.27,,,,,,,,
UZB,2006,MICS,721,5.22,4.78,15.92,38.14,41.17,4.78,3.41,49.92,5.74,35.94,0.21,0.00,49.86,29.39
UZB,2021,MICS,5961,4.79,4.88,20.60,42.22,32.30,4.88,4.62,39.75,6.26,44.23,0.25,0.01,56.45,37.28
VEN,1971,IPUMS,1087,5.27,8.23,23.04,26.86,41.87,8.23,5.58,37.50,9.24,28.53,10.90,0.01,,
VEN,1981,IPUMS,1122,5.26,6.81,22.79,29.89,40.51,6.81,4.97,37.09,8.28,30.90,11.94,0.00,30.46,15.72
VEN,1990,IPUMS,1499,4.80,6.82,25.65,34.84,32.70,6.82,5.06,39.17,9.76,32.02,7.17,0.00,30.97,16.14
VEN,2000,MICS,4449,4.45,6.72,28.14,39.43,25.70,6.72,5.19,40.97,9.41,33.16,4.55,0.00,38.23,20.15
VEN,2001,IPUMS,1005,4.33,7.56,29.11,36.87,26.46,7.56,5.51,39.60,10.49,32.23,4.61,0.00,35.50,18.01
VNM,1989,IPUMS,299,4.82,4.99,24.72,36.08,34.21,4.99,3.92,,,,0.34,0.40,34.78,17.73
VNM,1997,DHS,1821,4.72,3.89,22.16,44.08,29.87,3.89,3.35,55.78,7.97,28.65,0.36,0.00,40.22,21.39
VNM,1999,IPUMS,951,4.51,4.36,26.10,43.30,26.25,4.36,4.06,54.73,9.11,,,0.00,,
VNM,2000,MICS,1926,4.54,3.78,23.44,47.26,25.52,3.78,,,,,,,,
VNM,2002,DHS,1743,4.40,4.31,24.00,49.38,22.32,4.31,4.90,54.16,7.25,28.87,0.49,0.04,40.01,21.76
VNM,2005,DHS,4467,4.22,4.24,29.71,46.63,19.42,4.24,6.07,49.32,8.17,31.26,0.94,0.00,41.40,23.23
VNM,2006,MICS,1929,4.25,4.25,26.08,50.37,19.31,4.25,5.95,53.49,6.51,29.54,0.26,0.00,46.20,22.58
VNM,2009,IPUMS,2566,3.78,7.28,36.25,43.44,13.02,7.28,8.07,49.48,8.00,,,0.00,35.02,16.50
VNM,2010,MICS,5043,3.79,6.31,36.66,44.21,12.82,6.31,9.89,45.71,6.85,30.07,1.17,0.00,39.30,21.71
VNM,2014,MICS,5580,3.86,6.85,35.14,43.38,14.63,6.85,10.26,42.74,6.07,33.30,0.76,0.02,44.62,24.99
VNM,2019,IPUMS,7222,3.49,11.32,39.26,38.82,10.60,11.32,11.76,41.20,8.03,26.20,1.49,0.00,36.67,17.87
VNM,2020,MICS,7889,3.44,10.52,41.58,37.51,10.38,10.52,14.12,37.74,7.25,29.39,0.96,0.01,34.60,21.15
VUT,2007,MICS,2476,5.08,3.01,22.95,36.15,37.89,3.01,6.33,56.38,3.55,29.82,0.74,0.17,28.16,16.83
VUT,2023,MICS,9225,3.80,12.65,35.88,32.53,18.94,12.65,12.03,36.88,12.74,25.37,0.34,0.00,22.45,12.59
WSM,2016,DYB,7146,6.75,4.18,14.88,21.89,59.05,4.18,,,,,,,,
WSM,2019,MICS,7864,6.60,4.40,16.22,22.49,56.89,4.40,4.19,26.99,4.55,58.25,1.59,0.04,55.15,40.64
XKX,2014,MICS,5667,5.43,3.64,16.70,37.08,42.58,3.64,5.42,41.27,4.68,44.82,0.17,0.00,64.90,36.42
XKX,2020,MICS,7824,4.90,3.32,22.34,39.66,34.68,3.32,7.09,41.73,5.60,41.71,0.56,0.00,63.86,32.95
YEM,1991,DHS,1703,6.69,3.16,15.54,20.43,60.87,3.16,5.76,48.89,7.53,33.64,0.71,0.31,34.91,20.75
YEM,2006,MICS,2623,7.27,2.06,12.73,18.55,66.66,2.06,5.08,51.39,5.37,34.47,1.59,0.03,45.80,25.15
YEM,2013,DHS,5615,6.67,1.87,14.68,23.66,59.79,1.87,5.33,56.09,4.29,32.25,0.17,0.00,44.24,22.31
YEM,2023,MICS,7891,6.55,1.40,13.24,27.06,58.30,1.40,4.05,53.33,4.65,36.39,0.11,0.08,45.68,25.43
ZAF,1996,IPUMS,931,4.06,16.23,32.02,27.05,24.70,16.23,9.82,23.88,12.44,29.52,5.23,2.88,29.77,15.64
ZAF,1998,DHS,1721,4.25,12.03,31.43,30.54,26.00,12.03,7.70,21.90,12.58,41.97,3.75,0.07,34.08,22.91
ZAF,2001,IPUMS,1536,3.84,18.60,33.24,26.62,21.54,18.60,9.18,20.54,11.27,37.17,3.25,0.00,30.16,17.90
ZAF,2007,IPUMS,4469,3.78,18.13,34.01,27.73,20.13,18.13,8.54,20.44,11.51,39.02,2.35,0.00,32.56,18.95
ZAF,2011,IPUMS,4725,3.24,26.80,34.66,23.50,15.04,26.80,9.12,16.88,10.53,32.89,3.77,0.00,25.97,13.83
ZAF,2016,DHS,5797,3.36,23.84,36.32,24.66,15.17,23.84,8.70,15.60,11.56,37.60,2.70,0.00,28.42,18.14
ZAF,2016,IPUMS,9006,3.20,25.79,36.70,24.33,13.17,25.79,9.39,18.34,12.00,32.14,2.32,0.01,29.31,14.84
ZAF,2022,DYB,7181,3.44,26.06,39.76,22.02,12.16,25.71,,,,,,,,
ZMB,1990,IPUMS,1099,5.85,5.84,22.00,24.60,47.55,5.84,6.38,40.74,7.29,37.31,2.43,0.00,,
ZMB,1992,DHS,1947,5.61,6.59,22.23,26.53,44.65,6.59,6.36,32.73,4.09,46.71,3.49,0.04,21.36,16.27
ZMB,1996,DHS,1699,5.38,6.06,23.33,27.78,42.83,6.06,5.90,33.56,6.25,45.67,2.53,0.03,23.02,16.34
ZMB,1999,MICS,2892,5.38,5.41,22.85,29.64,42.10,5.41,4.66,38.57,7.92,41.42,2.03,0.00,,
ZMB,2000,IPUMS,324,5.24,7.07,24.53,28.41,39.99,7.07,5.72,35.62,8.07,39.23,2.18,2.12,23.00,13.08
ZMB,2002,DHS,1696,5.24,6.35,22.03,29.68,41.95,6.35,4.75,35.72,6.19,43.67,3.33,0.00,20.75,15.95
ZMB,2007,DHS,645,4.88,7.73,24.04,31.29,36.94,7.73,4.98,36.00,7.65,41.73,1.91,0.00,18.02,13.76
ZMB,2010,IPUMS,4729,5.21,6.35,21.83,29.49,42.33,6.35,4.23,40.34,8.43,38.62,2.04,0.00,22.45,13.45
ZMB,2013,DHS,5659,5.13,7.17,21.41,30.06,41.35,7.17,3.96,36.43,7.97,42.01,2.45,0.01,19.70,15.38
ZMB,2018,DHS,7633,5.00,7.97,22.79,30.69,38.55,7.97,3.42,35.59,9.64,41.06,2.32,0.00,21.76,16.75
ZMB,2024,DHS,9217,4.70,9.59,24.39,31.93,34.09,9.59,4.12,32.48,10.96,40.59,2.25,0.00,23.69,17.35
ZWE,1994,DHS,1701,4.69,13.50,25.13,26.32,35.05,13.50,4.26,22.06,12.74,41.35,5.91,0.18,22.59,17.70
ZWE,1999,DHS,1700,4.19,15.56,29.33,28.12,26.99,15.56,5.79,24.54,12.49,36.37,5.25,0.00,20.62,15.83
ZWE,2005,DHS,1698,4.46,10.16,27.63,33.64,28.57,10.16,3.66,22.94,12.67,45.80,4.66,0.12,23.95,19.17
ZWE,2009,MICS,5044,4.55,7.99,27.77,34.40,29.83,7.99,3.47,26.12,11.10,47.28,3.98,0.06,25.47,19.20
ZWE,2010,DHS,5073,4.15,11.66,30.94,33.62,23.77,11.66,4.09,24.76,12.22,43.25,4.01,0.01,21.56,17.30
ZWE,2012,IPUMS,4730,4.04,13.13,30.80,31.26,24.80,13.13,4.38,22.82,10.42,42.56,6.25,0.44,18.09,12.46
ZWE,2014,MICS,5585,4.16,11.03,30.82,34.38,23.77,11.03,3.98,26.75,12.41,40.99,4.73,0.10,19.87,16.66
ZWE,2015,DHS,5798,4.08,12.37,31.14,33.76,22.72,12.37,4.42,25.75,12.28,39.94,5.20,0.03,19.51,15.58
ZWE,2019,MICS,7593,4.02,12.86,30.57,34.40,22.17,12.86,4.53,27.24,13.03,37.03,5.30,0.00,19.85,15.07
