entity,year,area,usd_tn
BDs,2015,G21 + euro area,8.2590296851298
BDs,2015,G29,8.75583834473999
BDs,2016,G21 + euro area,8.7010193638576
BDs,2016,G29,9.23797104163943
BDs,2017,G21 + euro area,8.6556166636543
BDs,2017,G29,9.1598973341244
BDs,2018,G21 + euro area,9.25327691343523
BDs,2018,G29,9.67659242514286
BDs,2019,G21 + euro area,9.71508103281953
BDs,2019,G29,10.1996136053853
BDs,2020,G21 + euro area,10.7501046427045
BDs,2020,G29,11.2763810437497
BDs,2021,G21 + euro area,10.9498439276331
BDs,2021,G29,11.6086483798078
BDs,2022,G21 + euro area,11.4817163161518
BDs,2022,G29,12.1883736128039
BDs,2023,G21 + euro area,12.3965002676194
BDs,2023,G29,12.7613562480243
CCPs,2015,G21 + euro area,0.309590567815744
CCPs,2015,G29,0.343290857815744
CCPs,2016,G21 + euro area,0.385779155752307
CCPs,2016,G29,0.410713480752307
CCPs,2017,G21 + euro area,0.665661732282554
CCPs,2017,G29,0.690152952282554
CCPs,2018,G21 + euro area,0.665775358983821
CCPs,2018,G29,0.681147013983821
CCPs,2019,G21 + euro area,0.535746007105204
CCPs,2019,G29,0.550108797105204
CCPs,2020,G21 + euro area,0.644900395286227
CCPs,2020,G29,0.663858021701227
CCPs,2021,G21 + euro area,0.866158797569756
CCPs,2021,G29,0.881628754474756
CCPs,2022,G21 + euro area,0.835336912430569
CCPs,2022,G29,0.848901868119464
CCPs,2023,G21 + euro area,0.670528416993995
CCPs,2023,G29,0.679948586456847
CFIMLs,2015,G21 + euro area,2.84969080238496
CFIMLs,2015,G29,19.9840971698212
CFIMLs,2016,G21 + euro area,6.19414394102705
CFIMLs,2016,G29,24.2446146757408
CFIMLs,2017,G21 + euro area,6.75379731017679
CFIMLs,2017,G29,24.3187220976956
CFIMLs,2018,G21 + euro area,6.83379540795464
CFIMLs,2018,G29,23.9872289472999
CFIMLs,2019,G21 + euro area,5.86686095768538
CFIMLs,2019,G29,22.8698273270644
CFIMLs,2020,G21 + euro area,6.58774016768491
CFIMLs,2020,G29,22.569975478964
CFIMLs,2021,G21 + euro area,7.18489520475293
CFIMLs,2021,G29,23.9773800289986
CFIMLs,2022,G21 + euro area,7.42984110436046
CFIMLs,2022,G29,24.4128296547371
CFIMLs,2023,G21 + euro area,8.45945314943032
CFIMLs,2023,G29,25.2721585427715
FinCos,2015,G21 + euro area,3.68892541056403
FinCos,2015,G29,4.32164473596668
FinCos,2016,G21 + euro area,3.73812112906265
FinCos,2016,G29,4.37746878116659
FinCos,2017,G21 + euro area,3.88007292122123
FinCos,2017,G29,4.54205680277519
FinCos,2018,G21 + euro area,4.07262818963838
FinCos,2018,G29,4.77265487402028
FinCos,2019,G21 + euro area,4.31182181561439
FinCos,2019,G29,5.04267063472935
FinCos,2020,G21 + euro area,4.61893561794219
FinCos,2020,G29,5.39639565070478
FinCos,2021,G21 + euro area,5.64790327001046
FinCos,2021,G29,6.48757541382051
FinCos,2022,G21 + euro area,6.17339195545151
FinCos,2022,G29,6.94470389696933
FinCos,2023,G21 + euro area,6.67952123121027
FinCos,2023,G29,7.46195879583625
HFs,2015,G21 + euro area,4.18352646227664
HFs,2015,G29,4.18218695821938
HFs,2016,G21 + euro area,4.30636857719352
HFs,2016,G29,4.30446621671718
HFs,2017,G21 + euro area,4.96337839828343
HFs,2017,G29,4.95905128590902
HFs,2018,G21 + euro area,5.02204121680075
HFs,2018,G29,5.02280759555176
HFs,2019,G21 + euro area,5.79506493959721
HFs,2019,G29,5.78651725957367
HFs,2020,G21 + euro area,6.31554431051962
HFs,2020,G29,6.29673937726055
HFs,2021,G21 + euro area,6.81878814503825
HFs,2021,G29,6.77237027366635
HFs,2022,G21 + euro area,6.94767857200136
HFs,2022,G29,6.95410482017143
HFs,2023,G21 + euro area,8.46951117626754
HFs,2023,G29,8.47601345338695
MMFs,2015,G21 + euro area,5.3377909088338
MMFs,2015,G29,5.32962146965707
MMFs,2016,G21 + euro area,5.29292779304495
MMFs,2016,G29,5.28528912915495
MMFs,2017,G21 + euro area,5.8397459494997
MMFs,2017,G29,5.8344121012397
MMFs,2018,G21 + euro area,6.20667432096831
MMFs,2018,G29,6.20146537527831
MMFs,2019,G21 + euro area,6.99166598985238
MMFs,2019,G29,6.98843299853238
MMFs,2020,G21 + euro area,8.18443813604585
MMFs,2020,G29,8.18352638649402
MMFs,2021,G21 + euro area,8.8837956856093
MMFs,2021,G29,8.88347618628004
MMFs,2022,G21 + euro area,9.13933342091879
MMFs,2022,G29,9.14029958723251
MMFs,2023,G21 + euro area,10.7745705230804
MMFs,2023,G29,10.7736569935781
OIFs,2015,G21 + euro area,35.3286083898468
OIFs,2015,G29,34.9025546035648
OIFs,2016,G21 + euro area,38.3686506261854
OIFs,2016,G29,37.9117622806544
OIFs,2017,G21 + euro area,43.8091059809939
OIFs,2017,G29,43.3007947726756
OIFs,2018,G21 + euro area,42.1152975552557
OIFs,2018,G29,41.6487262739494
OIFs,2019,G21 + euro area,50.4411118289142
OIFs,2019,G29,49.9327139925253
OIFs,2020,G21 + euro area,56.279716667052
OIFs,2020,G29,55.7489877392539
OIFs,2021,G21 + euro area,65.7808768778255
OIFs,2021,G29,65.0955447934457
OIFs,2022,G21 + euro area,56.903912406724
OIFs,2022,G29,56.250182320266
OIFs,2023,G21 + euro area,63.3370910914066
OIFs,2023,G29,62.5720920734978
Others,2015,G21 + euro area,22.4891093664466
Others,2015,G29,3.82847535629501
Others,2016,G21 + euro area,21.4103931177064
Others,2016,G29,1.94713449500057
Others,2017,G21 + euro area,21.4210397891072
Others,2017,G29,2.02733635270301
Others,2018,G21 + euro area,20.8923543572175
Others,2018,G29,1.91275889270548
Others,2019,G21 + euro area,21.5470753727975
Others,2019,G29,1.89949051257452
Others,2020,G21 + euro area,19.6544191868482
Others,2020,G29,1.65734436558338
Others,2021,G21 + euro area,21.0353945685226
Others,2021,G29,1.69750045267658
Others,2022,G21 + euro area,21.3120055342652
Others,2022,G29,1.72978642767386
Others,2023,G21 + euro area,22.0967176775557
Others,2023,G29,1.99442944726363
Others identified,2015,G21 + euro area,3.74088751830384
Others identified,2015,G29,4.34023329083987
Others identified,2016,G21 + euro area,5.23731630900238
Others identified,2016,G29,5.91653402343756
Others identified,2017,G21 + euro area,5.41545503391524
Others identified,2017,G29,6.08647718273488
Others identified,2018,G21 + euro area,5.41896392487209
Others identified,2018,G29,6.05613351918941
Others identified,2019,G21 + euro area,5.89068422045715
Others identified,2019,G29,6.74536143657715
Others identified,2020,G21 + euro area,8.85925032838612
Others identified,2020,G29,9.44227307265112
Others identified,2021,G21 + euro area,9.63373531903533
Others identified,2021,G29,10.2662178755722
Others identified,2022,G21 + euro area,9.62445579308785
Others identified,2022,G29,10.2724387016353
Others identified,2023,G21 + euro area,9.75476490390299
Others identified,2023,G29,10.4041966284611
REITs,2015,G21 + euro area,1.53161634057567
REITs,2015,G29,1.79589256215269
REITs,2016,G21 + euro area,1.68402651528998
REITs,2016,G29,1.97223057711029
REITs,2017,G21 + euro area,1.87191736568762
REITs,2017,G29,2.22200688030122
REITs,2018,G21 + euro area,2.08692942166583
REITs,2018,G29,2.48101148826727
REITs,2019,G21 + euro area,2.36171912429863
REITs,2019,G29,2.79624191994812
REITs,2020,G21 + euro area,2.28192993768434
REITs,2020,G29,2.76861785600961
REITs,2021,G21 + euro area,2.59207258311586
REITs,2021,G29,3.15528336018523
REITs,2022,G21 + euro area,2.74049810637046
REITs,2022,G29,3.20754242833803
REITs,2023,G21 + euro area,2.77151761051593
REITs,2023,G29,3.25454834529082
SFVs,2015,G21 + euro area,4.49241154130983
SFVs,2015,G29,4.43884211039483
SFVs,2016,G21 + euro area,4.36455447535155
SFVs,2016,G29,4.27211116543155
SFVs,2017,G21 + euro area,4.44743270869679
SFVs,2017,G29,4.36886425171679
SFVs,2018,G21 + euro area,4.7904675175633
SFVs,2018,G29,4.7167405595183
SFVs,2019,G21 + euro area,5.1726017289654
SFVs,2019,G29,5.1685383377699
SFVs,2020,G21 + euro area,5.43723758782096
SFVs,2020,G29,5.42165664272696
SFVs,2021,G21 + euro area,6.12329310962962
SFVs,2021,G29,6.12821386546312
SFVs,2022,G21 + euro area,6.25208352728024
SFVs,2022,G29,6.24415954784213
SFVs,2023,G21 + euro area,6.43107256607931
SFVs,2023,G29,6.42568703621034
TCs,2015,G21 + euro area,2.69265091248433
TCs,2015,G29,2.69265091248433
TCs,2016,G21 + euro area,3.29448900324953
TCs,2016,G29,3.29448900324953
TCs,2017,G21 + euro area,4.19434635213104
TCs,2017,G29,4.19434635213104
TCs,2018,G21 + euro area,3.74824038960363
TCs,2018,G29,3.74824038960363
TCs,2019,G21 + euro area,3.69297568885041
TCs,2019,G29,3.69297568885041
TCs,2020,G21 + euro area,3.59289406168448
TCs,2020,G29,3.59289406168448
TCs,2021,G21 + euro area,3.73027909101237
TCs,2021,G29,3.73027909101237
TCs,2022,G21 + euro area,3.77965711250274
TCs,2022,G29,3.77965711250274
TCs,2023,G21 + euro area,4.20104827824318
TCs,2023,G29,4.20104827824318
