area,year,indicator,currency,unit,value
G001,2015,AFXRA,AUD,NV_USD,199865466100
G001,2015,AFXRA,AUD,SHRO_PT,1.829566
G001,2015,AFXRA,CAD,NV_USD,227773978940
G001,2015,AFXRA,CAD,SHRO_PT,2.0850402
G001,2015,AFXRA,CHF,NV_USD,30876959850
G001,2015,AFXRA,CHF,SHRO_PT,0.2826473
G001,2015,AFXRA,EUR,NV_USD,2119355476120
G001,2015,AFXRA,EUR,SHRO_PT,19.4005537
G001,2015,AFXRA,GBP,NV_USD,565213933020
G001,2015,AFXRA,GBP,SHRO_PT,5.1739613
G001,2015,AFXRA,JPY,NV_USD,426029664130
G001,2015,AFXRA,JPY,SHRO_PT,3.8998703
G001,2015,AFXRA,OTHC,NV_USD,346769548170
G001,2015,AFXRA,OTHC,SHRO_PT,3.1743241
G001,2015,AFXRA,USD,NV_USD,7008315919810
G001,2015,AFXRA,USD,SHRO_PT,64.154037
G001,2015,AFXRA,_T,NV_USD,10924200946140
G001,2015,AFXRA,_T,SHRO_PT,100
G001,2015,TFXRA,_T,NV_USD,10924200946140
G001,2015,UFXRA,_T,NV_USD,0
G001,2015,UFXRA,_T,SHRO_PT,0
G001,2016,AFXRA,AUD,NV_USD,200425360290
G001,2016,AFXRA,AUD,SHRO_PT,1.8701022
G001,2016,AFXRA,CAD,NV_USD,228405779290
G001,2016,AFXRA,CAD,SHRO_PT,2.1311781
G001,2016,AFXRA,CHF,NV_USD,18780018890
G001,2016,AFXRA,CHF,SHRO_PT,0.1752301
G001,2016,AFXRA,CNY,NV_USD,106876710370
G001,2016,AFXRA,CNY,SHRO_PT,0.9972309
G001,2016,AFXRA,EUR,NV_USD,2028548474730
G001,2016,AFXRA,EUR,SHRO_PT,18.9277091
G001,2016,AFXRA,GBP,NV_USD,500001404960
G001,2016,AFXRA,GBP,SHRO_PT,4.6653463
G001,2016,AFXRA,JPY,NV_USD,426691290000
G001,2016,AFXRA,JPY,SHRO_PT,3.9813141
G001,2016,AFXRA,OTHC,NV_USD,275641458410
G001,2016,AFXRA,OTHC,SHRO_PT,2.5719185
G001,2016,AFXRA,USD,NV_USD,6931977613300
G001,2016,AFXRA,USD,SHRO_PT,64.6799707
G001,2016,AFXRA,_T,NV_USD,10717348110240
G001,2016,AFXRA,_T,SHRO_PT,100
G001,2016,TFXRA,_T,NV_USD,10717348110240
G001,2016,UFXRA,_T,NV_USD,0
G001,2016,UFXRA,_T,SHRO_PT,0
G001,2017,AFXRA,AUD,NV_USD,225334224160
G001,2017,AFXRA,AUD,SHRO_PT,1.9692428
G001,2017,AFXRA,CAD,NV_USD,242674348710
G001,2017,AFXRA,CAD,SHRO_PT,2.1207818
G001,2017,AFXRA,CHF,NV_USD,20408109230
G001,2017,AFXRA,CHF,SHRO_PT,0.1783507
G001,2017,AFXRA,CNY,NV_USD,140712745510
G001,2017,AFXRA,CNY,SHRO_PT,1.229718
G001,2017,AFXRA,EUR,NV_USD,2265390359800
G001,2017,AFXRA,EUR,SHRO_PT,19.7977191
G001,2017,AFXRA,GBP,NV_USD,542200067850
G001,2017,AFXRA,GBP,SHRO_PT,4.7383995
G001,2017,AFXRA,JPY,NV_USD,546623180990
G001,2017,AFXRA,JPY,SHRO_PT,4.777054
G001,2017,AFXRA,OTHC,NV_USD,283943005700
G001,2017,AFXRA,OTHC,SHRO_PT,2.4814372
G001,2017,AFXRA,USD,NV_USD,7175397571850
G001,2017,AFXRA,USD,SHRO_PT,62.7072968
G001,2017,AFXRA,_T,NV_USD,11442683613800
G001,2017,AFXRA,_T,SHRO_PT,100
G001,2017,TFXRA,_T,NV_USD,11442683613800
G001,2017,UFXRA,_T,NV_USD,0
G001,2017,UFXRA,_T,SHRO_PT,0
G001,2018,AFXRA,AUD,NV_USD,198716807756.666
G001,2018,AFXRA,AUD,SHRO_PT,1.73973294161817
G001,2018,AFXRA,CAD,NV_USD,210706592735.003
G001,2018,AFXRA,CAD,SHRO_PT,1.84470153549411
G001,2018,AFXRA,CHF,NV_USD,15259184783.0309
G001,2018,AFXRA,CHF,SHRO_PT,0.133591650998063
G001,2018,AFXRA,CNY,NV_USD,223820493668.014
G001,2018,AFXRA,CNY,SHRO_PT,1.95951157951522
G001,2018,AFXRA,EUR,NV_USD,2287938885628.34
G001,2018,AFXRA,EUR,SHRO_PT,20.0305283316089
G001,2018,AFXRA,GBP,NV_USD,515219197609.428
G001,2018,AFXRA,GBP,SHRO_PT,4.51065926608886
G001,2018,AFXRA,JPY,NV_USD,581443056333.668
G001,2018,AFXRA,JPY,SHRO_PT,5.09043824827092
G001,2018,AFXRA,OTHC,NV_USD,299927233998.645
G001,2018,AFXRA,OTHC,SHRO_PT,2.62581356336408
G001,2018,AFXRA,USD,NV_USD,7089227849643.91
G001,2018,AFXRA,USD,SHRO_PT,62.0650228830416
G001,2018,AFXRA,_T,NV_USD,11422259302156.7
G001,2018,AFXRA,_T,SHRO_PT,100
G001,2018,TFXRA,_T,NV_USD,11422259302156.7
G001,2018,UFXRA,_T,NV_USD,0
G001,2018,UFXRA,_T,SHRO_PT,0
G001,2019,AFXRA,AUD,NV_USD,217160254256.825
G001,2019,AFXRA,AUD,SHRO_PT,1.83794324888231
G001,2019,AFXRA,CAD,NV_USD,223900245388.06
G001,2019,AFXRA,CAD,SHRO_PT,1.89498739464266
G001,2019,AFXRA,CHF,NV_USD,16762161578.4796
G001,2019,AFXRA,CHF,SHRO_PT,0.141867128564908
G001,2019,AFXRA,CNY,NV_USD,239353954793.862
G001,2019,AFXRA,CNY,SHRO_PT,2.0257803934342
G001,2019,AFXRA,EUR,NV_USD,2342353466200.82
G001,2019,AFXRA,EUR,SHRO_PT,19.8245887786098
G001,2019,AFXRA,GBP,NV_USD,552287489681.632
G001,2019,AFXRA,GBP,SHRO_PT,4.67430408283664
G001,2019,AFXRA,JPY,NV_USD,687933315651.346
G001,2019,AFXRA,JPY,SHRO_PT,5.82234717632673
G001,2019,AFXRA,OTHC,NV_USD,290413751148.279
G001,2019,AFXRA,OTHC,SHRO_PT,2.45792672849937
G001,2019,AFXRA,USD,NV_USD,7245230335486.3
G001,2019,AFXRA,USD,SHRO_PT,61.3202550682034
G001,2019,AFXRA,_T,NV_USD,11815394974185.6
G001,2019,AFXRA,_T,SHRO_PT,100
G001,2019,TFXRA,_T,NV_USD,11815394974185.6
G001,2019,UFXRA,_T,NV_USD,0
G001,2019,UFXRA,_T,SHRO_PT,0
G001,2020,AFXRA,AUD,NV_USD,251447616018.35
G001,2020,AFXRA,AUD,SHRO_PT,1.98084877918702
G001,2020,AFXRA,CAD,NV_USD,269666761815.008
G001,2020,AFXRA,CAD,SHRO_PT,2.12437518552411
G001,2020,AFXRA,CHF,NV_USD,20877608302.3238
G001,2020,AFXRA,CHF,SHRO_PT,0.164469186754926
G001,2020,AFXRA,CNY,NV_USD,294824810395.082
G001,2020,AFXRA,CNY,SHRO_PT,2.32256473532254
G001,2020,AFXRA,EUR,NV_USD,2609668740231.57
G001,2020,AFXRA,EUR,SHRO_PT,20.5583939113306
G001,2020,AFXRA,GBP,NV_USD,604217789363.253
G001,2020,AFXRA,GBP,SHRO_PT,4.75989428484355
G001,2020,AFXRA,JPY,NV_USD,766390570049.308
G001,2020,AFXRA,JPY,SHRO_PT,6.0374556303283
G001,2020,AFXRA,OTHC,NV_USD,320359595859.767
G001,2020,AFXRA,OTHC,SHRO_PT,2.52372213508422
G001,2020,AFXRA,USD,NV_USD,7556479465409.42
G001,2020,AFXRA,USD,SHRO_PT,59.5282761516248
G001,2020,AFXRA,_T,NV_USD,12693932957444.1
G001,2020,AFXRA,_T,SHRO_PT,100
G001,2020,TFXRA,_T,NV_USD,12693932957444.1
G001,2020,UFXRA,_T,NV_USD,0
G001,2020,UFXRA,_T,SHRO_PT,0
G001,2021,AFXRA,AUD,NV_USD,258935860358.432
G001,2021,AFXRA,AUD,SHRO_PT,2.00505886277357
G001,2021,AFXRA,CAD,NV_USD,314203678906.607
G001,2021,AFXRA,CAD,SHRO_PT,2.43302287383323
G001,2021,AFXRA,CHF,NV_USD,20947844579.2416
G001,2021,AFXRA,CHF,SHRO_PT,0.1622087468745
G001,2021,AFXRA,CNY,NV_USD,368264229937.178
G001,2021,AFXRA,CNY,SHRO_PT,2.85163846002599
G001,2021,AFXRA,EUR,NV_USD,2558983744830.01
G001,2021,AFXRA,EUR,SHRO_PT,19.8153821960483
G001,2021,AFXRA,GBP,NV_USD,630272353471.227
G001,2021,AFXRA,GBP,SHRO_PT,4.88048726251867
G001,2021,AFXRA,JPY,NV_USD,710809093257.225
G001,2021,AFXRA,JPY,SHRO_PT,5.5041200944612
G001,2021,AFXRA,OTHC,NV_USD,380392224192.229
G001,2021,AFXRA,OTHC,SHRO_PT,2.94555106963941
G001,2021,AFXRA,USD,NV_USD,7671318588659.05
G001,2021,AFXRA,USD,SHRO_PT,59.4025304338252
G001,2021,AFXRA,_T,NV_USD,12914127618191.2
G001,2021,AFXRA,_T,SHRO_PT,100
G001,2021,TFXRA,_T,NV_USD,12914127618191.2
G001,2021,UFXRA,_T,NV_USD,0
G001,2021,UFXRA,_T,SHRO_PT,0
G001,2022,AFXRA,AUD,NV_USD,266153064762.163
G001,2022,AFXRA,AUD,SHRO_PT,2.23950481414795
G001,2022,AFXRA,CAD,NV_USD,295603787601.854
G001,2022,AFXRA,CAD,SHRO_PT,2.48731350898743
G001,2022,AFXRA,CHF,NV_USD,26136084265.6009
G001,2022,AFXRA,CHF,SHRO_PT,0.219918146729469
G001,2022,AFXRA,CNY,NV_USD,303112537676.202
G001,2022,AFXRA,CNY,SHRO_PT,2.5504949092865
G001,2022,AFXRA,EUR,NV_USD,2344771873605.8
G001,2022,AFXRA,EUR,SHRO_PT,19.7297306060791
G001,2022,AFXRA,GBP,NV_USD,599378140582.87
G001,2022,AFXRA,GBP,SHRO_PT,5.04337692260742
G001,2022,AFXRA,JPY,NV_USD,646590956391.612
G001,2022,AFXRA,JPY,SHRO_PT,5.44064235687256
G001,2022,AFXRA,OTHC,NV_USD,396614340871.514
G001,2022,AFXRA,OTHC,SHRO_PT,3.33725166320801
G001,2022,AFXRA,USD,NV_USD,7006099309850.61
G001,2022,AFXRA,USD,SHRO_PT,58.9517669677734
G001,2022,AFXRA,_T,NV_USD,11884460095608.2
G001,2022,AFXRA,_T,SHRO_PT,100
G001,2022,TFXRA,_T,NV_USD,11884460095608.2
G001,2022,UFXRA,_T,NV_USD,0
G001,2022,UFXRA,_T,SHRO_PT,0
G001,2023,AFXRA,AUD,NV_USD,257087165004.811
G001,2023,AFXRA,AUD,SHRO_PT,2.08758854866028
G001,2023,AFXRA,CAD,NV_USD,309452815259.973
G001,2023,AFXRA,CAD,SHRO_PT,2.51280570030212
G001,2023,AFXRA,CHF,NV_USD,24556527490.5552
G001,2023,AFXRA,CHF,SHRO_PT,0.199402883648872
G001,2023,AFXRA,CNY,NV_USD,287991128142.53
G001,2023,AFXRA,CNY,SHRO_PT,2.33853340148926
G001,2023,AFXRA,EUR,NV_USD,2365617474294.95
G001,2023,AFXRA,EUR,SHRO_PT,19.2091884613037
G001,2023,AFXRA,GBP,NV_USD,589550966305.422
G001,2023,AFXRA,GBP,SHRO_PT,4.78724718093872
G001,2023,AFXRA,JPY,NV_USD,670107662151.317
G001,2023,AFXRA,JPY,SHRO_PT,5.4413800239563
G001,2023,AFXRA,OTHC,NV_USD,547309031118.351
G001,2023,AFXRA,OTHC,SHRO_PT,4.44423580169678
G001,2023,AFXRA,USD,NV_USD,7263358270483.21
G001,2023,AFXRA,USD,SHRO_PT,58.9796180725098
G001,2023,AFXRA,_T,NV_USD,12315031040251.1
G001,2023,AFXRA,_T,SHRO_PT,100
G001,2023,TFXRA,_T,NV_USD,12315031040251.1
G001,2023,UFXRA,_T,NV_USD,0
G001,2023,UFXRA,_T,SHRO_PT,0
G001,2024,AFXRA,AUD,NV_USD,251065325486.428
G001,2024,AFXRA,AUD,SHRO_PT,2.0361864566803
G001,2024,AFXRA,CAD,NV_USD,350581092403.093
G001,2024,AFXRA,CAD,SHRO_PT,2.8432776927948
G001,2024,AFXRA,CHF,NV_USD,27033920609.2146
G001,2024,AFXRA,CHF,SHRO_PT,0.219250112771988
G001,2024,AFXRA,CNY,NV_USD,254643469471.343
G001,2024,AFXRA,CNY,SHRO_PT,2.06520581245422
G001,2024,AFXRA,EUR,NV_USD,2331670999542.63
G001,2024,AFXRA,EUR,SHRO_PT,18.9102840423584
G001,2024,AFXRA,GBP,NV_USD,566897420198.302
G001,2024,AFXRA,GBP,SHRO_PT,4.59764337539673
G001,2024,AFXRA,JPY,NV_USD,695458253090.187
G001,2024,AFXRA,JPY,SHRO_PT,5.64029550552368
G001,2024,AFXRA,OTHC,NV_USD,650986466069.034
G001,2024,AFXRA,OTHC,SHRO_PT,5.27962112426758
G001,2024,AFXRA,USD,NV_USD,7201837141938.64
G001,2024,AFXRA,USD,SHRO_PT,58.4082374572754
G001,2024,AFXRA,_T,NV_USD,12330174088808.9
G001,2024,AFXRA,_T,SHRO_PT,100
G001,2024,TFXRA,_T,NV_USD,12330174088808.9
G001,2024,UFXRA,_T,NV_USD,0
G001,2024,UFXRA,_T,SHRO_PT,0
G001,2025,AFXRA,AUD,NV_USD,265942867196.437
G001,2025,AFXRA,AUD,SHRO_PT,2.02289247512817
G001,2025,AFXRA,CAD,NV_USD,328230274670.852
G001,2025,AFXRA,CAD,SHRO_PT,2.49668121337891
G001,2025,AFXRA,CHF,NV_USD,29995986300.1851
G001,2025,AFXRA,CHF,SHRO_PT,0.228164255619049
G001,2025,AFXRA,CNY,NV_USD,256995176317.892
G001,2025,AFXRA,CNY,SHRO_PT,1.95483195781708
G001,2025,AFXRA,EUR,NV_USD,2679437249294.71
G001,2025,AFXRA,EUR,SHRO_PT,20.3811206817627
G001,2025,AFXRA,GBP,NV_USD,579635734566.264
G001,2025,AFXRA,GBP,SHRO_PT,4.40899515151978
G001,2025,AFXRA,JPY,NV_USD,768227454887.091
G001,2025,AFXRA,JPY,SHRO_PT,5.84351682662964
G001,2025,AFXRA,OTHC,NV_USD,821209809172.617
G001,2025,AFXRA,OTHC,SHRO_PT,6.24652671813965
G001,2025,AFXRA,USD,NV_USD,7416988525280.19
G001,2025,AFXRA,USD,SHRO_PT,56.4172706604004
G001,2025,AFXRA,_T,NV_USD,13146663077686.2
G001,2025,AFXRA,_T,SHRO_PT,100
G001,2025,TFXRA,_T,NV_USD,13146663077686.2
G001,2025,TFXRA_IMP,_T,SHRO_PT,10.49
G001,2025,UFXRA,_T,NV_USD,0
G001,2025,UFXRA,_T,SHRO_PT,0
