iso3,year,fine,coarse,anchor
ABW,2015,2,1,USD
ABW,2016,2,1,USD
ABW,2017,2,1,USD
ABW,2018,2,1,USD
ABW,2019,2,1,USD
AFG,2015,7,2,USD
AFG,2016,7,2,USD
AFG,2017,7,2,USD
AFG,2018,7,2,USD
AFG,2019,7,2,USD
AGO,2015,14,5,USD
AGO,2016,14,5,USD
AGO,2017,14,5,n.a.
AGO,2018,14,5,n.a.
AGO,2019,14,5,n.a.
ALB,2015,4,1,EUR
ALB,2016,4,1,EUR
ALB,2017,4,1,EUR
ALB,2018,4,1,EUR
ALB,2019,4,1,EUR
ARE,2015,2,1,USD
ARE,2016,2,1,USD
ARE,2017,2,1,USD
ARE,2018,2,1,USD
ARE,2019,2,1,USD
ARG,2015,14,5,USD
ARG,2016,14,5,USD
ARG,2017,14,5,USD
ARG,2018,14,5,USD
ARG,2019,14,5,USD
ARM,2015,4,1,USD
ARM,2016,4,1,USD
ARM,2017,4,1,USD
ARM,2018,4,1,USD
ARM,2019,4,1,USD
ATG,2015,1,1,USD
ATG,2016,1,1,USD
ATG,2017,1,1,USD
ATG,2018,1,1,USD
ATG,2019,1,1,USD
AUS,2015,13,4,AUD
AUS,2016,13,4,AUD
AUS,2017,13,4,AUD
AUS,2018,13,4,AUD
AUS,2019,13,4,AUD
AUT,2015,1,1,EUR
AUT,2016,1,1,EUR
AUT,2017,1,1,EUR
AUT,2018,1,1,EUR
AUT,2019,1,1,EUR
AZE,2015,15,6,USD
AZE,2016,14,5,USD
AZE,2017,15,6,USD
AZE,2018,15,6,USD
AZE,2019,15,6,USD
BDI,2015,15,6,USD
BDI,2016,15,6,USD
BDI,2017,15,6,USD
BDI,2018,15,6,USD
BDI,2019,15,6,USD
BEL,2015,1,1,EUR
BEL,2016,1,1,EUR
BEL,2017,1,1,EUR
BEL,2018,1,1,EUR
BEL,2019,1,1,EUR
BEN,2015,1,1,EUR
BEN,2016,1,1,EUR
BEN,2017,1,1,EUR
BEN,2018,1,1,EUR
BEN,2019,1,1,EUR
BFA,2015,1,1,EUR
BFA,2016,1,1,EUR
BFA,2017,1,1,EUR
BFA,2018,1,1,EUR
BFA,2019,1,1,EUR
BGD,2015,4,1,USD
BGD,2016,4,1,USD
BGD,2017,4,1,USD
BGD,2018,4,1,USD
BGD,2019,4,1,USD
BGR,2015,2,1,EUR
BGR,2016,2,1,EUR
BGR,2017,2,1,EUR
BGR,2018,2,1,EUR
BGR,2019,2,1,EUR
BHR,2015,2,1,USD
BHR,2016,2,1,USD
BHR,2017,2,1,USD
BHR,2018,2,1,USD
BHR,2019,2,1,USD
BHS,2015,2,1,USD
BHS,2016,2,1,USD
BHS,2017,2,1,USD
BHS,2018,2,1,USD
BHS,2019,2,1,USD
BIH,2015,2,1,EUR
BIH,2016,2,1,EUR
BIH,2017,2,1,EUR
BIH,2018,2,1,EUR
BIH,2019,2,1,EUR
BLR,2015,14,5,USD
BLR,2016,8,2,USD
BLR,2017,8,2,USD
BLR,2018,8,2,USD
BLR,2019,8,2,USD
BLZ,2015,2,1,USD
BLZ,2016,2,1,USD
BLZ,2017,2,1,USD
BLZ,2018,2,1,USD
BLZ,2019,2,1,USD
BMU,2015,2,1,USD
BMU,2016,2,1,USD
BMU,2017,2,1,USD
BMU,2018,2,1,USD
BMU,2019,2,1,USD
BOL,2015,4,1,USD
BOL,2016,4,1,USD
BOL,2017,4,1,USD
BOL,2018,4,1,USD
BOL,2019,4,1,USD
BRA,2015,12,3,USD
BRA,2016,12,3,USD
BRA,2017,12,3,USD
BRA,2018,12,3,USD
BRA,2019,12,3,USD
BRB,2015,2,1,USD
BRB,2016,2,1,USD
BRB,2017,2,1,USD
BRB,2018,2,1,USD
BRB,2019,2,1,USD
BRN,2015,2,1,SGD
BRN,2016,2,1,SGD
BRN,2017,2,1,SGD
BRN,2018,2,1,SGD
BRN,2019,2,1,SGD
BTN,2015,2,1,INR
BTN,2016,2,1,INR
BTN,2017,2,1,INR
BTN,2018,2,1,INR
BTN,2019,2,1,INR
BWA,2015,8,2,ZAR
BWA,2016,8,2,ZAR
BWA,2017,8,2,ZAR
BWA,2018,8,2,ZAR
BWA,2019,8,2,ZAR
CAF,2015,1,1,EUR
CAF,2016,1,1,EUR
CAF,2017,1,1,EUR
CAF,2018,1,1,EUR
CAF,2019,1,1,EUR
CAN,2015,13,4,CAD
CAN,2016,13,4,CAD
CAN,2017,13,4,CAD
CAN,2018,13,4,CAD
CAN,2019,13,4,CAD
CHE,2015,11,3,EUR
CHE,2016,11,3,EUR
CHE,2017,11,3,EUR
CHE,2018,11,3,EUR
CHE,2019,11,3,EUR
CHL,2015,12,3,USD
CHL,2016,12,3,USD
CHL,2017,12,3,USD
CHL,2018,12,3,USD
CHL,2019,12,3,USD
CHN,2015,3,1,USD
CHN,2016,3,1,USD
CHN,2017,3,1,USD-EUR
CHN,2018,3,1,USD-EUR
CHN,2019,3,1,USD-EUR
CIV,2015,1,1,EUR
CIV,2016,1,1,EUR
CIV,2017,1,1,EUR
CIV,2018,1,1,EUR
CIV,2019,1,1,EUR
CMR,2015,1,1,EUR
CMR,2016,1,1,EUR
CMR,2017,1,1,EUR
CMR,2018,1,1,EUR
CMR,2019,1,1,EUR
COD,2015,4,1,USD
COD,2016,7,2,USD
COD,2017,7,2,USD
COD,2018,7,2,USD
COD,2019,7,2,USD
COG,2015,1,1,EUR
COG,2016,1,1,EUR
COG,2017,1,1,EUR
COG,2018,1,1,EUR
COG,2019,1,1,EUR
COL,2015,12,3,USD
COL,2016,12,3,USD
COL,2017,12,3,USD
COL,2018,12,3,USD
COL,2019,12,3,USD
COM,2015,2,1,EUR
COM,2016,2,1,EUR
COM,2017,2,1,EUR
COM,2018,2,1,EUR
COM,2019,2,1,EUR
CPV,2015,2,1,EUR
CPV,2016,2,1,EUR
CPV,2017,2,1,EUR
CPV,2018,2,1,EUR
CPV,2019,2,1,EUR
CRI,2015,3,1,USD
CRI,2016,3,1,USD
CRI,2017,3,1,USD
CRI,2018,3,1,USD
CRI,2019,3,1,USD
CUW,2015,2,1,USD
CUW,2016,2,1,USD
CUW,2017,2,1,USD
CUW,2018,2,1,USD
CUW,2019,2,1,USD
CYP,2015,1,1,EUR
CYP,2016,1,1,EUR
CYP,2017,1,1,EUR
CYP,2018,1,1,EUR
CYP,2019,1,1,EUR
CZE,2015,4,1,EUR
CZE,2016,4,1,EUR
CZE,2017,4,1,EUR
CZE,2018,4,1,EUR
CZE,2019,4,1,EUR
DEU,2015,1,1,EUR
DEU,2016,1,1,EUR
DEU,2017,1,1,EUR
DEU,2018,1,1,EUR
DEU,2019,1,1,EUR
DJI,2015,2,1,USD
DJI,2016,2,1,USD
DJI,2017,2,1,USD
DJI,2018,2,1,USD
DJI,2019,2,1,USD
DMA,2015,1,1,USD
DMA,2016,1,1,USD
DMA,2017,1,1,USD
DMA,2018,1,1,USD
DMA,2019,1,1,USD
DNK,2015,2,1,EUR
DNK,2016,2,1,EUR
DNK,2017,2,1,EUR
DNK,2018,2,1,EUR
DNK,2019,2,1,EUR
DOM,2015,7,2,USD
DOM,2016,7,2,USD
DOM,2017,7,2,USD
DOM,2018,7,2,USD
DOM,2019,7,2,USD
DZA,2015,8,2,EUR
DZA,2016,8,2,EUR
DZA,2017,8,2,EUR
DZA,2018,8,2,EUR
DZA,2019,8,2,EUR
ECU,2015,1,1,USD
ECU,2016,1,1,USD
ECU,2017,1,1,USD
ECU,2018,1,1,USD
ECU,2019,1,1,USD
EGY,2015,8,2,USD
EGY,2016,8,2,USD
EGY,2017,8,2,USD
EGY,2018,8,2,USD
EGY,2019,8,2,USD
ERI,2015,2,1,USD
ERI,2016,2,1,USD
ERI,2017,2,1,USD
ERI,2018,2,1,USD
ERI,2019,2,1,USD
ESP,2015,1,1,EUR
ESP,2016,1,1,EUR
ESP,2017,1,1,EUR
ESP,2018,1,1,EUR
ESP,2019,1,1,EUR
EST,2015,1,1,EUR
EST,2016,1,1,EUR
EST,2017,1,1,EUR
EST,2018,1,1,EUR
EST,2019,1,1,EUR
ETH,2015,7,2,USD
ETH,2016,7,2,USD
ETH,2017,7,2,USD
ETH,2018,7,2,USD
ETH,2019,7,2,USD
FIN,2015,1,1,EUR
FIN,2016,1,1,EUR
FIN,2017,1,1,EUR
FIN,2018,1,1,EUR
FIN,2019,1,1,EUR
FJI,2015,6,2,USD-AUD
FJI,2016,6,2,USD-AUD
FJI,2017,6,2,USD-AUD
FJI,2018,6,2,USD-AUD
FJI,2019,6,2,USD-AUD
FRA,2015,1,1,EUR
FRA,2016,1,1,EUR
FRA,2017,1,1,EUR
FRA,2018,1,1,EUR
FRA,2019,1,1,EUR
FSM,2015,1,1,USD
FSM,2016,1,1,USD
FSM,2017,1,1,USD
FSM,2018,1,1,USD
FSM,2019,1,1,USD
GAB,2015,1,1,EUR
GAB,2016,1,1,EUR
GAB,2017,1,1,EUR
GAB,2018,1,1,EUR
GAB,2019,1,1,EUR
GBR,2015,13,4,GBP
GBR,2016,13,4,GBP
GBR,2017,13,4,GBP
GBR,2018,13,4,GBP
GBR,2019,13,4,GBP
GEO,2015,8,2,USD
GEO,2016,8,2,USD
GEO,2017,8,2,USD
GEO,2018,8,2,USD
GEO,2019,8,2,USD
GHA,2015,10,3,USD
GHA,2016,10,3,USD
GHA,2017,10,3,USD
GHA,2018,10,3,USD
GHA,2019,10,3,USD
GIN,2015,7,2,USD
GIN,2016,7,2,USD
GIN,2017,7,2,USD
GIN,2018,7,2,USD
GIN,2019,7,2,USD
GMB,2015,8,2,USD
GMB,2016,8,2,USD
GMB,2017,8,2,USD
GMB,2018,8,2,USD
GMB,2019,8,2,USD
GNB,2015,1,1,EUR
GNB,2016,1,1,EUR
GNB,2017,1,1,EUR
GNB,2018,1,1,EUR
GNB,2019,1,1,EUR
GNQ,2015,1,1,EUR
GNQ,2016,1,1,EUR
GNQ,2017,1,1,EUR
GNQ,2018,1,1,EUR
GNQ,2019,1,1,EUR
GRC,2015,1,1,EUR
GRC,2016,1,1,EUR
GRC,2017,1,1,EUR
GRC,2018,1,1,EUR
GRC,2019,1,1,EUR
GRD,2015,1,1,USD
GRD,2016,1,1,USD
GRD,2017,1,1,USD
GRD,2018,1,1,USD
GRD,2019,1,1,USD
GTM,2015,7,2,USD
GTM,2016,7,2,USD
GTM,2017,7,2,USD
GTM,2018,7,2,USD
GTM,2019,7,2,USD
GUY,2015,4,1,USD
GUY,2016,4,1,USD
GUY,2017,4,1,USD
GUY,2018,4,1,USD
GUY,2019,4,1,USD
HKG,2015,2,1,USD
HKG,2016,2,1,USD
HKG,2017,2,1,USD
HKG,2018,2,1,USD
HKG,2019,2,1,USD
HND,2015,7,2,USD
HND,2016,7,2,USD
HND,2017,7,2,USD
HND,2018,7,2,USD
HND,2019,7,2,USD
HRV,2015,4,1,EUR
HRV,2016,4,1,EUR
HRV,2017,4,1,EUR
HRV,2018,4,1,EUR
HRV,2019,4,1,EUR
HTI,2015,8,2,USD
HTI,2016,8,2,USD
HTI,2017,8,2,USD
HTI,2018,8,2,USD
HTI,2019,8,2,USD
HUN,2015,8,2,EUR
HUN,2016,8,2,EUR
HUN,2017,8,2,EUR
HUN,2018,8,2,EUR
HUN,2019,8,2,EUR
IDN,2015,8,2,USD
IDN,2016,8,2,USD
IDN,2017,8,2,USD
IDN,2018,8,2,USD
IDN,2019,8,2,USD
IND,2015,11,3,USD
IND,2016,11,3,USD
IND,2017,11,3,USD
IND,2018,11,3,USD
IND,2019,11,3,USD
IRL,2015,1,1,EUR
IRL,2016,1,1,EUR
IRL,2017,1,1,EUR
IRL,2018,1,1,EUR
IRL,2019,1,1,EUR
IRN,2015,7,2,USD
IRN,2016,7,2,USD
IRN,2017,7,2,USD
IRN,2018,14,5,USD
IRQ,2015,4,1,USD
IRQ,2016,4,1,USD
IRQ,2017,4,1,USD
IRQ,2018,4,1,USD
IRQ,2019,4,1,USD
ISL,2015,11,3,USD-EUR
ISL,2016,11,3,USD-EUR
ISL,2017,11,3,USD-EUR
ISL,2018,11,3,USD-EUR
ISL,2019,11,3,USD-EUR
ISR,2015,11,3,USD-EUR
ISR,2016,11,3,USD-EUR
ISR,2017,11,3,USD-EUR
ISR,2018,11,3,USD-EUR
ISR,2019,11,3,USD-EUR
ITA,2015,1,1,EUR
ITA,2016,1,1,EUR
ITA,2017,1,1,EUR
ITA,2018,1,1,EUR
ITA,2019,1,1,EUR
JAM,2015,7,2,USD
JAM,2016,7,2,USD
JAM,2017,7,2,USD
JAM,2018,7,2,USD
JAM,2019,7,2,USD
JOR,2015,4,1,USD
JOR,2016,4,1,USD
JOR,2017,4,1,USD
JOR,2018,4,1,USD
JOR,2019,4,1,USD
JPN,2015,13,4,JPY
JPN,2016,13,4,JPY
JPN,2017,13,4,JPY
JPN,2018,13,4,JPY
JPN,2019,13,4,JPY
KAZ,2015,14,5,USD
KAZ,2016,8,2,USD
KAZ,2017,8,2,USD
KAZ,2018,8,2,USD
KAZ,2019,8,2,USD
KEN,2015,8,2,USD
KEN,2016,8,2,USD
KEN,2017,8,2,USD
KEN,2018,8,2,USD
KEN,2019,8,2,USD
KGZ,2015,7,2,USD
KGZ,2016,4,1,USD
KGZ,2017,4,1,USD
KGZ,2018,4,1,USD
KGZ,2019,4,1,USD
KHM,2015,4,1,USD
KHM,2016,4,1,USD
KHM,2017,4,1,USD
KHM,2018,4,1,USD
KHM,2019,4,1,USD
KIR,2015,1,1,AUD
KIR,2016,1,1,AUD
KIR,2017,1,1,AUD
KIR,2018,1,1,AUD
KIR,2019,1,1,AUD
KNA,2015,1,1,USD
KNA,2016,1,1,USD
KNA,2017,1,1,USD
KNA,2018,1,1,USD
KNA,2019,1,1,USD
KOR,2015,12,3,USD
KOR,2016,12,3,USD
KOR,2017,12,3,USD
KOR,2018,12,3,USD
KOR,2019,12,3,USD
KWT,2015,4,1,USD
KWT,2016,4,1,USD
KWT,2017,4,1,USD
KWT,2018,4,1,USD
KWT,2019,4,1,USD
LAO,2015,4,1,USD
LAO,2016,4,1,USD
LAO,2017,4,1,USD
LAO,2018,4,1,USD
LAO,2019,4,1,USD
LBN,2015,2,1,USD
LBN,2016,2,1,USD
LBN,2017,2,1,USD
LBN,2018,2,1,USD
LBN,2019,2,1,USD
LBR,2015,8,2,USD
LBR,2016,8,2,USD
LBR,2017,8,2,USD
LBR,2018,8,2,USD
LBR,2019,8,2,USD
LBY,2015,6,2,USD
LBY,2016,14,5,USD
LCA,2015,1,1,USD
LCA,2016,1,1,USD
LCA,2017,1,1,USD
LCA,2018,1,1,USD
LCA,2019,1,1,USD
LIE,2015,1,1,CHF
LIE,2016,1,1,CHF
LIE,2017,1,1,CHF
LIE,2018,1,1,CHF
LIE,2019,1,1,CHF
LKA,2015,7,2,USD
LKA,2016,7,2,USD
LKA,2017,7,2,USD
LKA,2018,7,2,USD
LKA,2019,7,2,USD
LSO,2015,2,1,ZAR
LSO,2016,2,1,ZAR
LSO,2017,2,1,ZAR
LSO,2018,2,1,ZAR
LSO,2019,2,1,ZAR
LTU,2015,1,1,EUR
LTU,2016,1,1,EUR
LTU,2017,1,1,EUR
LTU,2018,1,1,EUR
LTU,2019,1,1,EUR
LUX,2015,1,1,EUR
LUX,2016,1,1,EUR
LUX,2017,1,1,EUR
LUX,2018,1,1,EUR
LUX,2019,1,1,EUR
LVA,2015,1,1,EUR
LVA,2016,1,1,EUR
LVA,2017,1,1,EUR
LVA,2018,1,1,EUR
LVA,2019,1,1,EUR
MAC,2015,2,1,USD
MAC,2016,2,1,USD
MAC,2017,2,1,USD
MAC,2018,2,1,USD
MAC,2019,2,1,USD
MAR,2015,4,1,EUR
MAR,2016,4,1,EUR
MAR,2017,4,1,EUR
MAR,2018,4,1,EUR
MAR,2019,4,1,EUR
MCO,2015,1,1,EUR
MCO,2016,1,1,EUR
MCO,2017,1,1,EUR
MCO,2018,1,1,EUR
MCO,2019,1,1,EUR
MDA,2015,14,5,USD
MDA,2016,11,3,USD
MDA,2017,11,3,USD
MDA,2018,11,3,USD
MDA,2019,11,3,USD
MDG,2015,10,3,USD-EUR
MDG,2016,10,3,USD-EUR
MDG,2017,10,3,USD-EUR
MDG,2018,10,3,USD-EUR
MDG,2019,10,3,USD-EUR
MDV,2015,4,1,USD
MDV,2016,4,1,USD
MDV,2017,4,1,USD
MDV,2018,4,1,USD
MDV,2019,4,1,USD
MEX,2015,12,3,USD
MEX,2016,13,4,MEX
MEX,2017,13,4,MEX
MEX,2018,13,4,MEX
MEX,2019,13,4,MEX
MHL,2015,1,1,USD
MHL,2016,1,1,USD
MHL,2017,1,1,USD
MHL,2018,1,1,USD
MHL,2019,1,1,USD
MKD,2015,4,1,EUR
MKD,2016,4,1,EUR
MKD,2017,4,1,EUR
MKD,2018,4,1,EUR
MKD,2019,4,1,EUR
MLI,2015,1,1,EUR
MLI,2016,1,1,EUR
MLI,2017,1,1,EUR
MLI,2018,1,1,EUR
MLI,2019,1,1,EUR
MLT,2015,1,1,EUR
MLT,2016,1,1,EUR
MLT,2017,1,1,EUR
MLT,2018,1,1,EUR
MLT,2019,1,1,EUR
MMR,2015,8,2,USD
MMR,2016,8,2,USD
MMR,2017,8,2,USD
MMR,2018,8,2,USD
MMR,2019,8,2,USD
MNE,2015,1,1,
MNE,2016,1,1,
MNE,2017,1,1,
MNE,2018,1,1,
MNE,2019,1,1,
MNG,2015,8,2,USD
MNG,2016,15,6,USD
MNG,2017,15,6,USD
MNG,2018,15,6,USD
MNG,2019,15,6,USD
MOZ,2015,14,5,USD
MOZ,2016,8,2,USD
MOZ,2017,8,2,USD
MOZ,2018,8,2,USD
MOZ,2019,8,2,USD
MRT,2015,7,2,USD
MRT,2016,7,2,USD
MRT,2017,7,2,USD
MRT,2018,7,2,USD
MRT,2019,7,2,USD
MUS,2015,4,1,USD-EUR
MUS,2016,4,1,USD-EUR
MUS,2017,4,1,USD-EUR
MUS,2018,4,1,USD-EUR
MUS,2019,4,1,USD-EUR
MWI,2015,14,5,USD
MWI,2016,15,6,USD
MWI,2017,15,6,USD
MWI,2018,15,6,USD
MWI,2019,15,6,USD
MYS,2015,11,3,USD
MYS,2016,12,3,USD
MYS,2017,11,3,USD-EUR
MYS,2018,11,3,USD-EUR
MYS,2019,11,3,USD-EUR
NAM,2015,2,1,ZAR
NAM,2016,2,1,ZAR
NAM,2017,2,1,ZAR
NAM,2018,2,1,ZAR
NAM,2019,2,1,ZAR
NER,2015,1,1,EUR
NER,2016,1,1,EUR
NER,2017,1,1,EUR
NER,2018,1,1,EUR
NER,2019,1,1,EUR
NGA,2015,14,5,USD
NGA,2016,14,5,USD
NGA,2017,4,1,USD
NGA,2018,4,1,USD
NGA,2019,4,1,USD
NIC,2015,5,2,USD
NIC,2016,5,2,USD
NIC,2017,5,2,USD
NIC,2018,5,2,USD
NIC,2019,5,2,USD
NLD,2015,1,1,EUR
NLD,2016,1,1,EUR
NLD,2017,1,1,EUR
NLD,2018,1,1,EUR
NLD,2019,1,1,EUR
NOR,2015,11,3,EUR
NOR,2016,11,3,EUR
NOR,2017,11,3,EUR
NOR,2018,11,3,EUR
NOR,2019,11,3,EUR
NPL,2015,2,1,INR
NPL,2016,2,1,INR
NPL,2017,2,1,INR
NPL,2018,2,1,INR
NPL,2019,2,1,INR
NZL,2015,12,3,AUD
NZL,2016,12,3,AUD
NZL,2017,12,3,AUD
NZL,2018,12,3,AUD
NZL,2019,12,3,AUD
OMN,2015,2,1,USD
OMN,2016,2,1,USD
OMN,2017,2,1,USD
OMN,2018,2,1,USD
OMN,2019,2,1,USD
PAK,2015,7,2,USD
PAK,2016,7,2,USD
PAK,2017,7,2,USD
PAK,2018,7,2,USD
PAK,2019,7,2,USD
PAN,2015,1,1,USD
PAN,2016,1,1,USD
PAN,2017,1,1,USD
PAN,2018,1,1,USD
PAN,2019,1,1,USD
PER,2015,8,2,USD
PER,2016,8,2,USD
PER,2017,8,2,USD
PER,2018,8,2,USD
PER,2019,8,2,USD
PHL,2015,8,2,USD
PHL,2016,8,2,USD
PHL,2017,8,2,USD
PHL,2018,8,2,USD
PHL,2019,8,2,USD
PLW,2015,1,1,USD
PLW,2016,1,1,USD
PLW,2017,1,1,USD
PLW,2018,1,1,USD
PLW,2019,1,1,USD
PNG,2015,7,2,USD
PNG,2016,7,2,USD
PNG,2017,7,2,USD
PNG,2018,7,2,USD
PNG,2019,7,2,USD
POL,2015,11,3,EUR
POL,2016,11,3,EUR
POL,2017,11,3,EUR
POL,2018,11,3,EUR
POL,2019,11,3,EUR
PRT,2015,1,1,EUR
PRT,2016,1,1,EUR
PRT,2017,1,1,EUR
PRT,2018,1,1,EUR
PRT,2019,1,1,EUR
PRY,2015,10,3,USD
PRY,2016,10,3,USD
PRY,2017,10,3,USD
PRY,2018,10,3,USD
PRY,2019,10,3,USD
PSE,2015,1,1,
PSE,2016,1,1,
PSE,2017,1,1,
PSE,2018,1,1,
PSE,2019,1,1,
QAT,2015,2,1,USD
QAT,2016,2,1,USD
QAT,2017,2,1,USD
QAT,2018,2,1,USD
QAT,2019,2,1,USD
ROU,2015,7,2,EUR
ROU,2016,7,2,EUR
ROU,2017,7,2,EUR
ROU,2018,7,2,EUR
ROU,2019,7,2,EUR
RUS,2015,14,5,USD-EUR
RUS,2016,12,3,USD-EUR
RUS,2017,12,3,USD-EUR
RUS,2018,12,3,USD-EUR
RUS,2019,12,3,USD-EUR
RWA,2015,7,2,USD
RWA,2016,7,2,USD
RWA,2017,7,2,USD
RWA,2018,7,2,USD
RWA,2019,7,2,USD
SAU,2015,4,1,USD
SAU,2016,4,1,USD
SAU,2017,4,1,USD
SAU,2018,4,1,USD
SAU,2019,4,1,USD
SDN,2015,8,2,USD
SDN,2016,8,2,USD
SDN,2017,14,5,USD
SDN,2018,14,5,USD
SDN,2019,14,5,USD
SEN,2015,1,1,EUR
SEN,2016,1,1,EUR
SEN,2017,1,1,EUR
SEN,2018,1,1,EUR
SEN,2019,1,1,EUR
SGP,2015,11,3,USD
SGP,2016,4,1,USD-EUR
SGP,2017,4,1,USD-EUR
SGP,2018,4,1,USD-EUR
SGP,2019,4,1,USD-EUR
SLB,2015,7,2,USD
SLB,2016,7,2,USD
SLB,2017,7,2,USD
SLB,2018,7,2,USD
SLB,2019,7,2,USD
SLE,2015,6,2,USD
SLE,2016,6,2,USD
SLE,2017,6,2,USD
SLE,2018,6,2,USD
SLE,2019,6,2,USD
SLV,2015,1,1,USD
SLV,2016,1,1,USD
SLV,2017,1,1,USD
SLV,2018,1,1,USD
SLV,2019,1,1,USD
SMR,2015,1,1,EUR
SMR,2016,1,1,EUR
SMR,2017,1,1,EUR
SMR,2018,1,1,EUR
SMR,2019,1,1,EUR
SRB,2015,4,1,EUR
SRB,2016,4,1,EUR
SRB,2017,4,1,EUR
SRB,2018,4,1,EUR
SRB,2019,4,1,EUR
STP,2015,2,1,EUR
STP,2016,2,1,EUR
STP,2017,2,1,EUR
STP,2018,2,1,EUR
STP,2019,2,1,EUR
SUR,2015,14,5,USD
SUR,2016,7,2,USD
SUR,2017,7,2,USD
SUR,2018,7,2,USD
SUR,2019,7,2,USD
SVK,2015,1,1,EUR
SVK,2016,1,1,EUR
SVK,2017,1,1,EUR
SVK,2018,1,1,EUR
SVK,2019,1,1,EUR
SVN,2015,1,1,EUR
SVN,2016,1,1,EUR
SVN,2017,1,1,EUR
SVN,2018,1,1,EUR
SVN,2019,1,1,EUR
SWE,2015,11,3,EUR
SWE,2016,11,3,EUR
SWE,2017,11,3,EUR
SWE,2018,11,3,EUR
SWE,2019,11,3,EUR
SWZ,2015,2,1,ZAR
SWZ,2016,2,1,ZAR
SWZ,2017,2,1,ZAR
SWZ,2018,2,1,ZAR
SWZ,2019,2,1,ZAR
SYC,2015,7,2,USD
SYC,2016,7,2,USD
SYC,2017,7,2,USD
SYC,2018,7,2,USD
SYC,2019,7,2,USD
SYR,2015,14,5,Freely_falling
SYR,2016,14,5,Freely_falling
SYR,2017,14,5,Freely_falling
SYR,2018,14,5,Freely_falling
SYR,2019,14,5,Freely_falling
TCD,2015,1,1,EUR
TCD,2016,1,1,EUR
TCD,2017,1,1,EUR
TCD,2018,1,1,EUR
TCD,2019,1,1,EUR
TGO,2015,1,1,EUR
TGO,2016,1,1,EUR
TGO,2017,1,1,EUR
TGO,2018,1,1,EUR
TGO,2019,1,1,EUR
THA,2015,11,3,USD
THA,2016,11,3,USD
THA,2017,11,3,USD
THA,2018,11,3,USD
THA,2019,11,3,USD
TJK,2015,7,2,USD
TJK,2016,7,2,USD
TJK,2017,7,2,USD
TJK,2018,7,2,USD
TJK,2019,7,2,USD
TKM,2015,14,5,USD
TKM,2016,14,5,USD
TKM,2017,14,5,USD
TKM,2018,14,5,USD
TKM,2019,14,5,USD
TON,2015,6,2,USD-AUD
TON,2016,6,2,USD-AUD
TON,2017,6,2,USD-AUD
TON,2018,6,2,USD-AUD
TON,2019,6,2,USD-AUD
TTO,2015,4,1,USD
TTO,2016,4,1,USD
TTO,2017,4,1,USD
TTO,2018,4,1,USD
TTO,2019,4,1,USD
TUN,2015,7,2,USD-EUR
TUN,2016,7,2,USD-EUR
TUN,2017,7,2,USD-EUR
TUN,2018,7,2,USD-EUR
TUN,2019,7,2,USD-EUR
TUR,2015,12,3,USD
TUR,2016,12,3,USD
TUR,2017,12,3,USD
TUR,2018,14,5,USD
TZA,2015,7,2,USD
TZA,2016,7,2,USD
TZA,2017,7,2,USD
TZA,2018,7,2,USD
TZA,2019,7,2,USD
UGA,2015,10,3,USD
UGA,2016,8,2,USD
UGA,2017,8,2,USD
UGA,2018,8,2,USD
UGA,2019,8,2,USD
UKR,2015,14,5,Freely_falling
URY,2015,10,3,USD
URY,2016,10,3,USD
URY,2017,10,3,USD
URY,2018,10,3,USD
URY,2019,10,3,USD
USA,2015,13,4,USD
USA,2016,13,4,USD
USA,2017,13,4,USD
USA,2018,13,4,USD
USA,2019,13,4,USD
UZB,2015,6,2,USD
UZB,2016,6,2,USD
UZB,2017,14,5,USD
VCT,2015,1,1,USD
VCT,2016,1,1,USD
VCT,2017,1,1,USD
VCT,2018,1,1,USD
VCT,2019,1,1,USD
VEN,2015,14,5,Freely_falling
VEN,2016,14,5,Freely_falling
VEN,2017,14,5,Freely_falling
VEN,2018,14,5,Freely_falling
VEN,2019,14,5,Freely_falling
VNM,2015,7,2,USD
VNM,2016,7,2,USD
VNM,2017,7,2,USD
VNM,2018,7,2,USD
VNM,2019,7,2,USD
VUT,2015,10,3,AUD
VUT,2016,10,3,AUD
VUT,2017,10,3,AUD
VUT,2018,10,3,AUD
VUT,2019,10,3,AUD
WSM,2015,6,2,USD-AUD
WSM,2016,6,2,USD-AUD
WSM,2017,6,2,USD-AUD
WSM,2018,6,2,USD-AUD
WSM,2019,6,2,USD-AUD
YEM,2015,7,2,USD
YEM,2016,14,5,Freely_falling
YEM,2017,14,5,Freely_falling
YEM,2018,14,5,Freely_falling
YEM,2019,14,5,Freely_falling
ZAF,2015,13,4,ZAR
ZAF,2016,13,4,ZAR
ZAF,2017,13,4,ZAR
ZAF,2018,13,4,ZAR
ZAF,2019,13,4,ZAR
ZMB,2015,14,5,USD
ZMB,2016,14,5,USD
ZWE,2015,1,1,USD
ZWE,2016,1,1,USD
ZWE,2017,1,1,USD
ZWE,2018,14,5,Freely_falling
ZWE,2019,14,5,Freely_falling
