iso3,year,plan,value
AUS,2016,Mandatory / Quasi-mandatory,75.09967196070396
AUS,2018,Mandatory / Quasi-mandatory,75.20865433662894
AUS,2020,Mandatory / Quasi-mandatory,78.47692679870542
AUT,2015,Voluntary occ,14.194278470199816
AUT,2015,Voluntary pers,26.308263759679118
AUT,2016,Voluntary occ,13.876378691465666
AUT,2016,Voluntary pers,23.78061717101914
AUT,2017,Voluntary occ,14.165031605503515
AUT,2017,Voluntary pers,22.239036860504772
AUT,2018,Voluntary occ,14.41397827165782
AUT,2018,Voluntary pers,20.632294660901422
AUT,2019,Voluntary occ,14.876048709305056
AUT,2019,Voluntary pers,19.143304329635455
AUT,2020,Voluntary occ,15.0263852629666
AUT,2020,Voluntary pers,17.944336638349114
AUT,2021,Voluntary occ,15.190616143564773
AUT,2021,Voluntary pers,16.544082950396035
AUT,2022,Voluntary occ,15.345741337781533
AUT,2022,Voluntary pers,15.33872595149364
BEL,2016,Voluntary occ,49.38626208800572
BEL,2017,Voluntary occ,50.634229712332086
BEL,2018,Voluntary occ,51.573791072272826
BEL,2019,Voluntary occ,54.032614676591315
BEL,2020,Voluntary occ,55.015018707426364
BEL,2021,Voluntary occ,56.82202466920717
BRA,2015,Voluntary occ,1.9115360215410901
BRA,2015,Voluntary pers,10.23396655760298
BRA,2016,Voluntary pers,10.942792268842478
BRA,2017,Voluntary occ,1.8749836952832768
BRA,2017,Voluntary pers,11.314566042863833
BRA,2018,Voluntary occ,1.8521297223584574
BRA,2018,Voluntary pers,10.667793258067443
BRA,2019,Voluntary pers,10.795354350622764
BRA,2020,Voluntary occ,2.0241398464424294
BRA,2020,Voluntary pers,11.934813282552927
CAN,2015,Voluntary occ,26.4714436694145
CAN,2015,Voluntary pers,25.32153878672585
CAN,2016,Voluntary occ,26.347223040226275
CAN,2016,Voluntary pers,24.97240288423525
CAN,2017,Voluntary occ,26.423191311612367
CAN,2017,Voluntary pers,24.92326649958229
CAN,2018,Voluntary occ,26.513992406131344
CAN,2018,Voluntary pers,24.83306724461687
CAN,2019,Voluntary occ,26.769201784097937
CAN,2019,Voluntary pers,24.21392792342632
CAN,2020,Voluntary occ,26.873625903327287
CAN,2020,Voluntary pers,25.277550205222994
CAN,2021,Voluntary occ,27.317079127320092
CAN,2021,Voluntary pers,25.633222077499187
CHE,2015,Mandatory / Quasi-mandatory,73.70977793371387
CHE,2016,Mandatory / Quasi-mandatory,73.62122758363031
CHE,2018,Mandatory / Quasi-mandatory,75.75361582160323
CHE,2019,Mandatory / Quasi-mandatory,77.20941694504558
CHE,2020,Mandatory / Quasi-mandatory,77.86616590937182
CHE,2021,Mandatory / Quasi-mandatory,78.78621264204604
CHL,2015,Mandatory / Quasi-mandatory,83.16504582612822
CHL,2016,Mandatory / Quasi-mandatory,84.2826340153985
CHL,2017,Mandatory / Quasi-mandatory,85.71013186758006
CHL,2018,Mandatory / Quasi-mandatory,86.74519488679074
CHL,2019,Mandatory / Quasi-mandatory,87.88092373485459
CHL,2020,Mandatory / Quasi-mandatory,83.02452692868083
CHL,2021,Mandatory / Quasi-mandatory,84.34462641932087
CHL,2022,Mandatory / Quasi-mandatory,85.83289906782599
COL,2015,Mandatory / Quasi-mandatory,44.07505048536223
COL,2016,Mandatory / Quasi-mandatory,46.29049279377485
COL,2017,Mandatory / Quasi-mandatory,47.98726862629461
COL,2018,Mandatory / Quasi-mandatory,49.3604749131212
COL,2019,Mandatory / Quasi-mandatory,51.101118705863485
COL,2020,Mandatory / Quasi-mandatory,51.990598572747736
COL,2021,Mandatory / Quasi-mandatory,53.45745203985246
COL,2022,Mandatory / Quasi-mandatory,55.24073389323035
CRI,2016,Mandatory / Quasi-mandatory,75.39700310460933
CRI,2016,Voluntary Total,4.479698550506243
CRI,2016,Voluntary pers,4.479698550506243
CRI,2017,Mandatory / Quasi-mandatory,77.93014869843083
CRI,2017,Voluntary Total,4.518134042913369
CRI,2017,Voluntary pers,4.518134042913369
CRI,2018,Mandatory / Quasi-mandatory,79.06345302354289
CRI,2018,Voluntary Total,4.540317277868481
CRI,2018,Voluntary pers,4.540317277868481
CRI,2019,Mandatory / Quasi-mandatory,81.11711425890631
CRI,2019,Voluntary Total,4.771352223125277
CRI,2019,Voluntary pers,4.771352223125277
CRI,2020,Mandatory / Quasi-mandatory,82.92904349073038
CRI,2020,Voluntary Total,4.77442154258583
CRI,2020,Voluntary pers,4.77442154258583
CRI,2021,Mandatory / Quasi-mandatory,84.20434084520707
CRI,2021,Voluntary Total,4.854102626601003
CRI,2021,Voluntary pers,4.854102626601003
CRI,2022,Mandatory / Quasi-mandatory,86.47820730240174
CRI,2022,Voluntary Total,5.091765592613529
CRI,2022,Voluntary pers,5.091765592613529
CZE,2016,Voluntary Total,64.91428439895704
CZE,2016,Voluntary pers,64.91428439895704
CZE,2017,Voluntary Total,64.19776774992643
CZE,2017,Voluntary pers,64.19776774992643
CZE,2018,Voluntary Total,64.07582504428815
CZE,2018,Voluntary pers,64.07582504428815
CZE,2019,Voluntary Total,64.10971023413694
CZE,2019,Voluntary pers,64.10971023413694
CZE,2020,Voluntary Total,63.5563466887228
CZE,2020,Voluntary pers,63.5563466887228
CZE,2021,Voluntary Total,63.67562621808735
CZE,2021,Voluntary pers,63.67562621808735
CZE,2022,Voluntary Total,64.29262030670816
CZE,2022,Voluntary pers,64.29262030670816
DEU,2015,Voluntary occ,57
DEU,2015,Voluntary pers,33.8
DEU,2019,Voluntary Total,66
DEU,2019,Voluntary occ,54
DEU,2019,Voluntary pers,30
DNK,2015,Mandatory / Quasi-mandatory,63.500489071344646
DNK,2015,Voluntary Total,18.048126606690776
DNK,2015,Voluntary pers,18.048126606690776
DNK,2016,Mandatory / Quasi-mandatory,64.00071058688427
DNK,2016,Voluntary Total,17.768400620448883
DNK,2016,Voluntary pers,17.768400620448883
DNK,2017,Mandatory / Quasi-mandatory,64.6171517408923
DNK,2017,Voluntary Total,20.107616856310475
DNK,2017,Voluntary pers,20.107616856310475
DNK,2018,Mandatory / Quasi-mandatory,65.0462453765014
DNK,2018,Voluntary Total,18.289629451384222
DNK,2018,Voluntary pers,18.289629451384222
DNK,2019,Mandatory / Quasi-mandatory,65.42118746096153
DNK,2019,Voluntary Total,17.057547608514536
DNK,2019,Voluntary pers,17.057547608514536
DNK,2020,Mandatory / Quasi-mandatory,65.92346733715381
DNK,2020,Voluntary Total,17.784763866531737
DNK,2020,Voluntary pers,17.784763866531737
DNK,2021,Mandatory / Quasi-mandatory,67.67321940320723
DNK,2021,Voluntary Total,18.360023214456866
DNK,2021,Voluntary pers,18.360023214456866
ESP,2017,Voluntary Total,26.7919872956207
ESP,2020,Voluntary Total,28.58585952298814
EST,2015,Mandatory / Quasi-mandatory,79.0187808855754
EST,2015,Voluntary Total,12.421920356163987
EST,2015,Voluntary pers,12.421920356163987
EST,2016,Mandatory / Quasi-mandatory,81.38470581746535
EST,2016,Voluntary Total,12.296557792345807
EST,2016,Voluntary pers,12.296557792345807
EST,2017,Mandatory / Quasi-mandatory,83.39433016599914
EST,2017,Voluntary Total,12.144197128887063
EST,2017,Voluntary pers,12.144197128887063
EST,2018,Mandatory / Quasi-mandatory,85.81650399655888
EST,2018,Voluntary Total,11.171757121712998
EST,2018,Voluntary pers,11.171757121712998
EST,2019,Mandatory / Quasi-mandatory,88.22451110925074
EST,2019,Voluntary Total,11.095828828154467
EST,2019,Voluntary pers,11.095828828154467
EST,2020,Mandatory / Quasi-mandatory,90.61611333451064
EST,2020,Voluntary Total,19.810426450745528
EST,2020,Voluntary pers,19.810426450745528
EST,2021,Mandatory / Quasi-mandatory,69.22295918589909
EST,2021,Voluntary Total,26.59372403914291
EST,2021,Voluntary pers,26.59372403914291
EST,2022,Mandatory / Quasi-mandatory,68.9294915207958
FIN,2016,Mandatory / Quasi-mandatory,89.8
FIN,2016,Voluntary occ,6.6
FIN,2016,Voluntary pers,19
FIN,2018,Mandatory / Quasi-mandatory,93
FIN,2018,Voluntary Total,25
FIN,2018,Voluntary occ,7
FIN,2018,Voluntary pers,18
FRA,2015,Voluntary occ,18.642483705643155
FRA,2015,Voluntary pers,11.144996766634415
FRA,2016,Voluntary occ,19.633320138666164
FRA,2016,Voluntary pers,11.513858993405025
FRA,2017,Voluntary occ,20.631192030143506
FRA,2017,Voluntary pers,11.464376369829212
FRA,2018,Voluntary occ,20.665542604403395
FRA,2018,Voluntary pers,11.083471397502628
FRA,2019,Voluntary occ,22.078359084223393
FRA,2019,Voluntary pers,11.226978290619718
FRA,2020,Voluntary occ,22.86433727922779
FRA,2020,Voluntary pers,12.267659564411556
FRA,2021,Voluntary occ,24.53006027313541
FRA,2021,Voluntary pers,13.171011600611168
GBR,2015,Auto-enrolment,38
GBR,2016,Auto-enrolment,40
GBR,2017,Auto-enrolment,42
GBR,2018,Auto-enrolment,46
GBR,2018,Voluntary Total,5
GBR,2018,Voluntary pers,5
GBR,2019,Auto-enrolment,48
GBR,2019,Voluntary Total,5
GBR,2019,Voluntary pers,5
GBR,2020,Auto-enrolment,49
GBR,2020,Voluntary Total,5
GBR,2020,Voluntary pers,5
GBR,2021,Auto-enrolment,52
GBR,2021,Voluntary Total,5
GBR,2021,Voluntary pers,5
GBR,2022,Auto-enrolment,50
GBR,2022,Voluntary Total,5
GBR,2022,Voluntary pers,5
GRC,2015,Voluntary occ,1.6887938518397068
GRC,2016,Voluntary occ,1.9915773627217217
GRC,2017,Voluntary occ,2.0332087512539694
GRC,2018,Voluntary occ,2.4392802345898383
GRC,2019,Voluntary occ,2.4813159022995848
GRC,2020,Voluntary occ,2.9080604897121027
GRC,2021,Voluntary occ,2.9948032536707685
HUN,2015,Voluntary pers,18.49341937670668
HUN,2016,Voluntary pers,18.444341547812627
HUN,2017,Voluntary pers,18.60576010903399
HUN,2018,Voluntary pers,18.66789168204068
HUN,2019,Voluntary pers,18.40538824771305
HUN,2020,Voluntary pers,18.447131926512625
HUN,2021,Voluntary pers,18.647974114979625
HUN,2022,Voluntary pers,18.53040737714489
IDN,2015,Voluntary occ,0.5443035302653516
IDN,2015,Voluntary pers,1.5845685315387263
IDN,2016,Voluntary occ,0.525952983578089
IDN,2016,Voluntary pers,1.6473192296284478
IDN,2017,Voluntary occ,0.4634902693602934
IDN,2017,Voluntary pers,1.5071745550227764
IDN,2018,Voluntary occ,0.4455209947277167
IDN,2018,Voluntary pers,1.5665962292424123
IDN,2019,Voluntary occ,0.4153193620102355
IDN,2019,Voluntary pers,1.584514976648736
IDN,2020,Voluntary occ,0.385164549131368
IDN,2020,Voluntary pers,1.5794233195968852
IDN,2021,Voluntary occ,0.3611966783189964
IDN,2021,Voluntary pers,1.5252068603917948
IRL,2020,Voluntary occ,56.7419
IRL,2020,Voluntary pers,19.6041
IRL,2021,Voluntary Total,65.7
IRL,2021,Voluntary occ,58.1445
IRL,2021,Voluntary pers,17.936100000000003
IRL,2022,Voluntary Total,66
IRL,2022,Voluntary occ,59.4
IRL,2022,Voluntary pers,17.82
ISL,2016,Mandatory / Quasi-mandatory,85.11682292663221
ISL,2016,Voluntary Total,45.20441354678232
ISL,2016,Voluntary pers,45.20441354678232
ISL,2017,Mandatory / Quasi-mandatory,87.66696862389854
ISL,2017,Voluntary Total,45.20441354678232
ISL,2017,Voluntary pers,45.20441354678232
ISL,2019,Mandatory / Quasi-mandatory,83.19843826256711
ISL,2019,Voluntary Total,45.44265495363592
ISL,2019,Voluntary pers,45.44265495363592
ISR,2015,Mandatory / Quasi-mandatory,85.01925720246805
ISR,2016,Mandatory / Quasi-mandatory,87.67292089035178
ISR,2017,Mandatory / Quasi-mandatory,80.7027571646984
ISR,2018,Mandatory / Quasi-mandatory,78.17294412343772
ISR,2019,Mandatory / Quasi-mandatory,85.15085794025589
ISR,2020,Mandatory / Quasi-mandatory,81.4732768895573
ISR,2021,Mandatory / Quasi-mandatory,83.57799520120615
ISR,2022,Mandatory / Quasi-mandatory,85.67533210895772
ITA,2015,Voluntary Total,18.514022015700395
ITA,2015,Voluntary occ,8.762206230184308
ITA,2015,Voluntary pers,10.477202299527075
ITA,2016,Voluntary Total,20.03421607391568
ITA,2016,Voluntary occ,9.189019411470497
ITA,2016,Voluntary pers,11.527819731846373
ITA,2017,Voluntary Total,19.588979206122033
ITA,2017,Voluntary occ,9.255598094799382
ITA,2017,Voluntary pers,11.60176882477277
ITA,2018,Voluntary Total,20.611112877894136
ITA,2018,Voluntary occ,10.090305763454673
ITA,2018,Voluntary pers,12.256892097961577
ITA,2019,Voluntary Total,21.50439666948558
ITA,2019,Voluntary occ,10.452835571854305
ITA,2019,Voluntary pers,12.843321561880611
ITA,2020,Voluntary Total,23.185517893592728
ITA,2020,Voluntary occ,10.737427745827032
ITA,2020,Voluntary pers,13.793963978505657
ITA,2021,Voluntary Total,23.373624702309222
ITA,2021,Voluntary occ,11.48135792276547
ITA,2021,Voluntary pers,14.57087437611065
ITA,2022,Voluntary Total,24.795737302661234
ITA,2022,Voluntary occ,12.59864265168945
ITA,2022,Voluntary pers,15.01386904003184
JPN,2016,Voluntary Total,50.83344253702005
JPN,2016,Voluntary occ,45.41082426942734
JPN,2016,Voluntary pers,13.353426811689163
JPN,2017,Voluntary Total,51.41598737838549
JPN,2017,Voluntary occ,47.79516171443597
JPN,2017,Voluntary pers,14.09413620825664
JPN,2018,Voluntary Total,54.279661016949156
JPN,2018,Voluntary occ,50.48728813559322
JPN,2018,Voluntary pers,14.684851694915254
JPN,2019,Voluntary Total,55.683660725605115
JPN,2019,Voluntary occ,51.78971090383305
JPN,2019,Voluntary pers,15.366061549936093
JPN,2020,Voluntary Total,56.47030392288124
JPN,2020,Voluntary occ,52.47903333779622
JPN,2020,Voluntary pers,16.802570625251036
JPN,2021,Voluntary Total,56.2390171145776
JPN,2021,Voluntary occ,52.01702887362214
JPN,2021,Voluntary pers,16.890880997522267
JPN,2022,Voluntary Total,57.116666209355195
JPN,2022,Voluntary occ,52.702165375700794
JPN,2022,Voluntary pers,17.602200442374208
KOR,2015,Mandatory / Quasi-mandatory,16.896834454882818
KOR,2019,Mandatory / Quasi-mandatory,17.039208015003204
LTU,2016,Auto-enrolment,66.19687005300652
LTU,2016,Voluntary Total,2.7170003458018237
LTU,2016,Voluntary pers,2.7170003458018237
LTU,2017,Auto-enrolment,69.52459749770726
LTU,2017,Voluntary Total,3.115801525519749
LTU,2017,Voluntary pers,3.115801525519749
LTU,2018,Auto-enrolment,72.08735548613059
LTU,2018,Voluntary Total,3.4037376272791082
LTU,2018,Voluntary pers,3.4037376272791082
LTU,2019,Auto-enrolment,74.24858469420985
LTU,2019,Voluntary Total,3.956147309414163
LTU,2019,Voluntary pers,3.956147309414163
LTU,2020,Auto-enrolment,75.75532682401149
LTU,2020,Voluntary Total,4.17227373240099
LTU,2020,Voluntary pers,4.17227373240099
LTU,2021,Auto-enrolment,76.76623611584566
LTU,2021,Voluntary Total,4.395795807370711
LTU,2021,Voluntary pers,4.395795807370711
LTU,2022,Auto-enrolment,76.68272755898825
LTU,2022,Voluntary Total,5.207872043526516
LTU,2022,Voluntary pers,5.207872043526516
LUX,2016,Voluntary occ,5.6679021743894475
LUX,2017,Voluntary occ,5.4940649899397505
LUX,2018,Voluntary occ,4.905208809612498
LUX,2019,Voluntary occ,5.190788249011726
LUX,2020,Voluntary occ,5.169645621891785
LUX,2021,Voluntary occ,5.16389740798569
LUX,2022,Voluntary occ,4.470335737415025
LVA,2015,Mandatory / Quasi-mandatory,98.44248235591081
LVA,2015,Voluntary occ,0.9639531759385732
LVA,2015,Voluntary pers,16.209179429975393
LVA,2016,Mandatory / Quasi-mandatory,100
LVA,2016,Voluntary occ,0.9888243002945757
LVA,2016,Voluntary pers,17.146264386742914
LVA,2017,Mandatory / Quasi-mandatory,100
LVA,2017,Voluntary occ,1.0091465373475543
LVA,2017,Voluntary pers,18.08956374189636
LVA,2018,Mandatory / Quasi-mandatory,100
LVA,2018,Voluntary occ,1.025153464635929
LVA,2018,Voluntary pers,18.9867957961873
LVA,2019,Mandatory / Quasi-mandatory,100
LVA,2019,Voluntary occ,1.0377158312310761
LVA,2019,Voluntary pers,21.01735856775493
LVA,2020,Mandatory / Quasi-mandatory,100
LVA,2020,Voluntary occ,1.0505318314190646
LVA,2020,Voluntary pers,22.108064200754903
LVA,2021,Mandatory / Quasi-mandatory,100
LVA,2021,Voluntary occ,1.059682698667833
LVA,2021,Voluntary pers,24.08744538076392
LVA,2022,Mandatory / Quasi-mandatory,100
LVA,2022,Voluntary occ,0.9415338113314333
LVA,2022,Voluntary pers,25.418526588250995
MEX,2015,Mandatory / Quasi-mandatory,60.46175470242568
MEX,2015,Voluntary occ,1.6724438762181262
MEX,2016,Mandatory / Quasi-mandatory,61.39750517795034
MEX,2016,Voluntary occ,1.734588995375699
MEX,2017,Mandatory / Quasi-mandatory,63.26250150959935
MEX,2017,Voluntary occ,1.7751429269530794
MEX,2018,Mandatory / Quasi-mandatory,65.42488214576518
MEX,2018,Voluntary occ,1.86116008102953
MEX,2019,Mandatory / Quasi-mandatory,68.11199630677226
MEX,2019,Voluntary occ,2.0119783657950046
MEX,2020,Mandatory / Quasi-mandatory,70.34842362804633
MEX,2020,Voluntary occ,1.9131629503346725
MEX,2021,Mandatory / Quasi-mandatory,81.88704616762304
MEX,2021,Voluntary occ,1.953562766185982
MEX,2022,Mandatory / Quasi-mandatory,83.1987232939919
NLD,2016,Mandatory / Quasi-mandatory,89.98388181575841
NLD,2017,Mandatory / Quasi-mandatory,90.82378401872587
NLD,2018,Mandatory / Quasi-mandatory,91.79321422054234
NLD,2019,Mandatory / Quasi-mandatory,92.35138539042822
NLD,2020,Mandatory / Quasi-mandatory,93.00100894430018
NLD,2021,Mandatory / Quasi-mandatory,94.50878535414188
NOR,2015,Mandatory / Quasi-mandatory,54.83167835161988
NOR,2015,Voluntary pers,27.127255726215456
NOR,2016,Mandatory / Quasi-mandatory,55.11669569356987
NOR,2016,Voluntary pers,26.77201834186602
NOR,2017,Mandatory / Quasi-mandatory,56.40245436173533
NOR,2017,Voluntary pers,22.961308954301046
NOR,2018,Mandatory / Quasi-mandatory,57.66762168009895
NOR,2018,Voluntary pers,23.181080341075937
NOR,2019,Mandatory / Quasi-mandatory,59.17428174351263
NOR,2019,Voluntary pers,22.985325892760123
NOR,2020,Mandatory / Quasi-mandatory,60.07752693080326
NOR,2020,Voluntary pers,24.67248300650117
NOR,2021,Mandatory / Quasi-mandatory,62.411948378838424
NOR,2021,Voluntary pers,24.60173933963314
NOR,2022,Mandatory / Quasi-mandatory,70.52691945105593
NZL,2015,Auto-enrolment,71.98668645391429
NZL,2016,Auto-enrolment,70.72978101851596
NZL,2017,Auto-enrolment,73.13275133038455
NZL,2018,Auto-enrolment,75.51493449922687
NZL,2019,Auto-enrolment,77.41945391443225
NZL,2020,Auto-enrolment,78.58242089705305
NZL,2021,Auto-enrolment,80.97042402293648
NZL,2022,Auto-enrolment,83.70467057898263
POL,2015,Voluntary pers,66.1298889198776
POL,2016,Voluntary pers,67.00228887238991
POL,2017,Voluntary pers,66.62803114696733
POL,2018,Voluntary pers,66.42124699531705
POL,2019,Auto-enrolment,1.3939757989674666
POL,2019,Voluntary pers,66.41047916119554
POL,2020,Auto-enrolment,6.348828511819009
POL,2020,Voluntary pers,66.25561841550245
POL,2021,Auto-enrolment,11.029759307441706
POL,2021,Voluntary pers,65.69441265572073
POL,2022,Auto-enrolment,13.127871888646304
POL,2022,Voluntary pers,65.16879303626499
PRT,2015,Voluntary occ,3.762018313301347
PRT,2016,Voluntary occ,3.8017731760239184
PRT,2017,Voluntary Total,13.2
PRT,2017,Voluntary occ,3.743078227581767
PRT,2018,Voluntary occ,3.8692125881434354
PRT,2019,Voluntary occ,4.2906532498812355
PRT,2020,Voluntary Total,18.7
PRT,2020,Voluntary occ,4.549592552087213
PRT,2021,Voluntary occ,4.828340514167543
PRT,2022,Voluntary occ,5.178163357496048
SVK,2016,Voluntary Total,36.10686139256081
SVK,2016,Voluntary pers,36.10686139256081
SVK,2017,Voluntary Total,37.716024714905835
SVK,2017,Voluntary pers,37.716024714905835
SVK,2018,Voluntary Total,39.6820935163139
SVK,2018,Voluntary pers,39.6820935163139
SVK,2019,Voluntary Total,41.93058202871082
SVK,2019,Voluntary pers,41.93058202871082
SVK,2020,Voluntary Total,44.0771048675421
SVK,2020,Voluntary pers,44.0771048675421
SVK,2021,Voluntary Total,46.26882522474071
SVK,2021,Voluntary pers,46.26882522474071
SVK,2022,Voluntary Total,47.841690536428786
SVK,2022,Voluntary pers,47.841690536428786
SVN,2015,Voluntary Total,36.98673853409567
SVN,2016,Voluntary Total,37.8388741274888
SVN,2017,Voluntary Total,39.070968098823634
SVN,2018,Voluntary Total,40.14815367241352
SVN,2019,Voluntary Total,40.90902676237377
SVN,2020,Voluntary Total,41.52006488337516
SVN,2021,Voluntary Total,43.24499704392222
SVN,2022,Voluntary Total,45.06775784969357
SWE,2015,Mandatory / Quasi-mandatory,92.74149312365844
SWE,2016,Mandatory / Quasi-mandatory,93.25282128964896
SWE,2017,Mandatory / Quasi-mandatory,93.6692916800637
SWE,2019,Mandatory / Quasi-mandatory,95.00898272271253
SWE,2020,Mandatory / Quasi-mandatory,95.78332893449891
SWE,2021,Mandatory / Quasi-mandatory,96.42440884409694
TUR,2017,Auto-enrolment,6.372653721682847
TUR,2017,Voluntary pers,12.450555053811996
TUR,2019,Auto-enrolment,11.085818222107324
TUR,2019,Voluntary pers,12.688131993943198
TUR,2020,Auto-enrolment,12.102522387787484
TUR,2020,Voluntary pers,12.585609805030185
TUR,2021,Auto-enrolment,13.444822932412006
TUR,2021,Voluntary pers,12.761858489886993
TUR,2022,Auto-enrolment,14.814633973118376
TUR,2022,Voluntary pers,13.851502991779265
USA,2015,Voluntary pers,19.459305996779136
USA,2016,Voluntary pers,19.497525583568123
USA,2017,Voluntary pers,19.621771262595058
USA,2018,Voluntary pers,19.7829603013956
USA,2019,Voluntary pers,20.03897841642911
USA,2020,Voluntary pers,22.872836865642622
USA,2021,Voluntary occ,37.4
