iso3,year,measure,value
AUS,2011,completions,154374
AUS,2011,dwellings,9002700
AUS,2011,dwellings_per_1000,402.985243
AUS,2018,completions,219588
AUS,2018,dwellings,10264400
AUS,2018,dwellings_per_1000,411.1245553
AUS,2022,completions,172388
AUS,2022,dwellings,10911000
AUS,2022,dwellings_per_1000,419.9941222
AUT,,vacant_pct_latest,8.458062608
AUT,2011,completions,46721
AUT,2011,dwellings,4441408
AUT,2011,dwellings_per_1000,529.4617629
AUT,2018,completions,67200
AUT,2018,dwellings,4756000
AUT,2018,dwellings_per_1000,538.1486397
AUT,2021,completions,71160
AUT,2021,dwellings,4996085
AUT,2021,dwellings_per_1000,558.1269997
BEL,2010,dwellings,4766552
BEL,2010,dwellings_per_1000,437.4753054
BEL,2018,dwellings,5153019
BEL,2018,dwellings_per_1000,451.8709651
BEL,2020,dwellings,5577016
BEL,2020,dwellings_per_1000,484.6655122
BGR,2011,completions,13953
BGR,2011,dwellings,3887076
BGR,2011,dwellings_per_1000,528.9742462
BGR,2017,dwellings,3951806
BGR,2017,dwellings_per_1000,558.4844374
BGR,2018,completions,8136
BGR,2021,dwellings,4261454
BGR,2021,dwellings_per_1000,619.6006902
BGR,2022,completions,19847
BRA,2010,dwellings,57324185
BRA,2010,dwellings_per_1000,294.1350731
BRA,2018,dwellings,71015000
BRA,2018,dwellings_per_1000,340.6078518
BRA,2019,dwellings,72395000
BRA,2019,dwellings_per_1000,344.4967425
CAN,,vacant_pct_latest,7.5
CAN,2011,completions,175623
CAN,2011,dwellings,14569633
CAN,2011,dwellings_per_1000,424.2841619
CAN,2016,completions,187604
CAN,2016,dwellings,15412443
CAN,2016,dwellings_per_1000,426.8253105
CAN,2021,dwellings,16284235
CAN,2021,dwellings_per_1000,425.9933777
CAN,2022,completions,219942
CHE,2013,completions,50166
CHE,2013,dwellings,4234906
CHE,2013,dwellings_per_1000,523.516487
CHE,2016,completions,52034
CHE,2017,dwellings,4469498
CHE,2017,dwellings_per_1000,528.8198987
CHE,2021,completions,45307
CHE,2022,dwellings,4688288
CHE,2022,dwellings_per_1000,534.2317478
CHL,2011,dwellings,5584015
CHL,2011,dwellings_per_1000,323.6329861
CHL,2012,completions,83969
CHL,2017,dwellings,6486533
CHL,2017,dwellings_per_1000,352.1616475
CHL,2018,completions,84715
CHL,2020,completions,65937
CHL,2020,dwellings,6540229
CHL,2020,dwellings_per_1000,336.1149555
COL,,vacant_pct_latest,8.5
COL,2015,dwellings,13407206
COL,2015,dwellings_per_1000,289.4855881
COL,2018,completions,164676
COL,2018,dwellings,16813692
COL,2018,dwellings_per_1000,348.4089661
COL,2022,completions,144903
COL,2022,dwellings,19092849
COL,2022,dwellings_per_1000,369.4244294
CRI,2010,completions,18153
CRI,2010,dwellings,1267597
CRI,2010,dwellings_per_1000,279.5824075
CRI,2018,completions,17962
CRI,2018,dwellings,1540029
CRI,2018,dwellings_per_1000,307.796378
CRI,2022,completions,36154
CRI,2022,dwellings,1722602
CRI,2022,dwellings_per_1000,330.4198219
CYP,2010,completions,11570
CYP,2010,dwellings,421386
CYP,2010,dwellings_per_1000,508.0342977
CYP,2018,completions,3866
CYP,2018,dwellings,455410
CYP,2018,dwellings_per_1000,523.4170545
CYP,2020,completions,6184
CYP,2020,dwellings,465842
CYP,2020,dwellings_per_1000,522.2408818
CZE,2011,completions,28630
CZE,2011,dwellings,4756572
CZE,2011,dwellings_per_1000,453.1504843
CZE,2015,dwellings,4990230
CZE,2015,dwellings_per_1000,473.3242391
CZE,2018,completions,33850
CZE,2021,completions,34581
CZE,2021,dwellings,5340033
CZE,2021,dwellings_per_1000,508.5334044
DEU,2011,completions,183110
DEU,2011,dwellings,40545317
DEU,2011,dwellings_per_1000,505.0803687
DEU,2018,completions,287352
DEU,2018,dwellings,42235402
DEU,2018,dwellings_per_1000,509.4385207
DEU,2021,completions,293393
DEU,2021,dwellings,43084122
DEU,2021,dwellings_per_1000,517.862429
DNK,,vacant_pct_latest,5.895066102
DNK,2010,completions,8000
DNK,2010,dwellings,2700000
DNK,2010,dwellings_per_1000,487.0288875
DNK,2018,completions,22000
DNK,2018,dwellings,2900000
DNK,2018,dwellings_per_1000,500.8672776
DNK,2022,completions,35000
DNK,2022,dwellings,3000000
DNK,2022,dwellings_per_1000,507.5646591
ESP,,vacant_pct_latest,14.41319894
ESP,2010,completions,276883
ESP,2010,dwellings,25106251
ESP,2010,dwellings_per_1000,539.1948492
ESP,2017,dwellings,26175034
ESP,2017,dwellings_per_1000,562.5063436
ESP,2018,completions,64544
ESP,2021,completions,93658
ESP,2022,dwellings,26811833
ESP,2022,dwellings_per_1000,563.0959541
EST,2011,completions,2079
EST,2011,dwellings,657791
EST,2011,dwellings_per_1000,495.5338814
EST,2017,dwellings,700512
EST,2017,dwellings_per_1000,531.7447305
EST,2018,completions,6472
EST,2019,dwellings,714000
EST,2019,dwellings_per_1000,538.1145641
EST,2021,completions,6735
FIN,2010,completions,25112
FIN,2010,dwellings,2807505
FIN,2010,dwellings_per_1000,523.4619615
FIN,2017,completions,34674
FIN,2017,dwellings,3002665
FIN,2017,dwellings_per_1000,545.1254664
FIN,2022,completions,41648
FIN,2022,dwellings,3187210
FIN,2022,dwellings_per_1000,573.6407572
FRA,,vacant_pct_latest,8.05484851
FRA,2011,completions,518000
FRA,2011,dwellings,33672000
FRA,2011,dwellings_per_1000,517.3358121
FRA,2018,completions,460600
FRA,2018,dwellings,36330000
FRA,2018,dwellings_per_1000,541.2284778
FRA,2019,dwellings,39806000
FRA,2019,dwellings_per_1000,591.0326073
GRC,2011,dwellings,6371901
GRC,2011,dwellings_per_1000,573.7918396
GRC,2015,dwellings,6433801
GRC,2015,dwellings_per_1000,594.5726425
HRV,2013,completions,10090
HRV,2013,dwellings,2208580
HRV,2013,dwellings_per_1000,518.9711936
HRV,2016,dwellings,2231040
HRV,2016,dwellings_per_1000,534.4641763
HRV,2021,dwellings,2350444
HRV,2021,dwellings_per_1000,605.9436744
HUN,2011,completions,7293
HUN,2011,dwellings,4408050
HUN,2011,dwellings_per_1000,442.6275633
HUN,2018,completions,17681
HUN,2018,dwellings,4455491
HUN,2018,dwellings_per_1000,455.778315
HUN,2022,dwellings,4538000
HUN,2022,dwellings_per_1000,470.5980931
IRL,,vacant_pct_latest,7.692449
IRL,2011,completions,6994
IRL,2011,dwellings,1994845
IRL,2011,dwellings_per_1000,436.0423687
IRL,2016,dwellings,2003645
IRL,2016,dwellings_per_1000,422.7458579
IRL,2018,completions,17920
IRL,2022,completions,29851
IRL,2022,dwellings,2124590
IRL,2022,dwellings_per_1000,416.5675698
ISL,2010,completions,1148
ISL,2010,dwellings,130855
ISL,2010,dwellings_per_1000,411.4367823
ISL,2017,completions,1768
ISL,2018,dwellings,140600
ISL,2018,dwellings_per_1000,398.6142061
ISL,2022,completions,2886
ISL,2022,dwellings,152351
ISL,2022,dwellings_per_1000,398.8193872
ITA,2011,dwellings,33429400
ITA,2011,dwellings_per_1000,556.9075062
ITA,2018,dwellings,35088870
ITA,2018,dwellings_per_1000,586.0137185
ITA,2021,dwellings,35379680
ITA,2021,dwellings_per_1000,598.3051172
JPN,,vacant_pct_latest,12.98878565
JPN,2013,completions,980025
JPN,2013,dwellings,60628600
JPN,2013,dwellings_per_1000,475.839808
JPN,2018,completions,942370
JPN,2018,dwellings,62420000
JPN,2018,dwellings_per_1000,492.471288
KOR,2013,completions,395519
KOR,2013,dwellings,15628135
KOR,2013,dwellings_per_1000,309.9043836
LTU,2010,completions,3667
LTU,2010,dwellings,1352852
LTU,2010,dwellings_per_1000,436.7868344
LTU,2018,completions,12203
LTU,2018,dwellings,1472623
LTU,2018,dwellings_per_1000,525.6471166
LTU,2019,dwellings,1483041
LTU,2019,dwellings_per_1000,530.7688921
LUX,2011,completions,2162
LUX,2011,dwellings,207959
LUX,2011,dwellings_per_1000,401.1933998
LUX,2017,completions,4319
LUX,2017,dwellings,233675
LUX,2017,dwellings_per_1000,391.8505811
LUX,2019,completions,3663
LUX,2020,dwellings,244320
LUX,2020,dwellings_per_1000,387.5554597
LVA,2010,completions,1924
LVA,2010,dwellings,1018532
LVA,2010,dwellings_per_1000,485.5810556
LVA,2017,dwellings,1067470
LVA,2017,dwellings_per_1000,549.6056887
LVA,2018,completions,2966
LVA,2021,completions,2853
LVA,2021,dwellings,1063939
LVA,2021,dwellings_per_1000,564.577222
MEX,2012,completions,295164
MEX,2018,completions,262978
MLT,2011,dwellings,223850
MLT,2011,dwellings_per_1000,537.759691
MLT,2018,dwellings,262580
MLT,2018,dwellings_per_1000,541.8109336
MLT,2021,dwellings,284860
MLT,2021,dwellings_per_1000,549.3522172
NLD,2012,completions,48668
NLD,2012,dwellings,7386743
NLD,2012,dwellings_per_1000,440.8689533
NLD,2018,completions,66585
NLD,2018,dwellings,7740984
NLD,2018,dwellings_per_1000,449.2313028
NLD,2021,completions,71221
NLD,2021,dwellings,7966331
NLD,2021,dwellings_per_1000,454.3608732
NOR,2011,completions,20046
NOR,2011,dwellings,2205191
NOR,2011,dwellings_per_1000,445.215299
NOR,2018,completions,32844
NOR,2018,dwellings,2581155
NOR,2018,dwellings_per_1000,485.9178873
NOR,2022,completions,28056
NOR,2022,dwellings,2694301
NOR,2022,dwellings_per_1000,493.7213322
NZL,2010,completions,15602
NZL,2010,dwellings,1719200
NZL,2010,dwellings_per_1000,395.1548027
NZL,2018,completions,32996
NZL,2018,dwellings,1884300
NZL,2018,dwellings_per_1000,384.5039383
NZL,2022,dwellings,2029400
NZL,2022,dwellings_per_1000,396.0500381
POL,2010,completions,135835
POL,2010,dwellings,13470428
POL,2010,dwellings_per_1000,349.7296458
POL,2018,completions,185063
POL,2018,dwellings,14615112
POL,2018,dwellings_per_1000,380.4716923
POL,2021,dwellings,15359507
POL,2021,dwellings_per_1000,402.4793471
POL,2022,completions,238490
PRT,,vacant_pct_latest,12.11278051
PRT,2011,completions,25807
PRT,2011,dwellings,5859540
PRT,2011,dwellings_per_1000,554.1179563
PRT,2017,completions,9615
PRT,2017,dwellings,5944466
PRT,2017,dwellings_per_1000,574.8931057
PRT,2021,completions,19565
PRT,2021,dwellings,5970677
PRT,2021,dwellings_per_1000,573.6784289
ROU,2010,completions,48862
ROU,2010,dwellings,8427941
ROU,2010,dwellings_per_1000,416.2604378
ROU,2018,completions,59713
ROU,2018,dwellings,9031317
ROU,2018,dwellings_per_1000,463.528596
ROU,2021,completions,71405
ROU,2021,dwellings,9587153
ROU,2021,dwellings_per_1000,501.3136593
SVK,2011,completions,14608
SVK,2011,dwellings,1994897
SVK,2011,dwellings_per_1000,369.5359574
SVK,2016,dwellings,2007300
SVK,2016,dwellings_per_1000,369.6142233
SVK,2018,completions,19071
SVK,2021,completions,20649
SVK,2021,dwellings,2235586
SVK,2021,dwellings_per_1000,410.802958
SVN,2011,completions,5498
SVN,2011,dwellings,844656
SVN,2011,dwellings_per_1000,411.5262588
SVN,2018,completions,3037
SVN,2018,dwellings,852181
SVN,2018,dwellings_per_1000,411.6716988
SVN,2021,completions,4032
SVN,2021,dwellings,864323
SVN,2021,dwellings_per_1000,410.2136348
SWE,2010,completions,29225
SWE,2017,dwellings,4633678
SWE,2017,dwellings_per_1000,460.7097352
SWE,2018,completions,54876
SWE,2018,dwellings,4924792
SWE,2018,dwellings_per_1000,483.9988148
SWE,2022,completions,54018
SWE,2022,dwellings,5158699
SWE,2022,dwellings_per_1000,491.9164702
TUR,2010,completions,429755
TUR,2010,dwellings,28945931
TUR,2010,dwellings_per_1000,395.7489116
TUR,2018,completions,894240
TUR,2018,dwellings,37812959
TUR,2018,dwellings_per_1000,464.4915178
TUR,2021,dwellings,40200000
TUR,2021,dwellings_per_1000,477.7335408
TUR,2022,completions,642269
USA,,vacant_pct_latest,8.365634211
USA,2011,completions,643000
USA,2011,dwellings,132428000
USA,2011,dwellings_per_1000,425.0161131
USA,2017,dwellings,137400000
USA,2017,dwellings_per_1000,422.6104229
USA,2018,completions,1247000
USA,2021,completions,1662000
USA,2021,dwellings,142153000
USA,2021,dwellings_per_1000,428.1309962
ZAF,2011,completions,30962
ZAF,2011,dwellings,14449663
ZAF,2011,dwellings_per_1000,278.4731192
ZAF,2016,completions,48771
ZAF,2016,dwellings,15743677
ZAF,2016,dwellings_per_1000,281.0359766
