iso3,year,tenure,rooms_per_member
AUT,2010,own_mortgage,1.901487231
AUT,2010,own_outright,2.275204659
AUT,2010,rent_private,1.706704617
AUT,2010,rent_subsidised,1.86470902
AUT,2011,own_mortgage,1.856878638
AUT,2011,own_outright,2.209496975
AUT,2011,rent_private,1.67743814
AUT,2011,rent_subsidised,1.880963564
AUT,2012,own_mortgage,1.811702251
AUT,2012,own_outright,2.211410999
AUT,2012,rent_private,1.654710293
AUT,2012,rent_subsidised,1.840398908
AUT,2013,own_mortgage,1.838849545
AUT,2013,own_outright,2.197309256
AUT,2013,rent_private,1.661409974
AUT,2013,rent_subsidised,1.814813972
AUT,2014,own_mortgage,1.798763871
AUT,2014,own_outright,2.175687551
AUT,2014,rent_private,1.611153722
AUT,2014,rent_subsidised,1.81702888
AUT,2015,own_mortgage,1.845049262
AUT,2015,own_outright,2.290190935
AUT,2015,rent_private,1.684694886
AUT,2015,rent_subsidised,1.743621349
AUT,2016,own_mortgage,1.85630393
AUT,2016,own_outright,2.218816996
AUT,2016,rent_private,1.678713799
AUT,2016,rent_subsidised,1.746600509
AUT,2017,own_mortgage,1.835612774
AUT,2017,own_outright,2.234028339
AUT,2017,rent_private,1.611981153
AUT,2017,rent_subsidised,1.807198763
AUT,2018,own_mortgage,1.852422476
AUT,2018,own_outright,2.249870777
AUT,2018,rent_private,1.648790956
AUT,2018,rent_subsidised,1.799967766
AUT,2019,own_mortgage,1.885840297
AUT,2019,own_outright,2.217283249
AUT,2019,rent_private,1.652417898
AUT,2019,rent_subsidised,1.700366139
AUT,2020,own_mortgage,1.912738442
AUT,2020,own_outright,2.27870512
AUT,2020,rent_private,1.673172832
AUT,2020,rent_subsidised,1.814851165
AUT,2021,own_mortgage,1.882299185
AUT,2021,own_outright,2.270089388
AUT,2021,rent_private,1.682218194
AUT,2021,rent_subsidised,1.703821778
AUT,2022,own_mortgage,1.849525809
AUT,2022,own_outright,2.291552544
AUT,2022,rent_private,1.653276682
AUT,2022,rent_subsidised,1.823749661
AUT,2023,own_mortgage,1.794056654
AUT,2023,own_outright,2.342575312
AUT,2023,rent_private,1.628058672
AUT,2023,rent_subsidised,1.895254374
AUT,2024,own_mortgage,1.810110569
AUT,2024,own_outright,2.328070879
AUT,2024,rent_private,1.629235029
AUT,2024,rent_subsidised,1.835763812
BEL,2010,own_mortgage,2.195998669
BEL,2010,own_outright,3.130001783
BEL,2010,rent_private,2.446260452
BEL,2010,rent_subsidised,2.782205105
BEL,2011,own_mortgage,2.309295177
BEL,2011,own_outright,3.210280657
BEL,2011,rent_private,2.628982782
BEL,2011,rent_subsidised,2.754361153
BEL,2012,own_mortgage,2.30961132
BEL,2012,own_outright,3.216238737
BEL,2012,rent_private,2.608317614
BEL,2012,rent_subsidised,2.820158243
BEL,2013,own_mortgage,2.274564266
BEL,2013,own_outright,3.161668539
BEL,2013,rent_private,2.643686771
BEL,2013,rent_subsidised,2.718824863
BEL,2014,own_mortgage,2.259921789
BEL,2014,own_outright,3.143651962
BEL,2014,rent_private,2.619629145
BEL,2014,rent_subsidised,2.681954384
BEL,2015,own_mortgage,2.303957224
BEL,2015,own_outright,3.213904381
BEL,2015,rent_private,2.687886238
BEL,2015,rent_subsidised,2.73380208
BEL,2016,own_mortgage,2.210930109
BEL,2016,own_outright,3.208148956
BEL,2016,rent_private,2.510485888
BEL,2016,rent_subsidised,2.51960063
BEL,2017,own_mortgage,2.166638851
BEL,2017,own_outright,3.158558607
BEL,2017,rent_private,2.416131496
BEL,2017,rent_subsidised,2.480132341
BEL,2018,own_mortgage,2.155110121
BEL,2018,own_outright,3.06183815
BEL,2018,rent_private,2.252913952
BEL,2018,rent_subsidised,2.316286802
BEL,2019,own_mortgage,2.164552689
BEL,2019,own_outright,3.099106073
BEL,2019,rent_private,2.266722202
BEL,2019,rent_subsidised,2.367471218
BEL,2020,own_mortgage,2.149876118
BEL,2020,own_outright,3.124668837
BEL,2020,rent_private,2.30015111
BEL,2020,rent_subsidised,2.344539642
BEL,2021,own_mortgage,2.141736507
BEL,2021,own_outright,3.113610029
BEL,2021,rent_private,2.337069988
BEL,2021,rent_subsidised,2.408621073
BEL,2022,own_mortgage,2.163435221
BEL,2022,own_outright,3.140493393
BEL,2022,rent_private,2.372102737
BEL,2022,rent_subsidised,2.44713378
BEL,2023,own_mortgage,2.128243208
BEL,2023,own_outright,3.194660425
BEL,2023,rent_private,2.389441967
BEL,2023,rent_subsidised,2.432683468
BEL,2024,own_mortgage,2.174249649
BEL,2024,own_outright,3.162460804
BEL,2024,rent_private,2.385002851
BEL,2024,rent_subsidised,2.359442949
BGR,2010,own_outright,1.382858276
BGR,2010,rent_private,0.8762097359
BGR,2011,own_outright,1.375049829
BGR,2011,rent_subsidised,0.7292485237
BGR,2012,own_outright,1.427960157
BGR,2013,own_outright,1.452979445
BGR,2014,own_outright,1.483484626
BGR,2015,own_outright,1.612288475
BGR,2016,own_outright,1.659400582
BGR,2016,rent_private,1.076194763
BGR,2017,own_outright,1.668594718
BGR,2017,rent_private,1.159757853
BGR,2018,own_outright,1.699877024
BGR,2018,rent_private,1.138402104
BGR,2019,own_outright,1.734292746
BGR,2019,rent_private,1.243388891
BGR,2020,own_outright,1.771576881
BGR,2021,own_outright,1.778122783
BGR,2022,own_outright,1.834980607
BGR,2023,own_outright,1.884760618
BGR,2024,own_outright,1.88589716
BGR,2024,rent_private,1.333438396
CAN,2016,own_mortgage,2.32
CAN,2016,own_outright,3.14
CAN,2016,rent_private,1.93
CAN,2016,rent_subsidised,1.81
CHE,2010,own_mortgage,2.222172737
CHE,2010,own_outright,2.739995956
CHE,2010,rent_private,1.981897831
CHE,2010,rent_subsidised,1.955467105
CHE,2011,own_mortgage,2.246906757
CHE,2011,own_outright,2.750544071
CHE,2011,rent_private,2.025462151
CHE,2011,rent_subsidised,2.197581053
CHE,2012,own_mortgage,2.292590857
CHE,2012,own_outright,2.987381458
CHE,2012,rent_private,2.038287401
CHE,2012,rent_subsidised,2.23139739
CHE,2013,own_mortgage,2.278580666
CHE,2013,own_outright,2.973281622
CHE,2013,rent_private,2.01510644
CHE,2013,rent_subsidised,2.169338226
CHE,2014,own_mortgage,2.373169899
CHE,2014,own_outright,3.094784737
CHE,2014,rent_private,2.041531324
CHE,2014,rent_subsidised,2.34188509
CHE,2015,own_mortgage,2.414245367
CHE,2015,own_outright,3.000214577
CHE,2015,rent_private,2.066869497
CHE,2015,rent_subsidised,2.252818823
CHE,2016,own_mortgage,2.412194252
CHE,2016,own_outright,2.980988741
CHE,2016,rent_private,2.087492943
CHE,2016,rent_subsidised,2.19675231
CHE,2018,own_mortgage,2.404780388
CHE,2018,own_outright,2.84694314
CHE,2018,rent_private,2.053718328
CHE,2018,rent_subsidised,2.191084623
CHE,2019,own_mortgage,2.406131029
CHE,2019,own_outright,2.883955956
CHE,2019,rent_private,2.033447504
CHE,2019,rent_subsidised,2.220089912
CHE,2020,own_mortgage,2.415947437
CHE,2020,own_outright,2.833777428
CHE,2020,rent_private,2.037213326
CHE,2020,rent_subsidised,2.060331583
CHE,2021,own_mortgage,2.406111479
CHE,2021,own_outright,2.893018246
CHE,2021,rent_private,2.043940783
CHE,2021,rent_subsidised,2.050318241
CHE,2022,own_mortgage,2.425420523
CHE,2022,own_outright,2.983752489
CHE,2022,rent_private,2.051937342
CHE,2022,rent_subsidised,2.185520411
CHE,2023,own_mortgage,2.377159357
CHE,2023,own_outright,2.986511707
CHE,2023,rent_private,2.020847797
CHE,2023,rent_subsidised,2.225569963
CHL,2011,own_mortgage,1.683976889
CHL,2011,own_outright,1.876123786
CHL,2011,rent_private,1.705998182
CHL,2013,own_mortgage,1.805278778
CHL,2013,own_outright,1.936719894
CHL,2013,rent_private,1.737558365
COL,2010,own_mortgage,1.265381217
COL,2010,own_outright,1.24790144
COL,2010,rent_private,1.048404217
COL,2011,own_mortgage,1.287090182
COL,2011,own_outright,1.27331531
COL,2011,rent_private,1.069137573
COL,2012,own_mortgage,1.307247877
COL,2012,own_outright,1.391881227
COL,2012,rent_private,1.075816631
COL,2013,own_mortgage,1.337327361
COL,2013,own_outright,1.418919683
COL,2013,rent_private,1.113409519
COL,2014,own_mortgage,1.407840967
COL,2014,own_outright,1.466527462
COL,2014,rent_private,1.118891835
COL,2015,own_mortgage,1.365978479
COL,2015,own_outright,1.467123628
COL,2015,rent_private,1.138179779
COL,2016,own_mortgage,1.38348949
COL,2016,own_outright,1.487061501
COL,2016,rent_private,1.147907853
COL,2017,own_mortgage,1.354923487
COL,2017,own_outright,1.475514054
COL,2017,rent_private,1.167538643
COL,2018,own_mortgage,1.401085734
COL,2018,own_outright,1.486156821
COL,2018,rent_private,1.158999681
COL,2019,own_mortgage,1.422897458
COL,2019,own_outright,1.527333021
COL,2019,rent_private,1.164582253
COL,2020,own_mortgage,1.427927971
COL,2020,own_outright,1.578688622
COL,2020,rent_private,1.157822847
COL,2021,own_mortgage,1.346541882
COL,2021,own_outright,1.561160326
COL,2021,rent_private,1.176793933
COL,2022,own_mortgage,1.464138746
COL,2022,own_outright,1.532372594
COL,2022,rent_private,1.279877186
COL,2023,own_mortgage,1.468873858
COL,2023,own_outright,1.552466631
COL,2023,rent_private,1.313633442
COL,2024,own_mortgage,1.496510506
COL,2024,own_outright,1.582333088
COL,2024,rent_private,1.306348801
CRI,2010,own_mortgage,1.596343279
CRI,2010,own_outright,1.852381349
CRI,2010,rent_private,1.671807528
CRI,2011,own_mortgage,1.726819515
CRI,2011,own_outright,1.895334244
CRI,2011,rent_private,1.734030366
CRI,2012,own_mortgage,1.811338544
CRI,2012,own_outright,1.905067801
CRI,2012,rent_private,1.696136951
CRI,2013,own_mortgage,1.706078529
CRI,2013,own_outright,1.947445869
CRI,2013,rent_private,1.637795806
CRI,2014,own_mortgage,1.828997016
CRI,2014,own_outright,1.96851325
CRI,2014,rent_private,1.646894097
CRI,2015,own_mortgage,1.787609339
CRI,2015,own_outright,1.95672667
CRI,2015,rent_private,1.696292281
CRI,2016,own_mortgage,1.792944193
CRI,2016,own_outright,1.976615787
CRI,2016,rent_private,1.72185874
CRI,2017,own_mortgage,1.767078638
CRI,2017,own_outright,2.024593115
CRI,2017,rent_private,1.636547089
CRI,2018,own_mortgage,1.799132347
CRI,2018,own_outright,2.025287628
CRI,2018,rent_private,1.667068124
CRI,2019,own_mortgage,1.895529628
CRI,2019,own_outright,2.072721958
CRI,2019,rent_private,1.675713301
CRI,2020,own_mortgage,1.868523121
CRI,2020,own_outright,2.029068947
CRI,2020,rent_private,1.669216275
CRI,2021,own_mortgage,1.894534469
CRI,2021,own_outright,2.086867809
CRI,2021,rent_private,1.74315393
CRI,2022,own_mortgage,1.911307812
CRI,2022,own_outright,2.13172555
CRI,2022,rent_private,1.79213953
CRI,2023,own_mortgage,1.952776551
CRI,2023,own_outright,2.168865681
CRI,2023,rent_private,1.771472216
CRI,2024,own_mortgage,1.885918617
CRI,2024,own_outright,2.190960407
CRI,2024,rent_private,1.825551987
CYP,2010,own_mortgage,2.034671783
CYP,2010,own_outright,2.253644228
CYP,2010,rent_private,2.329395771
CYP,2011,own_mortgage,1.999971509
CYP,2011,own_outright,2.309796333
CYP,2011,rent_private,2.273248196
CYP,2012,own_mortgage,2.018773317
CYP,2012,own_outright,2.273332834
CYP,2012,rent_private,2.299497128
CYP,2013,own_mortgage,2.017087221
CYP,2013,own_outright,2.298077106
CYP,2013,rent_private,2.341067314
CYP,2014,own_mortgage,1.995813847
CYP,2014,own_outright,2.333001614
CYP,2014,rent_private,2.327157974
CYP,2015,own_mortgage,2.045828104
CYP,2015,own_outright,2.354762554
CYP,2015,rent_private,2.292402029
CYP,2016,own_mortgage,1.980989575
CYP,2016,own_outright,2.395624161
CYP,2016,rent_private,2.280663013
CYP,2017,own_mortgage,2.017830849
CYP,2017,own_outright,2.42851305
CYP,2017,rent_private,2.251766443
CYP,2018,own_mortgage,2.04054141
CYP,2018,own_outright,2.421696901
CYP,2018,rent_private,2.251469374
CYP,2019,own_mortgage,1.978420973
CYP,2019,own_outright,2.447405815
CYP,2019,rent_private,2.220037222
CYP,2020,own_mortgage,1.963115573
CYP,2020,own_outright,2.422133923
CYP,2020,rent_private,2.290128708
CYP,2021,own_mortgage,1.948380113
CYP,2021,own_outright,2.445387602
CYP,2021,rent_private,2.34035635
CYP,2022,own_mortgage,1.907890677
CYP,2022,own_outright,2.446883917
CYP,2022,rent_private,2.288073778
CYP,2023,own_mortgage,1.872855783
CYP,2023,own_outright,2.439875603
CYP,2023,rent_private,2.357009649
CYP,2024,own_mortgage,2.003222704
CYP,2024,own_outright,2.52541852
CYP,2024,rent_private,2.382884741
CZE,2010,own_mortgage,1.428680182
CZE,2010,own_outright,1.721945643
CZE,2010,rent_private,1.261565566
CZE,2010,rent_subsidised,1.363712311
CZE,2011,own_mortgage,1.404517293
CZE,2011,own_outright,1.761273265
CZE,2011,rent_private,1.358904123
CZE,2011,rent_subsidised,1.390139937
CZE,2012,own_mortgage,1.42195642
CZE,2012,own_outright,1.821847439
CZE,2012,rent_private,1.369858623
CZE,2012,rent_subsidised,1.406431079
CZE,2013,own_mortgage,1.423629522
CZE,2013,own_outright,1.827733755
CZE,2013,rent_private,1.372363567
CZE,2014,own_mortgage,1.405118465
CZE,2014,own_outright,1.835277915
CZE,2014,rent_private,1.378791571
CZE,2014,rent_subsidised,1.337444425
CZE,2015,own_mortgage,1.446742773
CZE,2015,own_outright,1.883999109
CZE,2015,rent_private,1.397060275
CZE,2015,rent_subsidised,1.409954309
CZE,2016,own_mortgage,1.493124366
CZE,2016,own_outright,1.893553138
CZE,2016,rent_private,1.42508316
CZE,2016,rent_subsidised,1.494796038
CZE,2017,own_mortgage,1.515324593
CZE,2017,own_outright,1.934320211
CZE,2017,rent_private,1.463203549
CZE,2017,rent_subsidised,1.420149207
CZE,2018,own_mortgage,1.539024949
CZE,2018,own_outright,1.964479446
CZE,2018,rent_private,1.461592913
CZE,2018,rent_subsidised,1.529367685
CZE,2019,own_mortgage,1.510674715
CZE,2019,own_outright,2.033846855
CZE,2019,rent_private,1.48143971
CZE,2020,own_mortgage,1.519195199
CZE,2020,own_outright,2.021986246
CZE,2020,rent_private,1.527974248
CZE,2020,rent_subsidised,1.434881806
CZE,2021,own_mortgage,1.513727903
CZE,2021,own_outright,2.007853508
CZE,2021,rent_private,1.528306603
CZE,2021,rent_subsidised,1.50077796
CZE,2022,own_mortgage,1.529585838
CZE,2022,own_outright,2.066833735
CZE,2022,rent_private,1.564714074
CZE,2022,rent_subsidised,1.479099035
CZE,2023,own_mortgage,1.532757878
CZE,2023,own_outright,2.055109262
CZE,2023,rent_private,1.550115228
CZE,2024,own_mortgage,1.490785718
CZE,2024,own_outright,2.058442593
CZE,2024,rent_private,1.536743999
DEU,2010,own_mortgage,2.014612436
DEU,2010,own_outright,2.847836018
DEU,2010,rent_private,1.928918123
DEU,2010,rent_subsidised,1.556508064
DEU,2012,own_mortgage,2.094608068
DEU,2012,own_outright,2.770442247
DEU,2012,rent_private,1.921083808
DEU,2012,rent_subsidised,1.671236634
DEU,2014,own_mortgage,2.143612862
DEU,2014,own_outright,2.847715616
DEU,2014,rent_private,1.864281654
DEU,2014,rent_subsidised,2.197003126
DEU,2020,own_mortgage,2.104382277
DEU,2020,own_outright,2.570665359
DEU,2020,rent_private,1.835502028
DEU,2020,rent_subsidised,1.747672677
DEU,2021,own_mortgage,2.066117048
DEU,2021,own_outright,2.589928865
DEU,2021,rent_private,1.849132419
DEU,2021,rent_subsidised,2.199020624
DEU,2022,own_mortgage,1.898389578
DEU,2022,own_outright,2.500212669
DEU,2022,rent_private,1.818800569
DEU,2022,rent_subsidised,1.67119503
DEU,2023,own_mortgage,1.961107254
DEU,2023,own_outright,2.484591484
DEU,2023,rent_private,1.795357227
DEU,2023,rent_subsidised,1.697408676
DEU,2024,own_mortgage,1.934533238
DEU,2024,own_outright,2.513015032
DEU,2024,rent_private,1.790946007
DEU,2024,rent_subsidised,1.589790344
DNK,2010,own_mortgage,2.225890875
DNK,2010,own_outright,2.853235245
DNK,2010,rent_private,2.138663769
DNK,2011,own_mortgage,2.297917604
DNK,2011,own_outright,2.739036322
DNK,2011,rent_private,2.079425335
DNK,2012,own_mortgage,2.2795012
DNK,2012,own_outright,2.867254734
DNK,2012,rent_private,2.157426119
DNK,2013,own_mortgage,2.245327473
DNK,2013,own_outright,2.769872904
DNK,2013,rent_private,2.092465639
DNK,2014,own_mortgage,2.24901247
DNK,2014,own_outright,2.767859459
DNK,2014,rent_private,2.162343264
DNK,2015,own_mortgage,2.313193321
DNK,2015,own_outright,2.845228195
DNK,2015,rent_private,2.056771994
DNK,2016,own_mortgage,2.307700872
DNK,2016,own_outright,2.798992395
DNK,2016,rent_private,2.102348089
DNK,2017,own_mortgage,2.347433805
DNK,2017,own_outright,2.884224176
DNK,2017,rent_private,2.053765297
DNK,2018,own_mortgage,2.38252759
DNK,2018,own_outright,2.899892569
DNK,2018,rent_private,2.011221647
DNK,2019,own_mortgage,2.362082481
DNK,2019,own_outright,2.956817389
DNK,2019,rent_private,2.013710976
DNK,2020,own_mortgage,2.353566885
DNK,2020,own_outright,2.886318922
DNK,2020,rent_private,2.065437794
DNK,2021,own_mortgage,2.300722122
DNK,2021,own_outright,2.986147642
DNK,2021,rent_private,2.039571285
DNK,2022,own_mortgage,2.35532093
DNK,2022,own_outright,3.011548281
DNK,2022,rent_private,2.04843998
DNK,2023,own_mortgage,2.349841356
DNK,2023,own_outright,2.91130352
DNK,2023,rent_private,2.080111504
DNK,2024,own_mortgage,2.429236412
DNK,2024,own_outright,2.858479261
DNK,2024,rent_private,2.084826231
ESP,2010,own_mortgage,2.106609344
ESP,2010,own_outright,2.597741842
ESP,2010,rent_private,2.11768651
ESP,2010,rent_subsidised,2.564044714
ESP,2011,own_mortgage,2.03611207
ESP,2011,own_outright,2.513355732
ESP,2011,rent_private,2.044548512
ESP,2011,rent_subsidised,2.310254335
ESP,2012,own_mortgage,2.047996759
ESP,2012,own_outright,2.590192318
ESP,2012,rent_private,2.02377367
ESP,2012,rent_subsidised,2.336455345
ESP,2013,own_mortgage,2.048012018
ESP,2013,own_outright,2.593111277
ESP,2013,rent_private,2.003499985
ESP,2013,rent_subsidised,2.048944473
ESP,2014,own_mortgage,2.028813839
ESP,2014,own_outright,2.631803513
ESP,2014,rent_private,2.107395649
ESP,2014,rent_subsidised,2.137404919
ESP,2015,own_mortgage,2.086155415
ESP,2015,own_outright,2.684406519
ESP,2015,rent_private,2.187489033
ESP,2015,rent_subsidised,2.128849268
ESP,2016,own_mortgage,2.062357664
ESP,2016,own_outright,2.692481995
ESP,2016,rent_private,2.178189993
ESP,2016,rent_subsidised,2.10924983
ESP,2017,own_mortgage,2.078930378
ESP,2017,own_outright,2.714293957
ESP,2017,rent_private,2.178801775
ESP,2017,rent_subsidised,2.345253468
ESP,2018,own_mortgage,2.064222813
ESP,2018,own_outright,2.722424507
ESP,2018,rent_private,2.10279274
ESP,2018,rent_subsidised,2.618726492
ESP,2019,own_mortgage,2.09288168
ESP,2019,own_outright,2.723831892
ESP,2019,rent_private,2.128558874
ESP,2019,rent_subsidised,2.173337936
ESP,2020,own_mortgage,2.141027689
ESP,2020,own_outright,2.689341784
ESP,2020,rent_private,2.108286858
ESP,2020,rent_subsidised,2.087831497
ESP,2021,own_mortgage,2.159313202
ESP,2021,own_outright,2.780769348
ESP,2021,rent_private,2.224469423
ESP,2021,rent_subsidised,2.214659929
ESP,2022,own_mortgage,2.141312122
ESP,2022,own_outright,2.786539316
ESP,2022,rent_private,2.185144663
ESP,2022,rent_subsidised,2.212893248
ESP,2023,own_mortgage,2.160235405
ESP,2023,own_outright,2.782119751
ESP,2023,rent_private,2.146022558
ESP,2023,rent_subsidised,2.312970877
ESP,2024,own_mortgage,2.139359474
ESP,2024,own_outright,2.770037174
ESP,2024,rent_private,2.190839052
ESP,2024,rent_subsidised,2.259958029
EST,2010,own_mortgage,1.186600208
EST,2010,own_outright,1.53151679
EST,2010,rent_private,1.163508892
EST,2010,rent_subsidised,1.225190759
EST,2011,own_mortgage,1.508091927
EST,2011,own_outright,2.069613934
EST,2011,rent_private,1.608412027
EST,2012,own_mortgage,1.549427867
EST,2012,own_outright,2.126210928
EST,2012,rent_private,1.495614886
EST,2012,rent_subsidised,1.696575284
EST,2013,own_mortgage,1.463541746
EST,2013,own_outright,1.930837274
EST,2013,rent_private,1.469590902
EST,2013,rent_subsidised,1.607230783
EST,2014,own_mortgage,1.572696209
EST,2014,own_outright,2.132698059
EST,2014,rent_private,1.598137975
EST,2014,rent_subsidised,1.636957645
EST,2015,own_mortgage,1.600458503
EST,2015,own_outright,2.19555378
EST,2015,rent_private,1.548468828
EST,2015,rent_subsidised,1.624349117
EST,2016,own_mortgage,1.589816689
EST,2016,own_outright,2.193007469
EST,2016,rent_private,1.758953333
EST,2016,rent_subsidised,1.836862445
EST,2017,own_mortgage,1.579499483
EST,2017,own_outright,2.237157345
EST,2017,rent_private,1.734323144
EST,2017,rent_subsidised,1.614163995
EST,2018,own_mortgage,1.563923955
EST,2018,own_outright,2.250883579
EST,2018,rent_private,1.718633294
EST,2018,rent_subsidised,1.731306434
EST,2019,own_mortgage,1.587362289
EST,2019,own_outright,2.217933655
EST,2019,rent_private,1.778345704
EST,2019,rent_subsidised,1.530488253
EST,2020,own_mortgage,1.569981694
EST,2020,own_outright,2.315714836
EST,2020,rent_private,1.777688384
EST,2020,rent_subsidised,1.63924551
EST,2021,own_mortgage,1.526061177
EST,2021,own_outright,2.234225988
EST,2021,rent_private,1.600281954
EST,2021,rent_subsidised,1.690153122
EST,2022,own_mortgage,1.5592767
EST,2022,own_outright,2.240146875
EST,2022,rent_private,1.641540051
EST,2022,rent_subsidised,1.453500509
EST,2023,own_mortgage,1.516343355
EST,2023,own_outright,2.252515316
EST,2023,rent_private,1.521555901
EST,2023,rent_subsidised,1.445613742
EST,2024,own_mortgage,1.551245689
EST,2024,own_outright,2.27164793
EST,2024,rent_private,1.561880469
EST,2024,rent_subsidised,1.47036767
FIN,2010,own_mortgage,2.035125256
FIN,2010,own_outright,2.603050709
FIN,2010,rent_private,1.700666428
FIN,2010,rent_subsidised,1.756689072
FIN,2011,own_mortgage,2.045747042
FIN,2011,own_outright,2.579912186
FIN,2011,rent_private,1.757716775
FIN,2011,rent_subsidised,1.746478558
FIN,2012,own_mortgage,2.027586222
FIN,2012,own_outright,2.629026175
FIN,2012,rent_private,1.746716976
FIN,2012,rent_subsidised,1.76302731
FIN,2013,own_mortgage,2.042796612
FIN,2013,own_outright,2.636183023
FIN,2013,rent_private,1.750950694
FIN,2013,rent_subsidised,1.744494915
FIN,2014,own_mortgage,2.045975924
FIN,2014,own_outright,2.630507708
FIN,2014,rent_private,1.78134954
FIN,2014,rent_subsidised,1.743742466
FIN,2015,own_mortgage,2.051211834
FIN,2015,own_outright,2.630927563
FIN,2015,rent_private,1.739816427
FIN,2015,rent_subsidised,1.810911775
FIN,2016,own_mortgage,2.063376188
FIN,2016,own_outright,2.654640675
FIN,2016,rent_private,1.749792933
FIN,2016,rent_subsidised,1.797012448
FIN,2017,own_mortgage,2.058003664
FIN,2017,own_outright,2.666749716
FIN,2017,rent_private,1.759689927
FIN,2017,rent_subsidised,1.804929137
FIN,2018,own_mortgage,2.086945295
FIN,2018,own_outright,2.705287933
FIN,2018,rent_private,1.783765554
FIN,2018,rent_subsidised,1.783580542
FIN,2019,own_mortgage,2.109155416
FIN,2019,own_outright,2.758705378
FIN,2019,rent_private,1.802189231
FIN,2019,rent_subsidised,1.81019628
FIN,2020,own_mortgage,2.123407364
FIN,2020,own_outright,2.755864859
FIN,2020,rent_private,1.793501496
FIN,2020,rent_subsidised,1.790949941
FIN,2021,own_mortgage,2.131647825
FIN,2021,own_outright,2.819191217
FIN,2021,rent_private,1.790451765
FIN,2021,rent_subsidised,1.802373409
FIN,2022,own_mortgage,2.158756495
FIN,2022,own_outright,2.856686592
FIN,2022,rent_private,1.77389431
FIN,2022,rent_subsidised,1.901477337
FIN,2023,own_mortgage,2.157897234
FIN,2023,own_outright,2.853091717
FIN,2023,rent_private,1.75255096
FIN,2023,rent_subsidised,1.845392704
FIN,2024,own_mortgage,2.158658981
FIN,2024,own_outright,2.807038307
FIN,2024,rent_private,1.738144159
FIN,2024,rent_subsidised,1.882464767
FRA,2010,own_mortgage,1.750699759
FRA,2010,own_outright,2.690688848
FRA,2010,rent_private,1.756582141
FRA,2010,rent_subsidised,1.836869717
FRA,2011,own_mortgage,1.752639294
FRA,2011,own_outright,2.702317238
FRA,2011,rent_private,1.723573923
FRA,2011,rent_subsidised,1.838655829
FRA,2012,own_mortgage,1.752892256
FRA,2012,own_outright,2.708153486
FRA,2012,rent_private,1.789587617
FRA,2012,rent_subsidised,1.847136021
FRA,2013,own_mortgage,1.77117908
FRA,2013,own_outright,2.7835567
FRA,2013,rent_private,1.845206141
FRA,2013,rent_subsidised,1.867298126
FRA,2014,own_mortgage,1.771265388
FRA,2014,own_outright,2.748844147
FRA,2014,rent_private,1.826802969
FRA,2014,rent_subsidised,1.905017138
FRA,2015,own_mortgage,1.798688769
FRA,2015,own_outright,2.780584097
FRA,2015,rent_private,1.8923136
FRA,2015,rent_subsidised,1.842926145
FRA,2016,own_mortgage,1.794095397
FRA,2016,own_outright,2.777361393
FRA,2016,rent_private,1.87752831
FRA,2016,rent_subsidised,1.907583714
FRA,2017,own_mortgage,1.805146098
FRA,2017,own_outright,2.784290791
FRA,2017,rent_private,1.887552381
FRA,2017,rent_subsidised,1.957324386
FRA,2018,own_mortgage,1.826897144
FRA,2018,own_outright,2.806734562
FRA,2018,rent_private,1.841391563
FRA,2018,rent_subsidised,1.901379347
FRA,2019,own_mortgage,1.870594025
FRA,2019,own_outright,2.863057613
FRA,2019,rent_private,1.828000546
FRA,2019,rent_subsidised,1.930970311
FRA,2020,own_mortgage,1.813986421
FRA,2020,own_outright,2.719795227
FRA,2020,rent_private,1.825738192
FRA,2020,rent_subsidised,1.774307966
FRA,2021,own_mortgage,1.841308832
FRA,2021,own_outright,2.745871782
FRA,2021,rent_private,1.888139248
FRA,2021,rent_subsidised,1.8107903
FRA,2022,own_mortgage,1.875594735
FRA,2022,own_outright,2.79786706
FRA,2022,rent_private,1.869589329
FRA,2022,rent_subsidised,1.849572301
FRA,2023,own_mortgage,1.89586544
FRA,2023,own_outright,2.810389519
FRA,2023,rent_private,1.867460251
FRA,2023,rent_subsidised,1.861892819
FRA,2024,own_mortgage,1.950460315
FRA,2024,own_outright,2.861115456
FRA,2024,rent_private,1.875936627
FRA,2024,rent_subsidised,1.864650249
GBR,2010,own_mortgage,2.542857647
GBR,2010,own_outright,3.578180552
GBR,2010,rent_private,2.357578039
GBR,2011,own_mortgage,2.572892904
GBR,2011,own_outright,3.637033463
GBR,2011,rent_private,2.40687871
GBR,2012,own_mortgage,2.583143473
GBR,2012,own_outright,3.690010548
GBR,2012,rent_private,2.481600523
GBR,2013,own_mortgage,2.598522425
GBR,2013,own_outright,3.711285353
GBR,2013,rent_private,2.489906073
GBR,2014,own_mortgage,2.582379341
GBR,2014,own_outright,3.721561432
GBR,2014,rent_private,2.55322051
GBR,2015,own_mortgage,2.615162611
GBR,2015,own_outright,3.718607187
GBR,2015,rent_private,2.621977568
GBR,2016,own_mortgage,2.647689819
GBR,2016,own_outright,3.732592106
GBR,2016,rent_private,2.601779222
GBR,2017,own_mortgage,2.663550615
GBR,2017,own_outright,3.776711464
GBR,2017,rent_private,2.706735849
GBR,2018,own_mortgage,2.699159145
GBR,2018,own_outright,3.788178921
GBR,2018,rent_private,2.759698153
GBR,2019,own_mortgage,2.711326361
GBR,2019,own_outright,3.805267811
GBR,2019,rent_private,2.824267387
GBR,2019,rent_subsidised,2.512952328
GBR,2020,own_mortgage,2.718268156
GBR,2020,own_outright,3.840063334
GBR,2020,rent_private,2.82200408
GBR,2020,rent_subsidised,2.561922789
GBR,2021,own_mortgage,2.840223074
GBR,2021,own_outright,3.874263763
GBR,2021,rent_private,2.807950974
GBR,2021,rent_subsidised,2.568285704
GBR,2022,own_mortgage,2.897197962
GBR,2022,own_outright,3.871804237
GBR,2022,rent_private,2.941992283
GBR,2022,rent_subsidised,2.592405796
GRC,2010,own_mortgage,1.226174593
GRC,2010,own_outright,1.505761504
GRC,2010,rent_private,1.47694838
GRC,2011,own_mortgage,1.217278719
GRC,2011,own_outright,1.472167015
GRC,2011,rent_private,1.519429326
GRC,2012,own_mortgage,1.184211254
GRC,2012,own_outright,1.504139066
GRC,2012,rent_private,1.400909901
GRC,2013,own_mortgage,1.28283751
GRC,2013,own_outright,1.614735126
GRC,2013,rent_private,1.454118729
GRC,2014,own_mortgage,1.2622751
GRC,2014,own_outright,1.626379848
GRC,2014,rent_private,1.383678198
GRC,2015,own_mortgage,1.250610948
GRC,2015,own_outright,1.615586638
GRC,2015,rent_private,1.41093111
GRC,2016,own_mortgage,1.304043174
GRC,2016,own_outright,1.642463207
GRC,2016,rent_private,1.397400379
GRC,2017,own_mortgage,1.310354948
GRC,2017,own_outright,1.669186234
GRC,2017,rent_private,1.388535857
GRC,2018,own_mortgage,1.329573512
GRC,2018,own_outright,1.667153955
GRC,2018,rent_private,1.381459713
GRC,2019,own_mortgage,1.328387976
GRC,2019,own_outright,1.646372557
GRC,2019,rent_private,1.466953278
GRC,2020,own_mortgage,1.336314797
GRC,2020,own_outright,1.676699281
GRC,2020,rent_private,1.436754465
GRC,2021,own_mortgage,1.359503269
GRC,2021,own_outright,1.687858224
GRC,2021,rent_private,1.436513305
GRC,2022,own_mortgage,1.325182915
GRC,2022,own_outright,1.68572998
GRC,2022,rent_private,1.407856226
GRC,2023,own_mortgage,1.402472258
GRC,2023,own_outright,1.804399252
GRC,2023,rent_private,1.467315793
GRC,2024,own_mortgage,1.443269014
GRC,2024,own_outright,1.806208849
GRC,2024,rent_private,1.45565784
HRV,2016,own_mortgage,1.051706076
HRV,2016,own_outright,1.500392556
HRV,2016,rent_subsidised,1.038699627
HRV,2017,own_mortgage,1.084889531
HRV,2017,own_outright,1.504447579
HRV,2017,rent_subsidised,1.071060061
HRV,2018,own_mortgage,1.105648398
HRV,2018,own_outright,1.517649412
HRV,2018,rent_subsidised,1.099084616
HRV,2019,own_mortgage,1.08675015
HRV,2019,own_outright,1.526973724
HRV,2019,rent_subsidised,1.026071191
HRV,2020,own_mortgage,1.141769528
HRV,2020,own_outright,1.560964942
HRV,2021,own_mortgage,1.118529797
HRV,2021,own_outright,1.598783255
HRV,2022,own_mortgage,1.071451902
HRV,2022,own_outright,1.641136527
HRV,2023,own_mortgage,1.09938395
HRV,2023,own_outright,1.661843061
HRV,2024,own_mortgage,1.185484648
HRV,2024,own_outright,1.675239563
HRV,2024,rent_private,1.22614336
HUN,2010,own_mortgage,1.069333434
HUN,2010,own_outright,1.394331932
HUN,2010,rent_private,1.163379431
HUN,2010,rent_subsidised,0.9468795657
HUN,2011,own_mortgage,1.035038471
HUN,2011,own_outright,1.391552567
HUN,2011,rent_private,1.138924956
HUN,2011,rent_subsidised,0.9272089601
HUN,2012,own_mortgage,1.017263532
HUN,2012,own_outright,1.396075487
HUN,2012,rent_private,1.124666214
HUN,2012,rent_subsidised,0.9249278903
HUN,2013,own_mortgage,1.05292654
HUN,2013,own_outright,1.434438705
HUN,2013,rent_private,1.121182442
HUN,2013,rent_subsidised,0.9885947704
HUN,2014,own_mortgage,1.1591717
HUN,2014,own_outright,1.578419089
HUN,2014,rent_private,1.261054397
HUN,2014,rent_subsidised,0.983317256
HUN,2015,own_mortgage,1.225919366
HUN,2015,own_outright,1.621268153
HUN,2015,rent_private,1.255382776
HUN,2015,rent_subsidised,1.122621536
HUN,2016,own_mortgage,1.253169537
HUN,2016,own_outright,1.636757731
HUN,2016,rent_private,1.28744638
HUN,2016,rent_subsidised,1.080575824
HUN,2017,own_mortgage,1.293126702
HUN,2017,own_outright,1.663523078
HUN,2017,rent_private,1.317076683
HUN,2017,rent_subsidised,1.118673325
HUN,2018,own_mortgage,1.557484627
HUN,2018,own_outright,2.116370678
HUN,2018,rent_private,1.786338806
HUN,2018,rent_subsidised,1.565801501
IRL,2010,own_mortgage,2.029742002
IRL,2010,own_outright,3.027835131
IRL,2010,rent_private,1.975743413
IRL,2010,rent_subsidised,2.185279369
IRL,2011,own_mortgage,2.062040091
IRL,2011,own_outright,3.041637421
IRL,2011,rent_private,1.886281967
IRL,2011,rent_subsidised,2.187583923
IRL,2012,own_mortgage,2.093263388
IRL,2012,own_outright,3.057977438
IRL,2012,rent_private,1.984163642
IRL,2012,rent_subsidised,2.176506996
IRL,2013,own_mortgage,2.072460651
IRL,2013,own_outright,3.124153852
IRL,2013,rent_private,1.88134408
IRL,2013,rent_subsidised,2.136594534
IRL,2014,own_mortgage,2.013562441
IRL,2014,own_outright,3.061485052
IRL,2014,rent_private,1.812710404
IRL,2014,rent_subsidised,1.985963106
IRL,2015,own_mortgage,2.105174065
IRL,2015,own_outright,3.128162146
IRL,2015,rent_private,1.833001733
IRL,2015,rent_subsidised,2.109748602
IRL,2016,own_mortgage,2.123372078
IRL,2016,own_outright,3.20617342
IRL,2016,rent_private,1.782765269
IRL,2016,rent_subsidised,2.041655779
IRL,2017,own_mortgage,2.130685568
IRL,2017,own_outright,3.216989279
IRL,2017,rent_private,1.836043239
IRL,2017,rent_subsidised,2.114994764
IRL,2018,own_mortgage,2.154428959
IRL,2018,own_outright,3.277748823
IRL,2018,rent_private,1.792547703
IRL,2018,rent_subsidised,2.075996637
IRL,2019,own_mortgage,2.126218557
IRL,2019,own_outright,2.994762659
IRL,2019,rent_private,1.766031504
IRL,2019,rent_subsidised,1.948493123
IRL,2020,own_mortgage,2.002378225
IRL,2020,own_outright,3.067415476
IRL,2020,rent_private,1.764487267
IRL,2020,rent_subsidised,2.149441957
IRL,2021,own_mortgage,1.959343791
IRL,2021,own_outright,3.305746794
IRL,2021,rent_private,1.961350679
IRL,2021,rent_subsidised,2.171765327
IRL,2022,own_mortgage,1.919586062
IRL,2022,own_outright,2.977006197
IRL,2022,rent_private,1.930567265
IRL,2022,rent_subsidised,2.113933563
IRL,2023,own_mortgage,1.85173142
IRL,2023,own_outright,3.03293252
IRL,2023,rent_private,2.006989241
IRL,2023,rent_subsidised,2.178819418
IRL,2024,own_mortgage,1.897604823
IRL,2024,own_outright,2.96045351
IRL,2024,rent_private,1.90077281
IRL,2024,rent_subsidised,2.056932926
ISL,2010,own_mortgage,1.810132623
ISL,2010,own_outright,2.385242224
ISL,2010,rent_private,1.78154397
ISL,2010,rent_subsidised,1.829296708
ISL,2011,own_mortgage,1.770626307
ISL,2011,own_outright,2.44503808
ISL,2011,rent_private,1.625124097
ISL,2011,rent_subsidised,1.742173076
ISL,2012,own_mortgage,1.764881968
ISL,2012,own_outright,2.498397112
ISL,2012,rent_private,1.732900023
ISL,2012,rent_subsidised,1.628646374
ISL,2013,own_mortgage,1.77601254
ISL,2013,own_outright,2.48791337
ISL,2013,rent_private,1.594371796
ISL,2013,rent_subsidised,1.661120296
ISL,2014,own_mortgage,1.774353027
ISL,2014,own_outright,2.3896873
ISL,2014,rent_private,1.843651891
ISL,2014,rent_subsidised,1.737269521
ISL,2015,own_mortgage,1.835470676
ISL,2015,own_outright,2.546756506
ISL,2015,rent_private,1.816105127
ISL,2015,rent_subsidised,1.640948772
ISL,2016,own_mortgage,1.833370447
ISL,2016,own_outright,2.418233156
ISL,2016,rent_private,1.944432974
ISL,2016,rent_subsidised,1.879252195
ISL,2018,own_mortgage,1.889628768
ISL,2018,own_outright,2.475638866
ISL,2018,rent_private,1.848725319
ISL,2018,rent_subsidised,1.644968271
ISL,2019,own_mortgage,1.783325195
ISL,2019,own_outright,2.386347771
ISL,2019,rent_private,1.679898858
ISL,2019,rent_subsidised,1.695694923
ISL,2020,own_mortgage,1.767601728
ISL,2020,own_outright,2.393616199
ISL,2020,rent_private,1.549503446
ISL,2020,rent_subsidised,1.626999497
ITA,2010,own_mortgage,1.501980305
ITA,2010,own_outright,1.992964268
ITA,2010,rent_private,1.566253901
ITA,2010,rent_subsidised,1.581662774
ITA,2011,own_mortgage,1.429703712
ITA,2011,own_outright,1.900451899
ITA,2011,rent_private,1.47038877
ITA,2011,rent_subsidised,1.534571886
ITA,2012,own_mortgage,1.432796717
ITA,2012,own_outright,1.913696885
ITA,2012,rent_private,1.474696517
ITA,2012,rent_subsidised,1.493798494
ITA,2013,own_mortgage,1.401349306
ITA,2013,own_outright,1.914336443
ITA,2013,rent_private,1.462720513
ITA,2013,rent_subsidised,1.526698232
ITA,2014,own_mortgage,1.413333058
ITA,2014,own_outright,1.924033999
ITA,2014,rent_private,1.469785213
ITA,2014,rent_subsidised,1.476015687
ITA,2015,own_mortgage,1.388791323
ITA,2015,own_outright,1.919922709
ITA,2015,rent_private,1.401562691
ITA,2015,rent_subsidised,1.539624929
ITA,2016,own_mortgage,1.354682088
ITA,2016,own_outright,1.887348056
ITA,2016,rent_private,1.482200146
ITA,2016,rent_subsidised,1.510857582
ITA,2017,own_mortgage,1.379469037
ITA,2017,own_outright,1.865653872
ITA,2017,rent_private,1.482251048
ITA,2017,rent_subsidised,1.492721438
ITA,2018,own_mortgage,1.372580051
ITA,2018,own_outright,1.854408503
ITA,2018,rent_private,1.505612373
ITA,2018,rent_subsidised,1.449648023
ITA,2019,own_mortgage,1.322339058
ITA,2019,own_outright,1.865639687
ITA,2019,rent_private,1.51249361
ITA,2019,rent_subsidised,1.367625475
ITA,2020,own_mortgage,1.372461677
ITA,2020,own_outright,1.895370603
ITA,2020,rent_private,1.539702892
ITA,2020,rent_subsidised,1.608320117
ITA,2021,own_mortgage,1.362352848
ITA,2021,own_outright,1.913106799
ITA,2021,rent_private,1.509625673
ITA,2021,rent_subsidised,1.560032964
ITA,2022,own_mortgage,1.485097408
ITA,2022,own_outright,1.966518879
ITA,2022,rent_private,1.543091655
ITA,2022,rent_subsidised,1.499130964
ITA,2023,own_mortgage,1.420954466
ITA,2023,own_outright,1.98981142
ITA,2023,rent_private,1.544841647
ITA,2023,rent_subsidised,1.51074636
ITA,2024,own_mortgage,1.45702827
ITA,2024,own_outright,1.99165833
ITA,2024,rent_private,1.557072759
ITA,2024,rent_subsidised,1.625272632
JPN,2010,own_mortgage,2.079424381
JPN,2010,own_outright,2.421718836
JPN,2010,rent_private,1.494108558
JPN,2010,rent_subsidised,1.483753562
JPN,2012,own_mortgage,1.660037041
JPN,2012,own_outright,2.449240685
JPN,2012,rent_private,1.565748811
JPN,2014,own_mortgage,1.627983093
JPN,2014,own_outright,2.500220776
JPN,2014,rent_private,1.611369014
JPN,2016,own_mortgage,1.646179914
JPN,2016,own_outright,2.606368065
JPN,2016,rent_private,1.629698277
JPN,2018,own_mortgage,1.583327651
JPN,2018,own_outright,2.576059341
JPN,2018,rent_private,1.608409762
JPN,2019,own_mortgage,1.594816804
JPN,2019,own_outright,2.604188442
JPN,2019,rent_private,1.574265957
JPN,2020,own_mortgage,1.609295845
JPN,2020,own_outright,2.583055258
JPN,2020,rent_private,1.700306773
JPN,2021,own_mortgage,1.65156889
JPN,2021,own_outright,2.580908775
JPN,2021,rent_private,1.779836893
JPN,2022,own_mortgage,1.637338758
JPN,2022,own_outright,2.634330988
JPN,2022,rent_private,1.726640463
JPN,2023,own_mortgage,1.672884703
JPN,2023,own_outright,2.676100016
JPN,2023,rent_private,1.846474409
KOR,2010,own_mortgage,1.327612996
KOR,2010,own_outright,1.761586308
KOR,2010,rent_private,1.446970105
KOR,2010,rent_subsidised,1.479197741
KOR,2014,own_mortgage,1.576803565
KOR,2014,own_outright,2.090459108
KOR,2014,rent_private,1.813699245
KOR,2014,rent_subsidised,1.809523225
KOR,2017,own_mortgage,1.422618032
KOR,2017,own_outright,1.879184723
KOR,2017,rent_private,1.725479007
KOR,2017,rent_subsidised,1.667404532
KOR,2018,own_outright,1.776994586
KOR,2018,rent_private,1.758016348
KOR,2018,rent_subsidised,1.771004796
KOR,2019,own_outright,1.802025676
KOR,2019,rent_private,1.815440774
KOR,2019,rent_subsidised,1.799094558
KOR,2020,own_outright,1.814319015
KOR,2020,rent_private,1.897305608
KOR,2020,rent_subsidised,1.80511117
KOR,2021,own_outright,1.825509787
KOR,2021,rent_private,1.886562228
KOR,2021,rent_subsidised,1.873642206
KOR,2022,own_outright,1.882040381
KOR,2022,rent_private,1.952159762
KOR,2022,rent_subsidised,1.937906742
KOR,2023,own_outright,1.901618838
KOR,2023,rent_private,2.020975351
KOR,2023,rent_subsidised,1.983789206
LTU,2010,own_mortgage,1.017000437
LTU,2010,own_outright,1.486964464
LTU,2011,own_mortgage,1.391066074
LTU,2011,own_outright,2.074935913
LTU,2012,own_mortgage,1.32980454
LTU,2012,own_outright,2.09032011
LTU,2013,own_mortgage,1.427678108
LTU,2013,own_outright,1.914756775
LTU,2014,own_mortgage,1.327667475
LTU,2014,own_outright,1.900245905
LTU,2015,own_mortgage,1.355267644
LTU,2015,own_outright,1.970356464
LTU,2016,own_mortgage,1.478771091
LTU,2016,own_outright,2.045676947
LTU,2017,own_mortgage,1.369389176
LTU,2017,own_outright,2.069480896
LTU,2018,own_mortgage,1.484814644
LTU,2018,own_outright,2.083397865
LTU,2019,own_mortgage,1.577993155
LTU,2019,own_outright,2.066612244
LTU,2020,own_mortgage,1.590172887
LTU,2020,own_outright,2.131129742
LTU,2021,own_mortgage,1.592385292
LTU,2021,own_outright,2.072887659
LTU,2022,own_mortgage,1.5799613
LTU,2022,own_outright,2.096525192
LTU,2023,own_mortgage,1.638704658
LTU,2023,own_outright,2.117185354
LTU,2024,own_mortgage,1.624498963
LTU,2024,own_outright,2.076265812
LTU,2024,rent_private,1.455660343
LUX,2010,own_mortgage,1.981308341
LUX,2010,own_outright,2.880310774
LUX,2010,rent_private,1.755094767
LUX,2010,rent_subsidised,2.322918653
LUX,2011,own_mortgage,1.967930079
LUX,2011,own_outright,2.875239372
LUX,2011,rent_private,1.828446269
LUX,2011,rent_subsidised,2.208657026
LUX,2012,own_mortgage,2.102280617
LUX,2012,own_outright,3.124161482
LUX,2012,rent_private,1.824806213
LUX,2012,rent_subsidised,2.202677965
LUX,2013,own_mortgage,2.053360224
LUX,2013,own_outright,3.143982172
LUX,2013,rent_private,1.857893348
LUX,2013,rent_subsidised,2.071602583
LUX,2014,own_mortgage,2.058154345
LUX,2014,own_outright,3.143724203
LUX,2014,rent_private,1.881273746
LUX,2014,rent_subsidised,2.008134127
LUX,2015,own_mortgage,2.067740917
LUX,2015,own_outright,3.050026417
LUX,2015,rent_private,1.754349947
LUX,2015,rent_subsidised,2.050586462
LUX,2016,own_mortgage,1.980134845
LUX,2016,own_outright,2.840406895
LUX,2016,rent_private,1.714403033
LUX,2016,rent_subsidised,2.098869562
LUX,2017,own_mortgage,1.94963789
LUX,2017,own_outright,2.824081659
LUX,2017,rent_private,1.660874486
LUX,2017,rent_subsidised,2.13971591
LUX,2018,own_mortgage,2.147782803
LUX,2018,own_outright,3.087850332
LUX,2018,rent_private,1.696271777
LUX,2018,rent_subsidised,1.989804626
LUX,2019,own_mortgage,2.023250103
LUX,2019,own_outright,3.111067057
LUX,2019,rent_private,1.744877577
LUX,2019,rent_subsidised,2.08015728
LUX,2020,own_mortgage,2.035081625
LUX,2020,own_outright,3.247396231
LUX,2020,rent_private,1.671489835
LUX,2020,rent_subsidised,2.099008083
LUX,2021,own_mortgage,2.140564919
LUX,2021,own_outright,3.192178726
LUX,2021,rent_private,1.774342895
LUX,2021,rent_subsidised,1.970896244
LUX,2022,own_mortgage,2.330626726
LUX,2022,own_outright,3.256331682
LUX,2022,rent_private,1.982303023
LUX,2022,rent_subsidised,2.253351212
LUX,2023,own_mortgage,2.260310411
LUX,2023,own_outright,3.378128052
LUX,2023,rent_private,2.189727306
LUX,2023,rent_subsidised,2.071964741
LUX,2024,own_mortgage,2.227969408
LUX,2024,own_outright,3.372352123
LUX,2024,rent_private,1.98067677
LUX,2024,rent_subsidised,2.091115713
LVA,2010,own_mortgage,1.108414412
LVA,2010,own_outright,1.302007318
LVA,2010,rent_private,1.070072055
LVA,2010,rent_subsidised,0.9340257049
LVA,2011,own_mortgage,1.325955629
LVA,2011,own_outright,1.521079063
LVA,2011,rent_private,1.24737215
LVA,2011,rent_subsidised,1.220953941
LVA,2012,own_mortgage,1.34465766
LVA,2012,own_outright,1.630393386
LVA,2012,rent_private,1.284712672
LVA,2012,rent_subsidised,1.308542371
LVA,2013,own_mortgage,1.341541529
LVA,2013,own_outright,1.612815022
LVA,2013,rent_private,1.189355135
LVA,2013,rent_subsidised,1.371520996
LVA,2014,own_mortgage,1.320915461
LVA,2014,own_outright,1.607109308
LVA,2014,rent_private,1.169264674
LVA,2014,rent_subsidised,1.249740362
LVA,2015,own_mortgage,1.278705716
LVA,2015,own_outright,1.558193207
LVA,2015,rent_private,1.188533425
LVA,2015,rent_subsidised,1.175224423
LVA,2016,own_mortgage,1.33343792
LVA,2016,own_outright,1.531218648
LVA,2016,rent_private,1.215631008
LVA,2016,rent_subsidised,1.171085
LVA,2017,own_mortgage,1.253123045
LVA,2017,own_outright,1.559900284
LVA,2017,rent_private,1.189859509
LVA,2017,rent_subsidised,1.283704638
LVA,2018,own_mortgage,1.352975011
LVA,2018,own_outright,1.552325964
LVA,2018,rent_private,1.17918539
LVA,2018,rent_subsidised,1.172307491
LVA,2019,own_mortgage,1.221177101
LVA,2019,own_outright,1.563766241
LVA,2019,rent_private,1.226066113
LVA,2019,rent_subsidised,1.124125838
LVA,2020,own_mortgage,1.268176556
LVA,2020,own_outright,1.575020075
LVA,2020,rent_private,1.166015387
LVA,2020,rent_subsidised,1.125961185
LVA,2021,own_mortgage,1.262882352
LVA,2021,own_outright,1.567951441
LVA,2021,rent_private,1.182782173
LVA,2021,rent_subsidised,1.193064332
LVA,2022,own_mortgage,1.261059523
LVA,2022,own_outright,1.59409678
LVA,2022,rent_private,1.18554306
LVA,2022,rent_subsidised,1.091498375
LVA,2023,own_mortgage,1.26211977
LVA,2023,own_outright,1.586380482
LVA,2023,rent_private,1.132749915
LVA,2023,rent_subsidised,1.109040618
LVA,2024,own_mortgage,1.278609157
LVA,2024,own_outright,1.601163864
LVA,2024,rent_private,1.248800755
LVA,2024,rent_subsidised,1.172228336
MEX,2010,own_mortgage,1.31397593
MEX,2010,own_outright,1.348646641
MEX,2010,rent_private,1.217480898
MEX,2012,own_mortgage,1.365462422
MEX,2012,own_outright,1.390947342
MEX,2012,rent_private,1.174821973
MEX,2014,own_mortgage,1.270515084
MEX,2014,own_outright,1.375734091
MEX,2014,rent_private,1.313723683
MEX,2016,own_mortgage,1.280938148
MEX,2016,own_outright,1.399101257
MEX,2016,rent_private,1.313717365
MEX,2018,own_mortgage,1.318027377
MEX,2018,own_outright,1.408762336
MEX,2018,rent_private,1.334822416
MEX,2020,own_mortgage,1.303194404
MEX,2020,own_outright,1.458104014
MEX,2020,rent_private,1.357990861
MEX,2022,own_mortgage,1.36198473
MEX,2022,own_outright,1.511562943
MEX,2022,rent_private,1.397910357
MLT,2010,own_mortgage,2.236030579
MLT,2010,own_outright,2.424893141
MLT,2010,rent_subsidised,2.449939489
MLT,2011,own_mortgage,2.228002787
MLT,2011,own_outright,2.454594851
MLT,2011,rent_subsidised,2.531390667
MLT,2012,own_mortgage,2.170353651
MLT,2012,own_outright,2.451375723
MLT,2012,rent_private,2.604934692
MLT,2012,rent_subsidised,2.584124088
MLT,2013,own_mortgage,2.128458738
MLT,2013,own_outright,2.480545044
MLT,2013,rent_subsidised,2.575882912
MLT,2014,own_mortgage,2.112410784
MLT,2014,own_outright,2.510063648
MLT,2014,rent_private,2.782926559
MLT,2014,rent_subsidised,2.65244174
MLT,2015,own_mortgage,2.103471994
MLT,2015,own_outright,2.604949713
MLT,2015,rent_private,2.751016378
MLT,2015,rent_subsidised,2.754468203
MLT,2016,own_mortgage,2.169559479
MLT,2016,own_outright,2.668908834
MLT,2016,rent_private,2.698366165
MLT,2016,rent_subsidised,2.741425037
MLT,2017,own_mortgage,2.293753147
MLT,2017,own_outright,2.812350512
MLT,2017,rent_private,2.986309052
MLT,2017,rent_subsidised,2.848986864
MLT,2018,own_mortgage,2.391937017
MLT,2018,own_outright,2.885575294
MLT,2018,rent_private,3.009289265
MLT,2018,rent_subsidised,2.701109409
MLT,2019,own_mortgage,2.406881809
MLT,2019,own_outright,2.868592978
MLT,2019,rent_private,2.910065174
MLT,2019,rent_subsidised,2.766347885
MLT,2020,own_mortgage,2.49936533
MLT,2020,own_outright,2.85825038
MLT,2020,rent_private,3.067659616
MLT,2020,rent_subsidised,2.849449158
MLT,2021,own_mortgage,2.50430274
MLT,2021,own_outright,2.863957882
MLT,2021,rent_private,2.890504122
MLT,2021,rent_subsidised,2.837641001
MLT,2022,own_mortgage,2.513914108
MLT,2022,own_outright,2.852367401
MLT,2022,rent_private,3.14863658
MLT,2022,rent_subsidised,2.739860058
MLT,2023,own_mortgage,2.660802364
MLT,2023,own_outright,2.790261269
MLT,2023,rent_private,2.700713873
MLT,2023,rent_subsidised,2.704097748
MLT,2024,own_mortgage,2.704506874
MLT,2024,own_outright,3.011826992
MLT,2024,rent_private,2.844509363
MLT,2024,rent_subsidised,2.541676283
NLD,2010,own_mortgage,2.170213461
NLD,2010,own_outright,3.017016888
NLD,2010,rent_private,2.731240749
NLD,2011,own_mortgage,2.192437649
NLD,2011,own_outright,2.942755699
NLD,2011,rent_private,2.777033091
NLD,2012,own_mortgage,2.168115377
NLD,2012,own_outright,2.983369112
NLD,2012,rent_private,2.736302853
NLD,2013,own_mortgage,2.121128798
NLD,2013,own_outright,3.041552305
NLD,2013,rent_private,2.65304637
NLD,2014,own_mortgage,2.091019154
NLD,2014,own_outright,2.99366641
NLD,2014,rent_private,2.513839006
NLD,2015,own_mortgage,2.09747076
NLD,2015,own_outright,2.886480331
NLD,2015,rent_private,2.488937855
NLD,2016,own_mortgage,2.125416279
NLD,2016,own_outright,2.800259113
NLD,2016,rent_private,2.458533287
NLD,2017,own_mortgage,2.117904902
NLD,2017,own_outright,2.757442236
NLD,2017,rent_private,2.51312685
NLD,2018,own_mortgage,2.142407656
NLD,2018,own_outright,2.840651989
NLD,2018,rent_private,2.514935732
NLD,2019,own_mortgage,2.165958881
NLD,2019,own_outright,2.821597099
NLD,2019,rent_private,2.528233051
NLD,2020,own_mortgage,2.15409708
NLD,2020,own_outright,2.843696117
NLD,2020,rent_private,2.455876112
NLD,2021,own_mortgage,2.197439671
NLD,2021,own_outright,2.747954845
NLD,2021,rent_private,2.454048395
NLD,2021,rent_subsidised,2.732508659
NLD,2022,own_mortgage,2.198514462
NLD,2022,own_outright,2.753024101
NLD,2022,rent_private,2.425955772
NLD,2022,rent_subsidised,2.7279284
NLD,2023,own_mortgage,2.228382587
NLD,2023,own_outright,2.733274937
NLD,2023,rent_private,2.463940144
NLD,2023,rent_subsidised,2.688572168
NLD,2024,own_mortgage,2.280706167
NLD,2024,own_outright,2.739408255
NLD,2024,rent_private,2.401120186
NLD,2024,rent_subsidised,2.67194128
NOR,2010,own_mortgage,2.229054928
NOR,2010,own_outright,2.80066514
NOR,2010,rent_private,1.851593614
NOR,2011,own_mortgage,2.211649418
NOR,2011,own_outright,2.84636879
NOR,2011,rent_private,1.858435988
NOR,2012,own_mortgage,2.1845119
NOR,2012,own_outright,2.887244701
NOR,2012,rent_private,1.871826053
NOR,2012,rent_subsidised,2.079575539
NOR,2013,own_mortgage,2.20979023
NOR,2013,own_outright,2.849393606
NOR,2013,rent_private,1.750379801
NOR,2014,own_mortgage,2.223926544
NOR,2014,own_outright,2.835787296
NOR,2014,rent_private,1.984714866
NOR,2015,own_mortgage,2.339471579
NOR,2015,own_outright,2.857027292
NOR,2015,rent_private,1.92738533
NOR,2016,own_mortgage,2.370298624
NOR,2016,own_outright,2.869989395
NOR,2016,rent_private,1.967027187
NOR,2017,own_mortgage,2.369160175
NOR,2017,own_outright,2.936524391
NOR,2017,rent_private,1.845672131
NOR,2017,rent_subsidised,2.099594355
NOR,2018,own_mortgage,2.310987473
NOR,2018,own_outright,2.815362692
NOR,2018,rent_private,1.964081645
NOR,2019,own_mortgage,2.351463318
NOR,2019,own_outright,2.867294312
NOR,2019,rent_private,1.91115284
NOR,2020,own_mortgage,2.361528158
NOR,2020,own_outright,2.934519053
NOR,2020,rent_private,1.921397328
NOR,2022,own_mortgage,2.375563622
NOR,2022,own_outright,2.93983674
NOR,2022,rent_private,2.256527185
NOR,2023,own_mortgage,2.398042917
NOR,2023,own_outright,2.928242207
NOR,2023,rent_private,2.244177103
NOR,2024,own_mortgage,2.362548828
NOR,2024,own_outright,3.023561954
NOR,2024,rent_private,2.100060225
POL,2010,own_mortgage,1.165051818
POL,2010,own_outright,1.350796461
POL,2010,rent_private,1.051157713
POL,2010,rent_subsidised,0.9580513835
POL,2011,own_mortgage,1.136318684
POL,2011,own_outright,1.353378177
POL,2011,rent_private,0.9477565289
POL,2011,rent_subsidised,0.9952470064
POL,2012,own_mortgage,1.145450234
POL,2012,own_outright,1.386600137
POL,2012,rent_private,0.9613314271
POL,2012,rent_subsidised,0.9186630249
POL,2013,own_mortgage,1.166262627
POL,2013,own_outright,1.391953588
POL,2013,rent_private,0.9790257812
POL,2013,rent_subsidised,1.011143804
POL,2014,own_mortgage,1.199605584
POL,2014,own_outright,1.409815669
POL,2014,rent_private,0.9903413653
POL,2014,rent_subsidised,1.036341906
POL,2015,own_mortgage,1.227725029
POL,2015,own_outright,1.46691668
POL,2015,rent_private,1.037034869
POL,2015,rent_subsidised,1.145289421
POL,2016,own_mortgage,1.244547248
POL,2016,own_outright,1.475245714
POL,2016,rent_private,1.069377303
POL,2016,rent_subsidised,1.097154379
POL,2017,own_mortgage,1.248634458
POL,2017,own_outright,1.478828192
POL,2017,rent_private,1.048404694
POL,2017,rent_subsidised,1.023076296
POL,2018,own_mortgage,1.24687767
POL,2018,own_outright,1.495436907
POL,2018,rent_private,1.068570375
POL,2018,rent_subsidised,1.135513783
POL,2019,own_mortgage,1.247172952
POL,2019,own_outright,1.51721096
POL,2019,rent_private,1.077184916
POL,2019,rent_subsidised,1.099213839
POL,2020,own_mortgage,1.255896926
POL,2020,own_outright,1.549594164
POL,2020,rent_private,1.091067076
POL,2020,rent_subsidised,1.195111156
POL,2021,own_mortgage,1.279762864
POL,2021,own_outright,1.539949417
POL,2021,rent_private,1.156260729
POL,2021,rent_subsidised,1.195868015
POL,2022,own_mortgage,1.283505559
POL,2022,own_outright,1.511531591
POL,2022,rent_private,1.152243972
POL,2022,rent_subsidised,1.111778617
POL,2023,own_mortgage,1.304664493
POL,2023,own_outright,1.524417639
POL,2023,rent_private,1.079960227
POL,2023,rent_subsidised,1.181089163
POL,2024,own_mortgage,1.330735445
POL,2024,own_outright,1.535680532
POL,2024,rent_private,1.07328856
POL,2024,rent_subsidised,1.163371444
PRT,2010,own_mortgage,1.439068079
PRT,2010,own_outright,2.014932632
PRT,2010,rent_private,1.581914186
PRT,2010,rent_subsidised,1.93776238
PRT,2011,own_mortgage,1.592897773
PRT,2011,own_outright,2.222942829
PRT,2011,rent_private,1.741124034
PRT,2011,rent_subsidised,2.032037497
PRT,2012,own_mortgage,1.59653008
PRT,2012,own_outright,2.24976182
PRT,2012,rent_private,1.748831272
PRT,2012,rent_subsidised,1.984103203
PRT,2013,own_mortgage,1.645835519
PRT,2013,own_outright,2.277701378
PRT,2013,rent_private,1.820159912
PRT,2013,rent_subsidised,1.915023685
PRT,2014,own_mortgage,1.676590562
PRT,2014,own_outright,2.35253787
PRT,2014,rent_private,1.845811605
PRT,2014,rent_subsidised,1.823405743
PRT,2015,own_mortgage,1.668486476
PRT,2015,own_outright,2.410107851
PRT,2015,rent_private,1.86448133
PRT,2015,rent_subsidised,1.878144979
PRT,2016,own_mortgage,1.649833798
PRT,2016,own_outright,2.367634296
PRT,2016,rent_private,1.857798576
PRT,2016,rent_subsidised,1.935195804
PRT,2017,own_mortgage,1.641941547
PRT,2017,own_outright,2.392233372
PRT,2017,rent_private,1.918578267
PRT,2017,rent_subsidised,1.858167648
PRT,2018,own_mortgage,1.644281864
PRT,2018,own_outright,2.39822793
PRT,2018,rent_private,1.902828217
PRT,2018,rent_subsidised,2.035631418
PRT,2019,own_mortgage,1.67445159
PRT,2019,own_outright,2.4223423
PRT,2019,rent_private,1.907470822
PRT,2019,rent_subsidised,2.001624584
PRT,2020,own_mortgage,1.641624212
PRT,2020,own_outright,2.373441219
PRT,2020,rent_private,1.892063141
PRT,2020,rent_subsidised,1.94128859
PRT,2021,own_mortgage,1.728900075
PRT,2021,own_outright,2.389174938
PRT,2021,rent_private,1.902210593
PRT,2021,rent_subsidised,1.943019867
PRT,2022,own_mortgage,1.80441153
PRT,2022,own_outright,2.464336157
PRT,2022,rent_private,2.002833128
PRT,2022,rent_subsidised,2.066771507
PRT,2023,own_mortgage,1.739604592
PRT,2023,own_outright,2.454743385
PRT,2023,rent_private,1.935225368
PRT,2023,rent_subsidised,1.937741756
PRT,2024,own_mortgage,1.709876776
PRT,2024,own_outright,2.50223732
PRT,2024,rent_private,1.846124172
PRT,2024,rent_subsidised,2.021015406
ROU,2010,own_outright,1.233968377
ROU,2011,own_outright,1.234595299
ROU,2012,own_outright,1.304203987
ROU,2013,own_outright,1.253246784
ROU,2014,own_outright,1.265168905
ROU,2015,own_outright,1.400574565
ROU,2016,own_outright,1.458679914
ROU,2017,own_outright,1.481038809
ROU,2018,own_outright,1.493426919
ROU,2019,own_outright,1.499465227
ROU,2020,own_outright,1.529949307
ROU,2021,own_outright,1.548258305
ROU,2022,own_outright,1.559435606
ROU,2023,own_outright,1.560448766
ROU,2024,own_outright,1.554022074
ROU,2024,rent_private,1.228474379
SVK,2010,own_mortgage,1.166349649
SVK,2010,own_outright,1.49402988
SVK,2010,rent_private,1.033608675
SVK,2011,own_mortgage,1.182272077
SVK,2011,own_outright,1.538341999
SVK,2011,rent_private,1.094866991
SVK,2012,own_mortgage,1.179599166
SVK,2012,own_outright,1.548997045
SVK,2012,rent_private,1.056485891
SVK,2013,own_mortgage,1.087555408
SVK,2013,own_outright,1.510685325
SVK,2013,rent_private,0.9998322725
SVK,2014,own_mortgage,1.150095224
SVK,2014,own_outright,1.55087173
SVK,2014,rent_private,1.053083897
SVK,2015,own_mortgage,1.208983898
SVK,2015,own_outright,1.546527743
SVK,2015,rent_private,1.024583817
SVK,2016,own_mortgage,1.205527782
SVK,2016,own_outright,1.543255925
SVK,2016,rent_private,1.040294051
SVK,2017,own_mortgage,1.213635445
SVK,2017,own_outright,1.576247692
SVK,2017,rent_private,1.052304864
SVK,2018,own_mortgage,1.189060569
SVK,2018,own_outright,1.54848814
SVK,2018,rent_private,1.031264782
SVK,2019,own_mortgage,1.184368014
SVK,2019,own_outright,1.567602515
SVK,2019,rent_private,1.038691163
SVK,2020,own_mortgage,1.148894429
SVK,2020,own_outright,1.568926811
SVK,2020,rent_private,1.055990815
SVK,2021,own_mortgage,1.136526108
SVK,2021,own_outright,1.584984303
SVK,2021,rent_private,1.028045893
SVK,2022,own_mortgage,1.141053319
SVK,2022,own_outright,1.502822161
SVK,2022,rent_private,1.019949794
SVK,2023,own_mortgage,1.179959893
SVK,2023,own_outright,1.54522121
SVK,2023,rent_private,0.9690653682
SVK,2024,own_mortgage,1.128548503
SVK,2024,own_outright,1.498465419
SVK,2024,rent_private,0.9247078896
SVN,2010,own_mortgage,1.220979095
SVN,2010,own_outright,1.456887245
SVN,2010,rent_private,1.003248572
SVN,2010,rent_subsidised,0.958014071
SVN,2011,own_mortgage,1.496329427
SVN,2011,own_outright,1.842825651
SVN,2011,rent_private,1.364563704
SVN,2011,rent_subsidised,1.444360614
SVN,2012,own_mortgage,1.488698721
SVN,2012,own_outright,1.870112181
SVN,2012,rent_private,1.374590039
SVN,2012,rent_subsidised,1.4911865
SVN,2013,own_mortgage,1.525236368
SVN,2013,own_outright,1.925649643
SVN,2013,rent_private,1.330962062
SVN,2013,rent_subsidised,1.560109496
SVN,2014,own_mortgage,1.47474432
SVN,2014,own_outright,1.9686203
SVN,2014,rent_private,1.371963978
SVN,2014,rent_subsidised,1.569562554
SVN,2015,own_mortgage,1.523829103
SVN,2015,own_outright,1.996894479
SVN,2015,rent_private,1.293749452
SVN,2015,rent_subsidised,1.614146233
SVN,2016,own_mortgage,1.540145159
SVN,2016,own_outright,2.040864468
SVN,2016,rent_private,1.37438345
SVN,2016,rent_subsidised,1.531278253
SVN,2017,own_mortgage,1.464948773
SVN,2017,own_outright,2.055356264
SVN,2017,rent_private,1.34382081
SVN,2017,rent_subsidised,1.515005112
SVN,2018,own_mortgage,1.486426711
SVN,2018,own_outright,2.085392952
SVN,2018,rent_private,1.317148685
SVN,2018,rent_subsidised,1.536659956
SVN,2019,own_mortgage,1.533028364
SVN,2019,own_outright,2.106826782
SVN,2019,rent_private,1.427736044
SVN,2019,rent_subsidised,1.674345732
SVN,2020,own_mortgage,1.527721286
SVN,2020,own_outright,2.099925518
SVN,2020,rent_private,1.408259273
SVN,2020,rent_subsidised,1.687060237
SVN,2021,own_mortgage,1.559937
SVN,2021,own_outright,2.120781422
SVN,2021,rent_private,1.454549551
SVN,2021,rent_subsidised,1.651055574
SVN,2022,own_mortgage,1.681069613
SVN,2022,own_outright,2.182599306
SVN,2022,rent_private,1.478246212
SVN,2022,rent_subsidised,1.569946647
SVN,2023,own_mortgage,1.73688066
SVN,2023,own_outright,2.163967371
SVN,2023,rent_private,1.539551973
SVN,2023,rent_subsidised,1.55809164
SVN,2024,own_mortgage,1.663143516
SVN,2024,own_outright,2.152686357
SVN,2024,rent_private,1.465405226
SVN,2024,rent_subsidised,1.600980878
SWE,2010,own_mortgage,2.093924522
SWE,2010,own_outright,2.643032312
SWE,2010,rent_private,1.729239941
SWE,2011,own_mortgage,2.095007896
SWE,2011,own_outright,2.630961657
SWE,2011,rent_private,1.740926981
SWE,2012,own_mortgage,2.008012772
SWE,2012,own_outright,2.630395651
SWE,2012,rent_private,1.70296824
SWE,2013,own_mortgage,2.036237717
SWE,2013,own_outright,2.598198891
SWE,2013,rent_private,1.704672933
SWE,2014,own_mortgage,2.083729029
SWE,2014,own_outright,2.537123203
SWE,2014,rent_private,1.698141813
SWE,2015,own_mortgage,2.108753443
SWE,2015,own_outright,2.718634129
SWE,2015,rent_private,1.687417269
SWE,2016,own_mortgage,2.106649876
SWE,2016,own_outright,2.64360857
SWE,2016,rent_private,1.67363596
SWE,2017,own_mortgage,2.034319162
SWE,2017,own_outright,2.564563751
SWE,2017,rent_private,1.726625085
SWE,2018,own_mortgage,2.052465677
SWE,2018,own_outright,2.572584629
SWE,2018,rent_private,1.731966853
SWE,2019,own_mortgage,2.215442419
SWE,2019,own_outright,2.674966335
SWE,2019,rent_private,1.7834512
SWE,2020,own_mortgage,2.141641378
SWE,2020,own_outright,2.596313715
SWE,2020,rent_private,1.742877841
SWE,2021,own_mortgage,2.135857344
SWE,2021,own_outright,2.568726301
SWE,2021,rent_private,1.745859265
SWE,2022,own_mortgage,2.156416178
SWE,2022,own_outright,2.683880806
SWE,2022,rent_private,1.701997638
SWE,2023,own_mortgage,2.154574633
SWE,2023,own_outright,2.658232212
SWE,2023,rent_private,1.712618232
SWE,2024,own_mortgage,2.095548868
SWE,2024,own_outright,2.591332674
SWE,2024,rent_private,1.67178762
TUR,2010,own_outright,1.227710366
TUR,2010,rent_private,1.147731781
TUR,2011,own_outright,1.220912814
TUR,2011,rent_private,1.193330169
TUR,2012,own_outright,1.240894556
TUR,2012,rent_private,1.220650077
TUR,2013,own_outright,1.260508776
TUR,2013,rent_private,1.227303028
TUR,2014,own_outright,1.342247248
TUR,2014,rent_private,1.336519241
TUR,2015,own_outright,1.35074544
TUR,2015,rent_private,1.366796613
TUR,2016,own_outright,1.379815221
TUR,2016,rent_private,1.389879346
TUR,2017,own_outright,1.39211154
TUR,2017,rent_private,1.391371846
TUR,2018,own_outright,1.415471435
TUR,2018,rent_private,1.439974785
TUR,2019,own_outright,1.447823405
TUR,2019,rent_private,1.448015213
TUR,2020,own_outright,1.466084242
TUR,2020,rent_private,1.471051574
USA,2010,own_mortgage,3.051442862
USA,2010,own_outright,3.760644197
USA,2010,rent_private,2.377881289
USA,2011,own_mortgage,3.064655304
USA,2011,own_outright,3.766863346
USA,2011,rent_private,2.379624605
USA,2012,own_mortgage,3.088203907
USA,2012,own_outright,3.7723248
USA,2012,rent_private,2.387107849
USA,2013,own_mortgage,3.118327141
USA,2013,own_outright,3.763673306
USA,2013,rent_private,2.383876324
USA,2014,own_mortgage,3.12748003
USA,2014,own_outright,3.759295702
USA,2014,rent_private,2.386140347
USA,2015,own_mortgage,3.130088568
USA,2015,own_outright,3.755405664
USA,2015,rent_private,2.362368107
USA,2016,own_mortgage,3.133166552
USA,2016,own_outright,3.758670092
USA,2016,rent_private,2.366087675
USA,2017,own_mortgage,3.133122921
USA,2017,own_outright,3.757590771
USA,2017,rent_private,2.37396121
USA,2018,own_mortgage,3.136649132
USA,2018,own_outright,3.759698153
USA,2018,rent_private,2.377378702
USA,2019,own_mortgage,3.133044004
USA,2019,own_outright,3.779729128
USA,2019,rent_private,2.38395524
USA,2020,own_mortgage,3.132665157
USA,2020,own_outright,3.775776863
USA,2020,rent_private,2.476034641
USA,2021,own_mortgage,3.143406153
USA,2021,own_outright,3.74849844
USA,2021,rent_private,2.417865753
USA,2022,own_mortgage,3.144007921
USA,2022,own_outright,3.734238863
USA,2022,rent_private,2.423410892
USA,2023,own_mortgage,3.130095959
USA,2023,own_outright,3.737148523
USA,2023,rent_private,2.422093391
