iso3,class,construction_cost_eur_m2,max_damage_structure_eur_m2,max_damage_content_eur_m2
ABW,commercial,1242.30466,447.2296776,447.2296776
ABW,industrial,819.8028211,295.1290156,442.6935234
ABW,residential,1177.283822,423.822176,211.911088
AFG,commercial,323.1586611,116.337118,116.337118
AFG,industrial,241.0331217,86.77192381,130.1578857
AFG,residential,275.790831,99.28469916,49.64234958
AGO,commercial,664.5364111,239.233108,239.233108
AGO,industrial,464.2028853,167.1130387,250.669558
AGO,residential,599.8424625,215.9432865,107.9716433
ALB,commercial,662.0776912,238.3479688,238.3479688
ALB,industrial,462.6412974,166.5508671,249.8263006
ALB,residential,597.450818,215.0822945,107.5411472
ARE,commercial,1399.29964,503.7478705,503.7478705
ARE,industrial,913.4657812,328.8476812,493.2715218
ARE,residential,1338.39364,481.8217103,240.9108551
ARG,commercial,949.8160048,341.9337617,341.9337617
ARG,industrial,642.2775019,231.2199007,346.829851
ARG,residential,881.5030426,317.3410953,158.6705477
ARM,commercial,596.9397752,214.8983191,214.8983191
ARM,industrial,421.0716996,151.5858119,227.3787178
ARM,residential,534.3491473,192.365693,96.18284651
ATG,commercial,994.0579546,357.8608637,357.8608637
ATG,industrial,669.4173335,240.99024,361.4853601
ATG,residential,925.8358632,333.3009108,166.6504554
AUS,commercial,1628.49359,586.2576924,586.2576924
AUS,industrial,1048.521336,377.4676808,566.2015212
AUS,residential,1576.098086,567.3953108,283.6976554
AUT,commercial,1566.185027,563.8266098,563.8266098
AUT,industrial,1011.987128,364.3153663,546.4730494
AUT,residential,1511.201454,544.0325234,272.0162617
AZE,commercial,746.5730574,268.7663007,268.7663007
AZE,industrial,516.0173514,185.7662465,278.6493697
AZE,residential,680.0220464,244.8079367,122.4039684
BDI,commercial,231.0636218,83.18290386,83.18290386
BDI,industrial,177.6806883,63.96504778,95.94757167
BDI,residential,192.1160722,69.16178598,34.58089299
BEL,commercial,1540.673085,554.6423107,554.6423107
BEL,industrial,996.9904855,358.9165748,538.3748622
BEL,residential,1484.68729,534.4874245,267.2437122
BEN,commercial,347.9260805,125.253389,125.253389
BEN,industrial,257.7695017,92.79702062,139.1955309
BEN,residential,298.6383882,107.5098197,53.75490987
BFA,commercial,329.510134,118.6236482,118.6236482
BFA,industrial,245.3358608,88.32090989,132.4813648
BFA,residential,281.6373864,101.3894591,50.69472954
BGD,commercial,360.625262,129.8250943,129.8250943
BGD,industrial,266.308433,95.87103587,143.8065538
BGD,residential,310.4029399,111.7450583,55.87252917
BGR,commercial,778.995481,280.4383732,280.4383732
BGR,industrial,536.3496982,193.0858914,289.628837
BGR,residential,711.9044621,256.2856064,128.1428032
BHR,commercial,1170.17358,421.2624889,421.2624889
BHR,industrial,776.414905,279.5093658,419.2640487
BHR,residential,1103.780434,397.3609562,198.6804781
BHS,commercial,1197.989467,431.2762081,431.2762081
BHS,industrial,793.1745966,285.5428548,428.3142822
BHS,residential,1132.084932,407.5505755,203.7752878
BIH,commercial,673.544147,242.4758929,242.4758929
BIH,industrial,469.9194277,169.170994,253.756491
BIH,residential,608.6103253,219.0997171,109.5498586
BLR,commercial,745.4778393,268.3720222,268.3720222
BLR,industrial,515.3291481,185.5184933,278.27774
BLR,residential,678.9469233,244.4208924,122.2104462
BLZ,commercial,681.5222187,245.3479987,245.3479987
BLZ,industrial,474.9767133,170.9916168,256.4874252
BLZ,residential,616.3835677,221.8980844,110.9490422
BMU,commercial,1969.723079,709.1003084,709.1003084
BMU,industrial,1246.474681,448.7308853,673.0963279
BMU,residential,1934.767604,696.5163373,348.2581687
BOL,commercial,502.9384002,181.0578241,181.0578241
BOL,industrial,360.3356987,129.7208515,194.5812773
BOL,residential,444.243464,159.927647,79.96382351
BRA,commercial,935.3378024,336.7216089,336.7216089
BRA,industrial,633.3712371,228.0136454,342.020468
BRA,residential,867.0295965,312.1306547,156.0653274
BRB,commercial,1065.620182,383.6232656,383.6232656
BRB,industrial,713.0866498,256.7111939,385.0667909
BRB,residential,997.8679814,359.2324733,179.6162367
BRN,commercial,1353.612025,487.3003291,487.3003291
BRN,industrial,886.3121928,319.0723894,478.6085841
BRN,residential,1291.355959,464.8881454,232.4440727
BTN,commercial,527.5476903,189.9171685,189.9171685
BTN,industrial,376.3289318,135.4784155,203.2176232
BTN,residential,467.7154928,168.3775774,84.18878871
BWA,commercial,795.5798592,286.4087493,286.4087493
BWA,industrial,546.7199689,196.8191888,295.2287832
BWA,residential,728.2528456,262.1710244,131.0855122
CAF,commercial,300.1839723,108.06623,108.06623
CAF,industrial,225.4036291,81.14530646,121.7179597
CAF,residential,254.718351,91.69860637,45.84930319
CAN,commercial,1578.406357,568.2262885,568.2262885
CAN,industrial,1019.163284,366.8987824,550.3481736
CAN,residential,1523.914831,548.6093393,274.3046697
CHE,commercial,1852.35646,666.8483258,666.8483258
CHE,industrial,1178.769909,424.3571672,636.5357508
CHE,residential,1810.809955,651.8915837,325.9457918
CHL,commercial,984.8231166,354.536322,354.536322
CHL,industrial,663.7615377,238.9541536,358.4312303
CHL,residential,916.5691459,329.9648925,164.9824463
CHN,commercial,676.4310131,243.5151647,243.5151647
CHN,industrial,471.7500326,169.8300118,254.7450176
CHN,residential,611.4222514,220.1120105,110.0560053
CIV,commercial,437.6749266,157.5629736,157.5629736
CIV,industrial,317.5654555,114.323564,171.485346
CIV,residential,382.4394043,137.6781856,68.83909278
CMR,commercial,417.0123338,150.1244402,150.1244402
CMR,industrial,303.9067621,109.4064343,164.1096515
CMR,residential,363.0163506,130.6858862,65.34294311
COD,commercial,272.0590788,97.94126839,97.94126839
COD,industrial,206.1207618,74.20347425,111.3052114
COD,residential,229.0934606,82.47364581,41.23682291
COG,commercial,582.6815345,209.7653524,209.7653524
COG,industrial,411.9187266,148.2907416,222.4361124
COG,residential,520.6060175,187.4181663,93.70908315
COL,commercial,761.6848526,274.2065469,274.2065469
COL,industrial,525.5038566,189.1813884,283.7720826
COL,residential,694.8690263,250.1528495,125.0764247
COM,commercial,359.6100632,129.4596228,129.4596228
COM,industrial,265.6268313,95.62565926,143.4384889
COM,residential,309.4612565,111.4060523,55.70302617
CPV,commercial,616.079408,221.7885869,221.7885869
CPV,industrial,433.3271136,155.9977609,233.9966414
CPV,residential,552.8374016,199.0214646,99.5107323
CRI,commercial,826.7646519,297.6352747,297.6352747
CRI,industrial,566.16709,203.8201524,305.7302286
CRI,residential,759.0653322,273.2635196,136.6317598
CUB,commercial,740.0906478,266.4326332,266.4326332
CUB,industrial,511.9426519,184.2993547,276.449032
CUB,residential,673.6603667,242.517732,121.258866
CYP,commercial,1305.20806,469.8749016,469.8749016
CYP,industrial,857.4530452,308.6830963,463.0246444
CYP,residential,1241.656317,446.9962742,223.4981371
CZE,commercial,1154.0579,415.460844,415.460844
CZE,industrial,766.6883148,276.0077933,414.01169
CZE,residential,1087.405517,391.4659861,195.732993
DEU,commercial,1507.319721,542.6350997,542.6350997
DEU,industrial,977.3502816,351.8461014,527.7691521
DEU,residential,1450.075218,522.0270786,261.0135393
DJI,commercial,442.6187238,159.3427406,159.3427406
DJI,industrial,320.824687,115.4968873,173.245331
DJI,residential,387.0973395,139.3550422,69.6775211
DMA,commercial,793.3946024,285.6220568,285.6220568
DMA,industrial,545.3546531,196.3276751,294.4915127
DMA,residential,726.0971561,261.3949762,130.6974881
DNK,commercial,1691.943646,609.0997124,609.0997124
DNK,industrial,1085.594448,390.8140013,586.221002
DNK,residential,1642.382404,591.2576656,295.6288328
DOM,commercial,720.7808145,259.4810932,259.4810932
DOM,industrial,499.7855535,179.9227992,269.8841989
DOM,residential,654.7359791,235.7049525,117.8524762
DZA,commercial,671.8348045,241.8605296,241.8605296
DZA,industrial,468.835172,168.7806619,253.1709929
DZA,residential,606.945797,218.5004869,109.2502435
ECU,commercial,687.360658,247.4498369,247.4498369
ECU,industrial,478.6742762,172.3227394,258.4841091
ECU,residential,622.0766024,223.9475768,111.9737884
EGY,commercial,574.2378458,206.7256245,206.7256245
EGY,industrial,406.4887842,146.3359623,219.5039435
EGY,residential,512.4796597,184.4926775,92.24633874
ERI,commercial,278.1191478,100.1228932,100.1228932
ERI,industrial,210.2903648,75.70453133,113.556797
ERI,residential,234.5981433,84.45533159,42.2276658
ESP,commercial,1351.347305,486.4850299,486.4850299
ESP,industrial,884.9640521,318.5870587,477.8805881
ESP,residential,1289.027494,464.049898,232.024949
EST,commercial,1036.421489,373.1117359,373.1117359
EST,industrial,695.3020278,250.30873,375.463095
EST,residential,968.4306262,348.6350254,174.3175127
ETH,commercial,271.2113894,97.6361002,97.6361002
ETH,industrial,205.5368436,73.99326369,110.9898955
ETH,residential,228.3242145,82.19671723,41.09835862
FIN,commercial,1563.266288,562.7758638,562.7758638
FIN,industrial,1010.272543,363.6981155,545.5471732
FIN,residential,1508.166341,542.9398829,271.4699415
FJI,commercial,630.9849618,227.1545862,227.1545862
FJI,industrial,442.8473691,159.4250529,239.1375793
FJI,residential,567.2667272,204.2160218,102.1080109
FRA,commercial,1494.080603,537.869017,537.869017
FRA,industrial,969.5434816,349.0356534,523.5534801
FRA,residential,1436.35291,517.0870476,258.5435238
FSM,commercial,576.7836822,207.6421256,207.6421256
FSM,industrial,408.1267129,146.9256167,220.388425
FSM,residential,514.928846,185.3743845,92.68719227
GAB,commercial,883.5900983,318.0924354,318.0924354
GAB,industrial,601.434557,216.5164405,324.7746608
GAB,residential,815.4430557,293.5595,146.77975
GBR,commercial,1462.762918,526.5946504,526.5946504
GBR,industrial,951.0510097,342.3783635,513.5675452
GBR,residential,1403.929998,505.4147994,252.7073997
GEO,commercial,560.0314127,201.6113086,201.6113086
GEO,industrial,397.3364967,143.0411388,214.5617082
GEO,residential,498.8281616,179.5781382,89.78906908
GHA,commercial,439.4299309,158.1947751,158.1947751
GHA,industrial,318.7228352,114.7402207,172.110331
GHA,residential,384.0924639,138.273287,69.13664351
GIN,commercial,295.1467169,106.2528181,106.2528181
GIN,industrial,221.9625409,79.90651472,119.8597721
GIN,residential,250.114583,90.04124988,45.02062494
GMB,commercial,324.2155444,116.717596,116.717596
GMB,industrial,241.7496257,87.02986525,130.5447979
GMB,residential,276.7630811,99.63470918,49.81735459
GNB,commercial,317.5030796,114.3011087,114.3011087
GNB,industrial,237.1953335,85.39032004,128.0854801
GNB,residential,270.592359,97.41324925,48.70662462
GNQ,commercial,1085.186967,390.6673083,390.6673083
GNQ,industrial,724.9797255,260.9927012,391.4890518
GNQ,residential,1017.629948,366.3467812,183.1733906
GRC,commercial,1287.812776,463.6125995,463.6125995
GRC,industrial,847.0581133,304.9409208,457.4113812
GRC,residential,1223.830116,440.5788419,220.289421
GRD,commercial,811.0047431,291.9617075,291.9617075
GRD,industrial,556.3475655,200.2851236,300.4276854
GRD,residential,743.4820588,267.6535412,133.8267706
GTM,commercial,579.9589069,208.7852065,208.7852065
GTM,industrial,410.1686539,147.6607154,221.4910731
GTM,residential,517.9847047,186.4744937,93.23724684
GUY,commercial,579.3518311,208.5666592,208.5666592
GUY,industrial,409.7783311,147.5201992,221.2802988
GUY,residential,517.4003498,186.2641259,93.13206296
HKG,commercial,1379.327906,496.5580463,496.5580463
HKG,industrial,901.6060265,324.5781695,486.8672543
HKG,residential,1317.816811,474.414052,237.207026
HND,commercial,515.979746,185.7527086,185.7527086
HND,industrial,368.8197349,132.7751045,199.1626568
HND,residential,456.6712768,164.4016597,82.20082983
HRV,commercial,1007.100749,362.5562696,362.5562696
HRV,industrial,677.3971539,243.8629754,365.7944631
HRV,residential,938.9350803,338.0166289,169.0083145
HTI,commercial,344.1378689,123.8896328,123.8896328
HTI,industrial,255.2168608,91.87806987,137.8171048
HTI,residential,295.1353889,106.24874,53.12437001
HUN,commercial,992.4513611,357.28249,357.28249
HUN,industrial,668.4337339,240.6361442,360.9542163
HUN,residential,924.2232407,332.7203667,166.3601833
IDN,commercial,584.5479623,210.4372664,210.4372664
IDN,industrial,413.1180146,148.7224853,223.0837279
IDN,residential,522.4035424,188.0652753,94.03263763
IND,commercial,449.9761073,161.9913986,161.9913986
IND,industrial,325.6689774,117.2408319,175.8612478
IND,residential,394.0367851,141.8532426,70.92662131
IRL,commercial,1583.566984,570.0841144,570.0841144
IRL,industrial,1022.191997,367.9891191,551.9836786
IRL,residential,1529.285536,550.5427931,275.2713965
IRN,commercial,738.8344312,265.9803952,265.9803952
IRN,industrial,511.1526473,184.014953,276.0224295
IRN,residential,672.4280463,242.0740967,121.0370483
IRQ,commercial,678.626014,244.305365,244.305365
IRQ,industrial,473.14144,170.3309184,255.4963776
IRQ,residential,613.5608975,220.8819231,110.4409615
ISL,commercial,1506.966227,542.5078416,542.5078416
ISL,industrial,977.1419154,351.7710895,527.6566343
ISL,residential,1449.7087,521.895132,260.947566
ISR,commercial,1348.433368,485.4360124,485.4360124
ISR,industrial,883.2291431,317.9624915,476.9437373
ISR,residential,1286.031985,462.9715145,231.4857572
ITA,commercial,1428.129461,514.1266061,514.1266061
ITA,industrial,930.5586385,335.0011099,502.5016648
ITA,residential,1368.137169,492.5293808,246.2646904
JAM,commercial,701.9338614,252.6961901,252.6961901
JAM,industrial,487.8912838,175.6408622,263.4612933
JAM,residential,636.3032182,229.0691585,114.5345793
JOR,commercial,673.0006451,242.2802322,242.2802322
JOR,industrial,469.5747053,169.0468939,253.5703409
JOR,residential,608.0810369,218.9091733,109.4545866
JPN,commercial,1525.134621,549.0484637,549.0484637
JPN,industrial,987.8454877,355.6243756,533.4365634
JPN,residential,1468.555098,528.6798352,264.3399176
KAZ,commercial,873.6586347,314.5171085,314.5171085
KAZ,industrial,595.286063,214.3029827,321.454474
KAZ,residential,805.5689623,290.0048264,145.0024132
KEN,commercial,394.0884321,141.8718355,141.8718355
KEN,industrial,288.6809109,103.9251279,155.8876919
KEN,residential,341.5552543,122.9598916,61.47994578
KGZ,commercial,379.5304071,136.6309465,136.6309465
KGZ,industrial,278.9699811,100.4291932,150.6437898
KGZ,residential,327.9761899,118.0714284,59.03571419
KHM,commercial,363.945784,131.0204822,131.0204822
KHM,industrial,268.5366067,96.67317841,145.0097676
KHM,residential,313.4844445,112.8544,56.42720001
KIR,commercial,463.452974,166.8430706,166.8430706
KIR,industrial,334.5239165,120.4286099,180.6429149
KIR,residential,406.770906,146.4375262,73.21876308
KNA,commercial,999.7502804,359.910101,359.910101
KNA,industrial,672.9011663,242.2444199,363.3666298
KNA,residential,931.5511801,335.3584248,167.6792124
KOR,commercial,1202.061951,432.7423023,432.7423023
KOR,industrial,795.6253707,286.4251335,429.6377002
KOR,residential,1136.233273,409.0439784,204.5219892
KWT,commercial,1465.76952,527.6770273,527.6770273
KWT,industrial,952.8278994,343.0180438,514.5270657
KWT,residential,1407.040382,506.5345375,253.2672687
LAO,commercial,414.063661,149.0629179,149.0629179
LAO,industrial,301.9526333,108.702948,163.054422
LAO,residential,360.2505816,129.6902094,64.84510469
LBN,commercial,862.6988576,310.5715887,310.5715887
LBN,industrial,588.4935637,211.8576829,317.7865244
LBN,residential,794.6826286,286.0857463,143.0428731
LBR,commercial,266.3135253,95.87286912,95.87286912
LBR,industrial,202.1597549,72.77751175,109.1662676
LBR,residential,223.8832668,80.59797605,40.29898802
LBY,commercial,976.2546195,351.451663,351.451663
LBY,industrial,658.5095224,237.0634281,355.5951421
LBY,residential,907.9771115,326.8717601,163.4358801
LCA,commercial,796.9559492,286.9041417,286.9041417
LCA,industrial,547.5795542,197.1286395,295.6929593
LCA,residential,729.6105529,262.659799,131.3298995
LKA,commercial,543.2131961,195.5567506,195.5567506
LKA,industrial,386.4742332,139.1307239,208.6960859
LKA,residential,482.7017419,173.7726271,86.88631355
LSO,commercial,408.7518639,147.150671,147.150671
LSO,industrial,298.4292267,107.4345216,161.1517824
LSO,residential,355.2721427,127.8979714,63.94898569
LTU,commercial,961.2960566,346.0665804,346.0665804
LTU,industrial,649.3306751,233.759043,350.6385646
LTU,residential,892.9915407,321.4769546,160.7384773
LUX,commercial,2080.914052,749.1290588,749.1290588
LUX,industrial,1310.278866,471.7003917,707.5505876
LUX,residential,2052.734797,738.984527,369.4922635
LVA,commercial,949.4050662,341.7858238,341.7858238
LVA,industrial,642.0248841,231.1289583,346.6934374
LVA,residential,881.092001,317.1931204,158.5965602
MAC,commercial,1642.374927,591.2549738,591.2549738
MAC,industrial,1056.64309,380.3915124,570.5872686
MAC,residential,1590.582595,572.6097343,286.3048671
MAR,commercial,575.640357,207.2305285,207.2305285
MAR,industrial,407.391207,146.6608345,219.9912518
MAR,residential,513.8288217,184.9783758,92.48918791
MCO,commercial,2353.968073,847.4285063,847.4285063
MCO,industrial,1465.68601,527.6469636,791.4704454
MCO,residential,2344.468082,844.0085095,422.0042548
MDA,commercial,473.2208128,170.3594926,170.3594926
MDA,industrial,340.9271882,122.7337877,184.1006816
MDA,residential,416.0184836,149.7666541,74.88332705
MDG,commercial,289.9020277,104.36473,104.36473
MDG,industrial,218.3740678,78.61466442,117.9219966
MDG,residential,245.3277238,88.31798057,44.15899029
MDV,commercial,777.7952946,280.0063061,280.0063061
MDV,industrial,535.5984431,192.8154395,289.2231593
MDV,residential,710.7223976,255.8600631,127.9300316
MEX,commercial,868.4687473,312.648749,312.648749
MEX,industrial,592.070518,213.1453865,319.7180797
MEX,residential,800.4125209,288.1485075,144.0742538
MHL,commercial,597.057974,214.9408706,214.9408706
MHL,industrial,421.1474927,151.6130974,227.4196461
MHL,residential,534.4631835,192.4067461,96.20337303
MKD,commercial,676.919248,243.6909293,243.6909293
MKD,industrial,472.0595594,169.9414414,254.9121621
MKD,residential,611.8979047,220.2832457,110.1416228
MLI,commercial,344.9645921,124.1872532,124.1872532
MLI,industrial,255.7741553,92.07869591,138.1180439
MLI,residential,295.8996139,106.523861,53.2619305
MLT,commercial,1152.621327,414.9436776,414.9436776
MLT,industrial,765.8206764,275.6954435,413.5431652
MLT,residential,1085.946695,390.94081,195.470405
MMR,commercial,432.6943819,155.7699775,155.7699775
MMR,industrial,314.2786109,113.1402999,169.7104499
MMR,residential,377.7509832,135.990354,67.99517698
MNE,commercial,781.326934,281.2776962,281.2776962
MNE,industrial,537.8087674,193.6111563,290.4167344
MNE,residential,714.2011167,257.112402,128.556201
MNG,commercial,533.8159787,192.1737523,192.1737523
MNG,industrial,380.3916466,136.9409928,205.4114892
MNG,residential,473.7078907,170.5348407,85.26742033
MOZ,commercial,292.3827458,105.2577885,105.2577885
MOZ,industrial,220.0721313,79.22596728,118.8389509
MOZ,residential,247.5910579,89.13278085,44.56639043
MRT,commercial,393.9980211,141.8392876,141.8392876
MRT,industrial,288.6207041,103.9034535,155.8551802
MRT,residential,341.4708011,122.9294884,61.46474419
MUS,commercial,819.6277895,295.0660042,295.0660042
MUS,industrial,561.7224544,202.2200836,303.3301254
MUS,residential,752.0055697,270.7220051,135.3610025
MWI,commercial,275.6277399,99.22598636,99.22598636
MWI,industrial,208.5771733,75.08778238,112.6316736
MWI,residential,232.3339239,83.64021262,41.82010631
MYS,commercial,862.6422601,310.5512136,310.5512136
MYS,industrial,588.4584662,211.8450478,317.7675717
MYS,residential,794.6264382,286.0655177,143.0327589
NAM,commercial,715.0127142,257.4045771,257.4045771
NAM,industrial,496.1483559,178.6134081,267.9201122
NAM,residential,649.0906145,233.6726212,116.8363106
NER,commercial,275.6884683,99.24784859,99.24784859
NER,industrial,208.6189492,75.10282172,112.6542326
NER,residential,232.3890957,83.66007446,41.83003723
NGA,commercial,535.913304,192.9287894,192.9287894
NGA,industrial,381.7500316,137.4300114,206.1450171
NGA,residential,475.7141306,171.257087,85.62854351
NIC,commercial,463.0377209,166.6935795,166.6935795
NIC,industrial,334.2514286,120.3305143,180.4957714
NIC,residential,406.3781041,146.2961175,73.14805873
NLD,commercial,1611.907838,580.2868217,580.2868217
NLD,industrial,1038.809007,373.9712425,560.9568638
NLD,residential,1558.804244,561.1695277,280.5847638
NOR,commercial,1952.742448,702.9872812,702.9872812
NOR,industrial,1236.702354,445.2128474,667.8192711
NOR,residential,1916.796979,690.0469125,345.0234562
NPL,commercial,330.1378607,118.8496298,118.8496298
NPL,industrial,245.7606959,88.47385054,132.7107758
NPL,residential,282.2156901,101.5976484,50.79882422
NZL,commercial,1383.804681,498.1696851,498.1696851
NZL,industrial,904.265806,325.5356902,488.3035352
NZL,residential,1322.427218,476.0737984,238.0368992
OMN,commercial,1177.796506,424.0067423,424.0067423
OMN,industrial,781.0114561,281.1641242,421.7461863
OMN,residential,1111.53211,400.1515598,200.0757799
PAK,commercial,400.5355391,144.1927941,144.1927941
PAK,industrial,292.970969,105.4695488,158.2043232
PAK,residential,347.5813879,125.1292996,62.56464981
PAN,commercial,829.0669876,298.4641155,298.4641155
PAN,industrial,567.6001738,204.3360626,306.5040939
PAN,residential,761.3438091,274.0837713,137.0418856
PER,commercial,709.9360463,255.5769767,255.5769767
PER,industrial,492.9449479,177.4601812,266.1902719
PER,residential,644.1248989,231.8849636,115.9424818
PHL,commercial,521.0451568,187.5762565,187.5762565
PHL,industrial,372.1097517,133.9595106,200.9392659
PHL,residential,461.5050106,166.1418038,83.07090191
PLW,commercial,893.243978,321.5678321,321.5678321
PLW,industrial,607.4051799,218.6658648,327.9987971
PLW,residential,825.0494476,297.0178011,148.5089006
PNG,commercial,445.9801458,160.5528525,160.5528525
PNG,industrial,323.0388349,116.2939806,174.4409708
PNG,residential,390.2667108,140.4960159,70.24800794
POL,commercial,979.3085581,352.5510809,352.5510809
POL,industrial,660.3818969,237.7374829,356.6062243
POL,residential,911.0387691,327.9739569,163.9869784
PRI,commercial,1280.519692,460.9870892,460.9870892
PRI,industrial,842.6961812,303.3706252,455.0559378
PRI,residential,1216.361923,437.8902924,218.9451462
PRK,commercial,490.1355459,176.4487965,176.4487965
PRK,industrial,351.9873315,126.7154393,190.073159
PRK,residential,432.0672802,155.5442209,77.77211043
PRT,commercial,1209.534515,435.4324254,435.4324254
PRT,industrial,800.1203128,288.0433126,432.0649689
PRT,residential,1143.847869,411.7852327,205.8926163
PRY,commercial,595.3005511,214.3081984,214.3081984
PRY,industrial,420.0204319,151.2073555,226.8110332
PRY,residential,532.7678328,191.7964198,95.89820991
QAT,commercial,1827.396678,657.862804,657.862804
QAT,industrial,1164.321909,419.1558871,628.7338307
QAT,residential,1784.525908,642.4293267,321.2146634
ROU,commercial,840.4709292,302.5695345,302.5695345
ROU,industrial,574.6932186,206.8895587,310.334338
ROU,residential,772.636806,278.1492501,139.0746251
RUS,commercial,927.0970961,333.7549546,333.7549546
RUS,industrial,628.2963785,226.1866963,339.2800444
RUS,residential,858.7993592,309.1677693,154.5838847
RWA,commercial,315.7325058,113.6637021,113.6637021
RWA,industrial,235.9925769,84.95732768,127.4359915
RWA,residential,268.9663648,96.82789132,48.41394566
SAU,commercial,1144.863283,412.1507817,412.1507817
SAU,industrial,761.1333947,274.0080221,411.0120331
SAU,residential,1078.070945,388.1055402,194.0527701
SDN,commercial,452.5110168,162.9039661,162.9039661
SDN,industrial,327.3363534,117.8410872,176.7616308
SDN,residential,396.4297508,142.7147103,71.35735515
SEN,commercial,397.0674482,142.9442813,142.9442813
SEN,industrial,290.6640058,104.6390421,156.9585631
SEN,residential,344.3388056,123.96197,61.98098501
SGP,commercial,1567.696315,564.3706733,564.3706733
SGP,industrial,1012.874806,364.6349301,546.9523952
SGP,residential,1512.773171,544.5983416,272.2991708
SLB,commercial,435.6825729,156.8457262,156.8457262
SLB,industrial,316.2510383,113.8503738,170.7755607
SLB,residential,380.5634073,137.0028266,68.50141332
SLE,commercial,298.2121289,107.3563664,107.3563664
SLE,industrial,224.0572387,80.66060593,120.9909089
SLE,residential,252.9154757,91.04957124,45.52478562
SLV,commercial,618.0857491,222.5108697,222.5108697
SLV,industrial,434.6097835,156.4595221,234.6892831
SLV,residential,554.7780738,199.7201066,99.86005329
SOM,commercial,253.3365088,91.20114315,91.20114315
SOM,industrial,193.1844317,69.54639541,104.3195931
SOM,residential,212.14785,76.37322598,38.18661299
SSD,commercial,468.0507742,168.4982787,168.4982787
SSD,industrial,337.5395011,121.5142204,182.2713306
SSD,residential,411.1219459,148.0039005,74.00195026
STP,commercial,414.7386942,149.3059299,149.3059299
STP,industrial,302.4000991,108.8640357,163.2960535
STP,residential,360.8836083,129.918099,64.95904949
SUR,commercial,847.1491,304.973676,304.973676
SUR,industrial,578.8428506,208.3834262,312.5751393
SUR,residential,779.2555534,280.5319992,140.2659996
SVK,commercial,1082.190305,389.5885099,389.5885099
SVK,industrial,723.1595686,260.3374447,390.5061671
SVK,residential,1014.601583,365.25657,182.628285
SVN,commercial,1226.186556,441.4271603,441.4271603
SVN,industrial,810.1278932,291.6460416,437.4690623
SVN,residential,1160.829551,417.8986383,208.9493191
SWE,commercial,1631.581807,587.3694505,587.3694505
SWE,industrial,1050.328746,378.1183485,567.1775228
SWE,residential,1579.319664,568.5550791,284.2775395
SWZ,commercial,606.1521047,218.2147577,218.2147577
SWZ,industrial,426.9748931,153.7109615,230.5664423
SWZ,residential,543.2422879,195.5672236,97.78361182
SYC,commercial,931.1957262,335.2304614,335.2304614
SYC,industrial,630.8209406,227.0955386,340.6433079
SYC,residential,862.8920742,310.6411467,155.3205734
SYR,commercial,711.1601083,256.017639,256.017639
SYR,industrial,493.7175284,177.7383102,266.6074653
SYR,residential,645.3219567,232.3159044,116.1579522
TCD,commercial,383.993383,138.2376179,138.2376179
TCD,industrial,281.9505512,101.5021984,152.2532976
TCD,residential,332.1348161,119.5685338,59.7842669
TGO,commercial,310.7936467,111.8857128,111.8857128
TGO,industrial,232.6343396,83.74836225,125.6225434
TGO,residential,264.4345572,95.19644058,47.59822029
THA,commercial,696.0549175,250.5797703,250.5797703
THA,industrial,484.1751854,174.3030668,261.4546001
THA,residential,630.5612984,227.0020674,113.5010337
TJK,commercial,356.6884442,128.4078399,128.4078399
TJK,industrial,263.6642858,94.91914289,142.3787143
TJK,residential,306.7523615,110.4308501,55.21542507
TKM,commercial,674.2093209,242.7153555,242.7153555
TKM,industrial,470.3412876,169.3228635,253.9842953
TKM,residential,609.258149,219.3329336,109.6664668
TLS,commercial,378.8818605,136.3974698,136.3974698
TLS,industrial,278.536589,100.2731721,150.4097581
TLS,residential,327.372186,117.853987,58.92699349
TON,commercial,624.5863264,224.8510775,224.8510775
TON,industrial,438.7630607,157.9547019,236.9320528
TON,residential,561.0692414,201.9849269,100.9924634
TTO,commercial,1061.214673,382.0372824,382.0372824
TTO,industrial,710.4061679,255.7462205,383.6193307
TTO,residential,993.4224002,357.6320641,178.816032
TUN,commercial,664.1255927,239.0852134,239.0852134
TUN,industrial,463.942002,167.0191207,250.5286811
TUN,residential,599.4428035,215.7994093,107.8997046
TUR,commercial,909.0226081,327.2481389,327.2481389
TUR,industrial,617.1511737,222.1744225,333.2616338
TUR,residential,840.7678195,302.676415,151.3382075
TUV,commercial,604.6144612,217.661206,217.661206
TUV,industrial,425.9901528,153.356455,230.0346825
TUV,residential,541.7571852,195.0325867,97.51629334
TZA,commercial,315.4831622,113.5739384,113.5739384
TZA,industrial,235.8231478,84.89633322,127.3444998
TZA,residential,268.7374388,96.74547796,48.37273898
UGA,commercial,303.6984072,109.3314266,109.3314266
UGA,industrial,227.8013233,82.0084764,123.0127146
UGA,residential,257.9339136,92.85620889,46.42810445
UKR,commercial,586.480644,211.1330318,211.1330318
UKR,industrial,414.3595076,149.1694227,223.7541341
UKR,residential,524.2653458,188.7355245,94.36776224
URY,commercial,951.8931086,342.6815191,342.6815191
URY,industrial,643.5542154,231.6795175,347.5192763
URY,residential,883.5808782,318.0891161,159.0445581
USA,commercial,1589.179758,572.1047131,572.1047131
USA,industrial,1025.485052,369.1746186,553.7619278
USA,residential,1535.128339,552.6462021,276.323101
UZB,commercial,445.3957364,160.3424651,160.3424651
UZB,industrial,322.6539974,116.155439,174.2331586
UZB,residential,389.7155571,140.2976005,70.14880027
VCT,commercial,763.9668472,275.028065,275.028065
VCT,industrial,526.934895,189.6965622,284.5448433
VCT,residential,697.1130351,250.9606926,125.4803463
VEN,commercial,1008.652162,363.1147785,363.1147785
VEN,industrial,678.3457096,244.2044555,366.3066832
VEN,residential,940.4940871,338.5778713,169.2889357
VNM,commercial,440.3155609,158.5136019,158.5136019
VNM,industrial,319.3067255,114.9504212,172.4256318
VNM,residential,384.9268446,138.5736641,69.28683203
VUT,commercial,585.8990684,210.9236646,210.9236646
VUT,industrial,413.9859612,149.034946,223.552419
VUT,residential,523.7050483,188.5338174,94.2669087
WSM,commercial,618.8745482,222.7948373,222.7948373
WSM,industrial,435.1139652,156.6410275,234.9615412
WSM,residential,555.5411892,199.9948281,99.99741406
YEM,commercial,447.4047457,161.0657084,161.0657084
YEM,industrial,323.9767516,116.6316306,174.9474459
YEM,residential,391.6104795,140.9797726,70.4898863
ZAF,commercial,803.4633501,289.2468061,289.2468061
ZAF,industrial,551.6426293,198.5913466,297.8870198
ZAF,residential,736.0334895,264.9720562,132.4860281
ZMB,commercial,462.8319817,166.6195134,166.6195134
ZMB,industrial,334.1164149,120.2819093,180.422864
ZMB,residential,406.1834985,146.2260594,73.11302972
ZWE,commercial,353.8125042,127.3725015,127.3725015
ZWE,industrial,261.7309963,94.22315866,141.334738
ZWE,residential,304.0875047,109.4715017,54.73575085
