region,events,vthresh_ms,vhalf_rmsf_ms,vhalf_tdr_ms,iso3s
NA1,73,25.7,59.6,66.3,AIA ATG ARG ABW BHS BRB BLZ BMU BOL CPV CYM CHL COL CRI CUB DMA DOM ECU SLV FLK GUF GRD GLP GTM GUY HTI HND JAM MTQ MEX MSR NIC PAN PRY PER PRI SHN KNA LCA VCT SXM SUR TTO TCA URY VEN VGB VIR
NA2,43,25.7,86,89.2,CAN USA
NI,31,25.7,58.7,70.8,AFG ARM AZE BHR BGD BTN DJI ERI ETH GEO IND IRN IRQ ISR JOR KAZ KWT KGZ LBN MDV MNG MMR NPL OMN PAK QAT SAU SOM LKA SYR TJK TKM UGA ARE UZB YEM
OC,48,25.7,49.7,64.1,ASM AUS COK FJI PYF GUM KIR MHL FSM NRU NCL NZL NIU NFK MNP PLW PNG PCN WSM SLB TLS TKL TON TUV VUT WLF
SI,19,25.7,46.8,52.4,COM COD SWZ MDG MWI MLI MUS MOZ ZAF TZA ZWE
WP1,43,25.7,56.7,66.4,KHM IDN LAO MYS THA VNM
WP2,83,25.7,84.7,188.4,PHL
WP3,69,25.7,80.2,112.8,CHN
WP4,64,25.7,135.6,190.5,HKG JPN KOR MAC TWN
global,473,25.7,73.4,110.1,
