iso3,year,ka,kai,kao,eq,eqi,eqo,eq_plbn,eq_siln,eq_pabr,eq_siar,bo,boi,boo,bo_plbn,bo_siln,bo_pabr,bo_siar,mm,mmi,mmo,mm_plbn,mm_siln,mm_pabr,mm_siar,ci,cii,cio,ci_plbn,ci_siln,ci_pabr,ci_siar,de,dei,deo,de_plbn,de_siln,de_pabr,de_siar,cc,cci,cco,fc,fci,fco,gs,gsi,gso,di,dii,dio,ldi,re,rei,reo,re_pabr,re_plbn,re_slbn
AGO,2015,0.875,0.875,0.875,1,1,1,1,1,1,1,1,1,1,1,1,1,1,1,1,1,1,1,1,1,1,1,1,1,1,1,1,,,,,,,,0,0,0,1,1,1,1,1,1,1,1,1,0,,,,,,
AGO,2016,0.8661,0.875,0.8571,1,1,1,1,1,1,1,1,1,1,1,1,1,1,1,1,1,1,1,1,1,1,1,1,1,1,1,1,,,,,,,,0,0,0,1,1,1,1,1,1,1,1,,0,,,,,,
AGO,2017,0.8661,0.875,0.8571,1,1,1,1,1,1,1,1,1,1,1,1,1,1,1,1,1,1,1,1,1,1,1,1,1,1,1,1,,,,,,,,0,0,0,1,1,1,1,1,1,1,1,,0,,,,,,
AGO,2018,0.8661,0.875,0.8571,1,1,1,1,1,1,1,1,1,1,1,1,1,1,1,1,1,1,1,1,1,1,1,1,1,1,1,1,,,,,,,,0,0,0,1,1,1,1,1,1,1,1,,0,,,,,,
AGO,2019,0.8661,0.875,0.8571,1,1,1,1,1,1,1,1,1,1,1,1,1,1,1,1,1,1,1,1,1,1,1,1,1,1,1,1,,,,,,,,0,0,0,1,1,1,1,1,1,1,1,,0,,,,,,
ARE,2015,0.225,0.3,0.15,0.5,0.5,0.5,1,1,0,0,0.25,0,0.5,0,1,0,0,0,0,0,0,0,0,0,0.5,0.5,0.5,1,1,0,0,0,0,0,0,0,0,0,0,0,0,0,0,0,0,0,0,0.5,1,0,0,0.5,1,0,0,1,0
ARE,2016,0.225,0.3,0.15,0.5,0.5,0.5,1,1,0,0,0.25,0,0.5,0,1,0,0,0,0,0,0,0,0,0,0.5,0.5,0.5,1,1,0,0,0,0,0,0,0,0,0,0,0,0,0,0,0,0,0,0,0.5,1,0,0,0.5,1,0,0,1,0
ARE,2017,0.225,0.3,0.15,0.5,0.5,0.5,1,1,0,0,0.25,0,0.5,0,1,0,0,0,0,0,0,0,0,0,0.5,0.5,0.5,1,1,0,0,0,0,0,0,0,0,0,0,0,0,0,0,0,0,0,0,0.5,1,0,0,0.5,1,0,0,1,0
ARE,2018,0.225,0.3,0.15,0.5,0.5,0.5,1,1,0,0,0.25,0,0.5,0,1,0,0,0,0,0,0,0,0,0,0.5,0.5,0.5,1,1,0,0,0,0,0,0,0,0,0,0,0,0,0,0,0,0,0,0,0.5,1,0,0,0.5,1,0,0,1,0
ARE,2019,0.225,0.3,0.15,0.5,0.5,0.5,1,1,0,0,0.25,0,0.5,0,1,0,0,0,0,0,0,0,0,0,0.5,0.5,0.5,1,1,0,0,0,0,0,0,0,0,0,0,0,0,0,0,0,0,0,0,0.5,1,0,0,0.5,1,0,0,1,0
ARG,2015,0.9,0.9,0.9,1,1,1,1,1,1,1,1,1,1,1,1,1,1,1,1,1,1,1,1,1,1,1,1,1,1,1,1,1,1,1,1,1,1,1,0,0,0,1,1,1,1,1,1,1,1,1,1,1,1,1,1,1,1
ARG,2016,0.9,0.9,0.9,1,1,1,1,1,1,1,1,1,1,1,1,1,1,1,1,1,1,1,1,1,1,1,1,1,1,1,1,1,1,1,1,1,1,1,0,0,0,1,1,1,1,1,1,1,1,1,1,1,1,1,1,1,1
ARG,2017,0.075,0,0.15,0,0,0,0,0,0,0,0,0,0,0,0,0,0,0.25,0,0.5,0,1,0,0,0.25,0,0.5,0,1,0,0,0.25,0,0.5,0,1,0,0,0,0,0,0,0,0,0,0,0,0,0,0,0,0,0,0,0,0,0
ARG,2018,0.175,0.2,0.15,0,0,0,0,0,0,0,0,0,0,0,0,0,0,0.25,0,0.5,0,1,0,0,0.25,0,0.5,0,1,0,0,0.25,0,0.5,0,1,0,0,0,0,0,0,0,0,0,0,0,0.5,1,0,0,0.5,1,0,0,1,0
ARG,2019,0.125,0.1,0.15,0,0,0,0,0,0,0,0,0,0,0,0,0,0,0.25,0,0.5,0,1,0,0,0.25,0,0.5,0,1,0,0,0.25,0,0.5,0,1,0,0,0.5,1,0,0,0,0,0,0,0,0,0,0,0,0,0,0,0,0,0
AUS,2015,0.175,0.3,0.05,0.25,0.5,0,1,0,0,0,0,0,0,0,0,0,0,0,0,0,0,0,0,0,0.5,0.5,0.5,1,1,0,0,0,0,0,0,0,0,0,0,0,0,0,0,0,0,0,0,0.5,1,0,0,0.5,1,0,0,1,0
AUS,2016,0.175,0.3,0.05,0.25,0.5,0,1,0,0,0,0,0,0,0,0,0,0,0,0,0,0,0,0,0,0.5,0.5,0.5,1,1,0,0,0,0,0,0,0,0,0,0,0,0,0,0,0,0,0,0,0.5,1,0,0,0.5,1,0,0,1,0
AUS,2017,0.225,0.4,0.05,0.25,0.5,0,1,0,0,0,0,0,0,0,0,0,0,0,0,0,0,0,0,0,0.5,0.5,0.5,1,1,0,0,0,0,0,0,0,0,0,0,0,0,0.5,1,0,0,0,0,0.5,1,0,0,0.5,1,0,0,1,0
AUS,2018,0.225,0.4,0.05,0.25,0.5,0,1,0,0,0,0,0,0,0,0,0,0,0,0,0,0,0,0,0,0.5,0.5,0.5,1,1,0,0,0,0,0,0,0,0,0,0,0,0,0.5,1,0,0,0,0,0.5,1,0,0,0.5,1,0,0,1,0
AUS,2019,0.3,0.4,0.2,0.25,0.5,0,1,0,0,0,0.25,0,0.5,0,1,0,0,0.25,0,0.5,0,1,0,0,0.5,0.5,0.5,1,1,0,0,0.25,0,0.5,0,1,0,0,0,0,0,0.5,1,0,0,0,0,0.5,1,0,0,0.5,1,0,0,1,0
AUT,2015,0.2,0.1,0.3,0.25,0,0.5,0,0,1,0,0.25,0,0.5,0,0,1,0,0.25,0,0.5,0,0,1,0,0.25,0,0.5,0,0,1,0,0,0,0,0,0,0,0,0,0,0,0.5,0,1,0,0,0,0,0,0,0,0.5,1,0,0,1,0
AUT,2016,0.2,0.1,0.3,0.25,0,0.5,0,0,1,0,0.25,0,0.5,0,0,1,0,0.25,0,0.5,0,0,1,0,0.25,0,0.5,0,0,1,0,0,0,0,0,0,0,0,0,0,0,0.5,0,1,0,0,0,0,0,0,0,0.5,1,0,0,1,0
AUT,2017,0.2,0.1,0.3,0.25,0,0.5,0,0,1,0,0.25,0,0.5,0,0,1,0,0.25,0,0.5,0,0,1,0,0.25,0,0.5,0,0,1,0,0,0,0,0,0,0,0,0,0,0,0.5,0,1,0,0,0,0,0,0,0,0.5,1,0,0,1,0
AUT,2018,0.2,0.1,0.3,0.25,0,0.5,0,0,1,0,0.25,0,0.5,0,0,1,0,0.25,0,0.5,0,0,1,0,0.25,0,0.5,0,0,1,0,0,0,0,0,0,0,0,0,0,0,0.5,0,1,0,0,0,0,0,0,0,0.5,1,0,0,1,0
AUT,2019,0.2,0.1,0.3,0.25,0,0.5,0,0,1,0,0.25,0,0.5,0,0,1,0,0.25,0,0.5,0,0,1,0,0.25,0,0.5,0,0,1,0,0,0,0,0,0,0,0,0,0,0,0.5,0,1,0,0,0,0,0,0,0,0.5,1,0,0,1,0
BEL,2015,0,0,0,0,0,0,0,0,0,0,0,0,0,0,0,0,0,0,0,0,0,0,0,0,0,0,0,0,0,0,0,0,0,0,0,0,0,0,0,0,0,0,0,0,0,0,0,0,0,0,0,0,0,0,0,0,0
BEL,2016,0,0,0,0,0,0,0,0,0,0,0,0,0,0,0,0,0,0,0,0,0,0,0,0,0,0,0,0,0,0,0,0,0,0,0,0,0,0,0,0,0,0,0,0,0,0,0,0,0,0,0,0,0,0,0,0,0
BEL,2017,0,0,0,0,0,0,0,0,0,0,0,0,0,0,0,0,0,0,0,0,0,0,0,0,0,0,0,0,0,0,0,0,0,0,0,0,0,0,0,0,0,0,0,0,0,0,0,0,0,0,0,0,0,0,0,0,0
BEL,2018,0,0,0,0,0,0,0,0,0,0,0,0,0,0,0,0,0,0,0,0,0,0,0,0,0,0,0,0,0,0,0,0,0,0,0,0,0,0,0,0,0,0,0,0,0,0,0,0,0,0,0,0,0,0,0,0,0
BEL,2019,0,0,0,0,0,0,0,0,0,0,0,0,0,0,0,0,0,0,0,0,0,0,0,0,0,0,0,0,0,0,0,0,0,0,0,0,0,0,0,0,0,0,0,0,0,0,0,0,0,0,0,0,0,0,0,0,0
BFA,2015,0.7,0.45,0.95,0.5,0,1,0,1,1,0,0.75,0.5,1,0,1,1,1,0.5,0,1,0,1,1,0,0.5,0,1,0,1,1,0,0.75,1,0.5,1,0,1,1,0.5,0,1,1,1,1,1,1,1,1,1,1,1,0.5,0,1,1,0,1
BFA,2016,0.7,0.45,0.95,0.5,0,1,0,1,1,0,0.75,0.5,1,0,1,1,1,0.5,0,1,0,1,1,0,0.5,0,1,0,1,1,0,0.75,1,0.5,1,0,1,1,0.5,0,1,1,1,1,1,1,1,1,1,1,1,0.5,0,1,1,0,1
BFA,2017,0.7,0.45,0.95,0.5,0,1,0,1,1,0,0.75,0.5,1,0,1,1,1,0.5,0,1,0,1,1,0,0.5,0,1,0,1,1,0,0.75,1,0.5,1,0,1,1,0.5,0,1,1,1,1,1,1,1,1,1,1,1,0.5,0,1,1,0,1
BFA,2018,0.65,0.35,0.95,0.5,0,1,0,1,1,0,0.75,0.5,1,0,1,1,1,0.5,0,1,0,1,1,0,0.5,0,1,0,1,1,0,0.75,1,0.5,1,0,1,1,0.5,0,1,1,1,1,1,1,1,0.5,0,1,1,0.5,0,1,1,0,1
BFA,2019,0.65,0.35,0.95,0.5,0,1,0,1,1,0,0.75,0.5,1,0,1,1,1,0.5,0,1,0,1,1,0,0.5,0,1,0,1,1,0,0.75,1,0.5,1,0,1,1,0.5,0,1,1,1,1,1,1,1,0.5,0,1,1,0.5,0,1,1,0,1
BGD,2015,0.85,0.7,1,0.75,0.5,1,0,1,1,1,0.75,0.5,1,0,1,1,1,1,1,1,1,1,1,1,1,1,1,1,1,1,1,1,1,1,1,1,1,1,1,1,1,1,1,1,0.5,0,1,1,1,1,1,0.5,0,1,1,0,1
BGD,2016,0.9,0.8,1,0.75,0.5,1,0,1,1,1,0.75,0.5,1,0,1,1,1,1,1,1,1,1,1,1,1,1,1,1,1,1,1,1,1,1,1,1,1,1,1,1,1,1,1,1,0.5,0,1,1,1,1,1,1,1,1,1,1,1
BGD,2017,0.95,0.9,1,0.75,0.5,1,0,1,1,1,0.75,0.5,1,0,1,1,1,1,1,1,1,1,1,1,1,1,1,1,1,1,1,1,1,1,1,1,1,1,1,1,1,1,1,1,1,1,1,1,1,1,1,1,1,1,1,1,1
BGD,2018,0.925,0.85,1,0.75,0.5,1,0,1,1,1,0.75,0.5,1,0,1,1,1,1,1,1,1,1,1,1,0.75,0.5,1,0,1,1,1,1,1,1,1,1,1,1,1,1,1,1,1,1,1,1,1,1,1,1,1,1,1,1,1,1,1
BGD,2019,0.925,0.85,1,0.75,0.5,1,0,1,1,1,0.75,0.5,1,0,1,1,1,1,1,1,1,1,1,1,0.75,0.5,1,0,1,1,1,1,1,1,1,1,1,1,1,1,1,1,1,1,1,1,1,1,1,1,1,1,1,1,1,1,1
BGR,2015,0.05,0.1,0,0,0,0,0,0,0,0,0,0,0,0,0,0,0,0,0,0,0,0,0,0,0,0,0,0,0,0,0,0,0,0,0,0,0,0,0,0,0,0,0,0,0,0,0,0,0,0,0,0.5,1,0,0,1,0
BGR,2016,0.05,0.1,0,0,0,0,0,0,0,0,0,0,0,0,0,0,0,0,0,0,0,0,0,0,0,0,0,0,0,0,0,0,0,0,0,0,0,0,0,0,0,0,0,0,0,0,0,0,0,0,0,0.5,1,0,0,1,0
BGR,2017,0.05,0.1,0,0,0,0,0,0,0,0,0,0,0,0,0,0,0,0,0,0,0,0,0,0,0,0,0,0,0,0,0,0,0,0,0,0,0,0,0,0,0,0,0,0,0,0,0,0,0,0,0,0.5,1,0,0,1,0
BGR,2018,0.05,0.1,0,0,0,0,0,0,0,0,0,0,0,0,0,0,0,0,0,0,0,0,0,0,0,0,0,0,0,0,0,0,0,0,0,0,0,0,0,0,0,0,0,0,0,0,0,0,0,0,0,0.5,1,0,0,1,0
BGR,2019,0.1,0.2,0,0,0,0,0,0,0,0,0,0,0,0,0,0,0,0,0,0,0,0,0,0,0,0,0,0,0,0,0,0,0,0,0,0,0,0,0,0,0,0,0,0,0,0,0,0.5,1,0,0,0.5,1,0,0,1,0
BHR,2015,0.275,0.4,0.15,0.75,1,0.5,1,1,0,1,0.5,0.5,0.5,0,1,0,1,0,0,0,0,0,0,0,0,0,0,0,0,0,0,0.5,0.5,0.5,1,1,0,0,0,0,0,0,0,0,0,0,0,0.5,1,0,0,0.5,1,0,0,1,0
BHR,2016,0.275,0.4,0.15,0.75,1,0.5,1,1,0,1,0.5,0.5,0.5,0,1,0,1,0,0,0,0,0,0,0,0,0,0,0,0,0,0,0.5,0.5,0.5,1,1,0,0,0,0,0,0,0,0,0,0,0,0.5,1,0,0,0.5,1,0,0,1,0
BHR,2017,0.275,0.4,0.15,0.75,1,0.5,1,1,0,1,0.5,0.5,0.5,0,1,0,1,0,0,0,0,0,0,0,0,0,0,0,0,0,0,0.5,0.5,0.5,1,1,0,0,0,0,0,0,0,0,0,0,0,0.5,1,0,0,0.5,1,0,0,1,0
BHR,2018,0.275,0.4,0.15,0.75,1,0.5,1,1,0,1,0.5,0.5,0.5,0,1,0,1,0,0,0,0,0,0,0,0,0,0,0,0,0,0,0.5,0.5,0.5,1,1,0,0,0,0,0,0,0,0,0,0,0,0.5,1,0,0,0.5,1,0,0,1,0
BHR,2019,0.275,0.4,0.15,0.75,1,0.5,1,1,0,1,0.5,0.5,0.5,0,1,0,1,0,0,0,0,0,0,0,0,0,0,0,0,0,0,0.5,0.5,0.5,1,1,0,0,0,0,0,0,0,0,0,0,0,0.5,1,0,0,0.5,1,0,0,1,0
BOL,2015,0.2,0.2,0.2,0.25,0,0.5,0,0,1,0,0.25,0,0.5,0,0,1,0,0.25,0,0.5,0,0,1,0,0.25,0,0.5,0,0,1,0,0,0,0,0,0,0,0,0.5,1,0,0.5,1,0,0,0,0,0,0,0,0,0,0,0,0,0,0
BOL,2016,0.2,0.2,0.2,0.25,0,0.5,0,0,1,0,0.25,0,0.5,0,0,1,0,0.25,0,0.5,0,0,1,0,0.25,0,0.5,0,0,1,0,0,0,0,0,0,0,0,0.5,1,0,0.5,1,0,0,0,0,0,0,0,0,0,0,0,0,0,0
BOL,2017,0.2,0.2,0.2,0.25,0,0.5,0,0,1,0,0.25,0,0.5,0,0,1,0,0.25,0,0.5,0,0,1,0,0.25,0,0.5,0,0,1,0,0,0,0,0,0,0,0,0.5,1,0,0.5,1,0,0,0,0,0,0,0,0,0,0,0,0,0,0
BOL,2018,0.2,0.2,0.2,0.25,0,0.5,0,0,1,0,0.25,0,0.5,0,0,1,0,0.25,0,0.5,0,0,1,0,0.25,0,0.5,0,0,1,0,0,0,0,0,0,0,0,0.5,1,0,0.5,1,0,0,0,0,0,0,0,0,0,0,0,0,0,0
BOL,2019,0.2,0.2,0.2,0.25,0,0.5,0,0,1,0,0.25,0,0.5,0,0,1,0,0.25,0,0.5,0,0,1,0,0.25,0,0.5,0,0,1,0,0,0,0,0,0,0,0,0.5,1,0,0.5,1,0,0,0,0,0,0,0,0,0,0,0,0,0,0
BRA,2015,0.65,0.5,0.8,1,1,1,1,1,1,1,0.5,0,1,0,1,1,0,0.5,0,1,0,1,1,0,0.5,0,1,0,1,1,0,1,1,1,1,1,1,1,0.5,0,1,1,1,1,0,0,0,1,1,1,0,0.5,1,0,0,1,0
BRA,2016,0.65,0.5,0.8,1,1,1,1,1,1,1,0.5,0,1,0,1,1,0,0.5,0,1,0,1,1,0,0.5,0,1,0,1,1,0,1,1,1,1,1,1,1,0.5,0,1,1,1,1,0,0,0,1,1,1,0,0.5,1,0,0,1,0
BRA,2017,0.65,0.5,0.8,1,1,1,1,1,1,1,0.5,0,1,0,1,1,0,0.5,0,1,0,1,1,0,0.5,0,1,0,1,1,0,1,1,1,1,1,1,1,0.5,0,1,1,1,1,0,0,0,1,1,1,0,0.5,1,0,0,1,0
BRA,2018,0.65,0.5,0.8,1,1,1,1,1,1,1,0.5,0,1,0,1,1,0,0.5,0,1,0,1,1,0,0.5,0,1,0,1,1,0,1,1,1,1,1,1,1,0.5,0,1,1,1,1,0,0,0,1,1,1,0,0.5,1,0,0,1,0
BRA,2019,0.65,0.5,0.8,1,1,1,1,1,1,1,0.5,0,1,0,1,1,0,0.5,0,1,0,1,1,0,0.5,0,1,0,1,1,0,1,1,1,1,1,1,1,0.5,0,1,1,1,1,0,0,0,1,1,1,0,0.5,1,0,0,1,0
BRN,2015,0.05,0.1,0,0,0,0,0,0,0,0,0,0,0,0,0,0,0,0,0,0,0,0,0,0,0,0,0,0,0,0,0,0,0,0,0,0,0,0,0,0,0,0,0,0,0,0,0,0,0,0,0,0.5,1,0,0,1,0
BRN,2016,0.05,0.1,0,0,0,0,0,0,0,0,0,0,0,0,0,0,0,0,0,0,0,0,0,0,0,0,0,0,0,0,0,0,0,0,0,0,0,0,0,0,0,0,0,0,0,0,0,0,0,0,0,0.5,1,0,0,1,0
BRN,2017,0.05,0.1,0,0,0,0,0,0,0,0,0,0,0,0,0,0,0,0,0,0,0,0,0,0,0,0,0,0,0,0,0,0,0,0,0,0,0,0,0,0,0,0,0,0,0,0,0,0,0,0,0,0.5,1,0,0,1,0
BRN,2018,0.05,0.1,0,0,0,0,0,0,0,0,0,0,0,0,0,0,0,0,0,0,0,0,0,0,0,0,0,0,0,0,0,0,0,0,0,0,0,0,0,0,0,0,0,0,0,0,0,0,0,0,0,0.5,1,0,0,1,0
BRN,2019,0.05,0.1,0,0,0,0,0,0,0,0,0,0,0,0,0,0,0,0,0,0,0,0,0,0,0,0,0,0,0,0,0,0,0,0,0,0,0,0,0,0,0,0,0,0,0,0,0,0,0,0,0,0.5,1,0,0,1,0
CAN,2015,0.05,0.1,0,0,0,0,0,0,0,0,0,0,0,0,0,0,0,0,0,0,0,0,0,0,0,0,0,0,0,0,0,0,0,0,0,0,0,0,0,0,0,0,0,0,0,0,0,0.5,1,0,0,0,0,0,0,0,0
CAN,2016,0.05,0.1,0,0,0,0,0,0,0,0,0,0,0,0,0,0,0,0,0,0,0,0,0,0,0,0,0,0,0,0,0,0,0,0,0,0,0,0,0,0,0,0,0,0,0,0,0,0.5,1,0,0,0,0,0,0,0,0
CAN,2017,0.1,0.2,0,0,0,0,0,0,0,0,0,0,0,0,0,0,0,0,0,0,0,0,0,0,0,0,0,0,0,0,0,0,0,0,0,0,0,0,0,0,0,0,0,0,0,0,0,0.5,1,0,0,0.5,1,0,0,1,0
CAN,2018,0.1,0.2,0,0,0,0,0,0,0,0,0,0,0,0,0,0,0,0,0,0,0,0,0,0,0,0,0,0,0,0,0,0,0,0,0,0,0,0,0,0,0,0,0,0,0,0,0,0.5,1,0,0,0.5,1,0,0,1,0
CAN,2019,0.1,0.2,0,0,0,0,0,0,0,0,0,0,0,0,0,0,0,0,0,0,0,0,0,0,0,0,0,0,0,0,0,0,0,0,0,0,0,0,0,0,0,0,0,0,0,0,0,0.5,1,0,0,0.5,1,0,0,1,0
CHE,2015,0.35,0.15,0.55,0.25,0,0.5,0,0,1,0,0.25,0,0.5,0,0,1,0,0.5,0.5,0.5,0,0,1,1,0.5,0,1,0,1,1,0,0.25,0,0.5,0,0,1,0,0.5,0,1,0.5,0,1,0,0,0,0,0,0,0,0.75,1,0.5,1,1,0
CHE,2016,0.35,0.15,0.55,0.25,0,0.5,0,0,1,0,0.25,0,0.5,0,0,1,0,0.5,0.5,0.5,0,0,1,1,0.5,0,1,0,1,1,0,0.25,0,0.5,0,0,1,0,0.5,0,1,0.5,0,1,0,0,0,0,0,0,0,0.75,1,0.5,1,1,0
CHE,2017,0.35,0.15,0.55,0.25,0,0.5,0,0,1,0,0.25,0,0.5,0,0,1,0,0.5,0.5,0.5,0,0,1,1,0.5,0,1,0,1,1,0,0.25,0,0.5,0,0,1,0,0.5,0,1,0.5,0,1,0,0,0,0,0,0,0,0.75,1,0.5,1,1,0
CHE,2018,0.35,0.15,0.55,0.25,0,0.5,0,0,1,0,0.25,0,0.5,0,0,1,0,0.5,0.5,0.5,0,0,1,1,0.5,0,1,0,1,1,0,0.25,0,0.5,0,0,1,0,0.5,0,1,0.5,0,1,0,0,0,0,0,0,0,0.75,1,0.5,1,1,0
CHE,2019,0.325,0.1,0.55,0.25,0,0.5,0,0,1,0,0.25,0,0.5,0,0,1,0,0.25,0,0.5,0,0,1,0,0.5,0,1,0,1,1,0,0.25,0,0.5,0,0,1,0,0.5,0,1,0.5,0,1,0,0,0,0,0,0,0,0.75,1,0.5,1,1,0
CHL,2015,0.225,0.1,0.35,0.25,0,0.5,0,0,1,0,0.25,0,0.5,0,0,1,0,0.25,0,0.5,0,0,1,0,0.25,0,0.5,0,0,1,0,0.25,0,0.5,0,0,1,0,0,0,0,0.5,1,0,0.5,0,1,0,0,0,0,0,0,0,0,0,0
CHL,2016,0.225,0.1,0.35,0.25,0,0.5,0,0,1,0,0.25,0,0.5,0,0,1,0,0.25,0,0.5,0,0,1,0,0.25,0,0.5,0,0,1,0,0.25,0,0.5,0,0,1,0,0,0,0,0.5,1,0,0.5,0,1,0,0,0,0,0,0,0,0,0,0
CHL,2017,0.225,0.1,0.35,0.25,0,0.5,0,0,1,0,0.25,0,0.5,0,0,1,0,0.25,0,0.5,0,0,1,0,0.25,0,0.5,0,0,1,0,0.25,0,0.5,0,0,1,0,0,0,0,0.5,1,0,0.5,0,1,0,0,0,0,0,0,0,0,0,0
CHL,2018,0.225,0.1,0.35,0.25,0,0.5,0,0,1,0,0.25,0,0.5,0,0,1,0,0.25,0,0.5,0,0,1,0,0.25,0,0.5,0,0,1,0,0.25,0,0.5,0,0,1,0,0,0,0,0.5,1,0,0.5,0,1,0,0,0,0,0,0,0,0,0,0
CHL,2019,0.225,0.1,0.35,0.25,0,0.5,0,0,1,0,0.25,0,0.5,0,0,1,0,0.25,0,0.5,0,0,1,0,0.25,0,0.5,0,0,1,0,0.25,0,0.5,0,0,1,0,0,0,0,0.5,1,0,0.5,0,1,0,0,0,0,0,0,0,0,0,0
CHN,2015,0.8,0.8,0.8,1,1,1,1,1,1,1,1,1,1,1,1,1,1,1,1,1,1,1,1,1,1,1,1,1,1,1,1,1,1,1,1,1,1,1,0,0,0,1,1,1,0,0,0,1,1,1,1,1,1,1,1,1,1
CHN,2016,0.9,0.9,0.9,1,1,1,1,1,1,1,1,1,1,1,1,1,1,1,1,1,1,1,1,1,1,1,1,1,1,1,1,1,1,1,1,1,1,1,0.5,0,1,1,1,1,0.5,1,0,1,1,1,1,1,1,1,1,1,1
CHN,2017,0.9,0.9,0.9,1,1,1,1,1,1,1,1,1,1,1,1,1,1,1,1,1,1,1,1,1,1,1,1,1,1,1,1,1,1,1,1,1,1,1,0.5,0,1,1,1,1,0.5,1,0,1,1,1,1,1,1,1,1,1,1
CHN,2018,0.9,0.9,0.9,1,1,1,1,1,1,1,1,1,1,1,1,1,1,1,1,1,1,1,1,1,1,1,1,1,1,1,1,1,1,1,1,1,1,1,0.5,0,1,1,1,1,0.5,1,0,1,1,1,1,1,1,1,1,1,1
CHN,2019,0.9,0.9,0.9,1,1,1,1,1,1,1,1,1,1,1,1,1,1,1,1,1,1,1,1,1,1,1,1,1,1,1,1,1,1,1,1,1,1,1,0.5,0,1,1,1,1,0.5,1,0,1,1,1,1,1,1,1,1,1,1
CIV,2015,0.8,0.6,1,0.75,0.5,1,0,1,1,1,0.75,0.5,1,0,1,1,1,0.75,0.5,1,0,1,1,1,0.75,0.5,1,0,1,1,1,1,1,1,1,1,1,1,1,1,1,1,1,1,1,1,1,0.5,0,1,1,0.5,0,1,1,0,1
CIV,2016,0.8,0.6,1,0.75,0.5,1,0,1,1,1,0.75,0.5,1,0,1,1,1,0.75,0.5,1,0,1,1,1,0.75,0.5,1,0,1,1,1,1,1,1,1,1,1,1,1,1,1,1,1,1,1,1,1,0.5,0,1,1,0.5,0,1,1,0,1
CIV,2017,0.8,0.6,1,0.75,0.5,1,0,1,1,1,0.75,0.5,1,0,1,1,1,0.75,0.5,1,0,1,1,1,0.75,0.5,1,0,1,1,1,1,1,1,1,1,1,1,1,1,1,1,1,1,1,1,1,0.5,0,1,1,0.5,0,1,1,0,1
CIV,2018,0.8,0.6,1,0.75,0.5,1,0,1,1,1,0.75,0.5,1,0,1,1,1,0.75,0.5,1,0,1,1,1,0.75,0.5,1,0,1,1,1,1,1,1,1,1,1,1,1,1,1,1,1,1,1,1,1,0.5,0,1,1,0.5,0,1,1,0,1
CIV,2019,0.8,0.6,1,0.75,0.5,1,0,1,1,1,0.75,0.5,1,0,1,1,1,0.75,0.5,1,0,1,1,1,0.75,0.5,1,0,1,1,1,1,1,1,1,1,1,1,1,1,1,1,1,1,1,1,1,0.5,0,1,1,0.5,0,1,1,0,1
COL,2015,0.575,0.55,0.6,0.75,0.5,1,0,1,1,1,0.75,0.5,1,0,1,1,1,0.75,0.5,1,0,1,1,1,0.5,0,1,0,1,1,0,1,1,1,1,1,1,1,0.5,1,0,0.5,1,0,0,0,0,1,1,1,1,0,0,0,0,0,0
COL,2016,0.575,0.55,0.6,0.75,0.5,1,0,1,1,1,0.75,0.5,1,0,1,1,1,0.75,0.5,1,0,1,1,1,0.5,0,1,0,1,1,0,1,1,1,1,1,1,1,0.5,1,0,0.5,1,0,0,0,0,1,1,1,1,0,0,0,0,0,0
COL,2017,0.575,0.55,0.6,0.75,0.5,1,0,1,1,1,0.75,0.5,1,0,1,1,1,0.75,0.5,1,0,1,1,1,0.5,0,1,0,1,1,0,1,1,1,1,1,1,1,0.5,1,0,0.5,1,0,0,0,0,1,1,1,1,0,0,0,0,0,0
COL,2018,0.575,0.55,0.6,0.75,0.5,1,0,1,1,1,0.75,0.5,1,0,1,1,1,0.75,0.5,1,0,1,1,1,0.5,0,1,0,1,1,0,1,1,1,1,1,1,1,0.5,1,0,0.5,1,0,0,0,0,1,1,1,1,0,0,0,0,0,0
COL,2019,0.575,0.55,0.6,0.75,0.5,1,0,1,1,1,0.75,0.5,1,0,1,1,1,0.75,0.5,1,0,1,1,1,0.5,0,1,0,1,1,0,1,1,1,1,1,1,1,0.5,1,0,0.5,1,0,0,0,0,1,1,1,1,0,0,0,0,0,0
CRI,2015,0.125,0.15,0.1,0,0,0,0,0,0,0,0.25,0.5,0,0,0,0,1,0,0,0,0,0,0,0,0,0,0,0,0,0,0,0,0,0,0,0,0,0,0,0,0,1,1,1,0,0,0,0,0,0,0,0,0,0,0,0,0
CRI,2016,0.075,0.15,0,0,0,0,0,0,0,0,0.25,0.5,0,0,0,0,1,0,0,0,0,0,0,0,0,0,0,0,0,0,0,0,0,0,0,0,0,0,0,0,0,0.5,1,0,0,0,0,0,0,0,0,0,0,0,0,0,0
CRI,2017,0.075,0.15,0,0,0,0,0,0,0,0,0.25,0.5,0,0,0,0,1,0,0,0,0,0,0,0,0,0,0,0,0,0,0,0,0,0,0,0,0,0,0,0,0,0.5,1,0,0,0,0,0,0,0,0,0,0,0,0,0,0
CRI,2018,0.075,0.15,0,0,0,0,0,0,0,0,0.25,0.5,0,0,0,0,1,0,0,0,0,0,0,0,0,0,0,0,0,0,0,0,0,0,0,0,0,0,0,0,0,0.5,1,0,0,0,0,0,0,0,0,0,0,0,0,0,0
CRI,2019,0.125,0.15,0.1,0,0,0,0,0,0,0,0.25,0.5,0,0,0,0,1,0,0,0,0,0,0,0,0,0,0,0,0,0,0,0,0,0,0,0,0,0,0,0,0,1,1,1,0,0,0,0,0,0,0,0,0,0,0,0,0
CYP,2015,0.15,0.2,0.1,0,0,0,0,0,0,0,0,0,0,0,0,0,0,0,0,0,0,0,0,0,0,0,0,0,0,0,0,0,0,0,0,0,0,0,0,0,0,0,0,0,0,0,0,1,1,1,0,0.5,1,0,0,1,0
CYP,2016,0.2,0.2,0.2,0,0,0,0,0,0,0,0,0,0,0,0,0,0,0,0,0,0,0,0,0,0,0,0,0,0,0,0,0,0,0,0,0,0,0,0,0,0,0.5,0,1,0,0,0,1,1,1,0,0.5,1,0,0,1,0
CYP,2017,0.2,0.2,0.2,0,0,0,0,0,0,0,0,0,0,0,0,0,0,0,0,0,0,0,0,0,0,0,0,0,0,0,0,0,0,0,0,0,0,0,0,0,0,0.5,0,1,0,0,0,1,1,1,0,0.5,1,0,0,1,0
CYP,2018,0.2,0.2,0.2,0,0,0,0,0,0,0,0,0,0,0,0,0,0,0,0,0,0,0,0,0,0,0,0,0,0,0,0,0,0,0,0,0,0,0,0,0,0,0.5,0,1,0,0,0,1,1,1,0,0.5,1,0,0,1,0
CYP,2019,0.2,0.2,0.2,0,0,0,0,0,0,0,0,0,0,0,0,0,0,0,0,0,0,0,0,0,0,0,0,0,0,0,0,0,0,0,0,0,0,0,0,0,0,0.5,0,1,0,0,0,1,1,1,0,0.5,1,0,0,1,0
CZE,2015,0.4,0.25,0.55,0.25,0,0.5,0,0,1,0,0.5,0,1,0,1,1,0,0.25,0,0.5,0,0,1,0,0.5,0,1,0,1,1,0,0.75,0.5,1,0,1,1,1,0,0,0,0.5,0,1,0,0,0,0.5,1,0,0,0.75,1,0.5,1,1,0
CZE,2016,0.4,0.25,0.55,0.25,0,0.5,0,0,1,0,0.5,0,1,0,1,1,0,0.25,0,0.5,0,0,1,0,0.5,0,1,0,1,1,0,0.75,0.5,1,0,1,1,1,0,0,0,0.5,0,1,0,0,0,0.5,1,0,0,0.75,1,0.5,1,1,0
CZE,2017,0.4,0.25,0.55,0.25,0,0.5,0,0,1,0,0.5,0,1,0,1,1,0,0.25,0,0.5,0,0,1,0,0.5,0,1,0,1,1,0,0.75,0.5,1,0,1,1,1,0,0,0,0.5,0,1,0,0,0,0.5,1,0,0,0.75,1,0.5,1,1,0
CZE,2018,0.4,0.25,0.55,0.25,0,0.5,0,0,1,0,0.5,0,1,0,1,1,0,0.25,0,0.5,0,0,1,0,0.5,0,1,0,1,1,0,0.75,0.5,1,0,1,1,1,0,0,0,0.5,0,1,0,0,0,0.5,1,0,0,0.75,1,0.5,1,1,0
CZE,2019,0.4,0.25,0.55,0.25,0,0.5,0,0,1,0,0.5,0,1,0,1,1,0,0.25,0,0.5,0,0,1,0,0.5,0,1,0,1,1,0,0.75,0.5,1,0,1,1,1,0,0,0,0.5,0,1,0,0,0,0.5,1,0,0,0.75,1,0.5,1,1,0
DEU,2015,0.3,0.1,0.5,0.25,0,0.5,0,0,1,0,0.25,0,0.5,0,0,1,0,0.25,0,0.5,0,0,1,0,0.25,0,0.5,0,0,1,0,0.25,0,0.5,0,0,1,0,0,0,0,0.5,0,1,0,0,0,1,1,1,0,0.25,0,0.5,1,0,0
DEU,2016,0.3,0.1,0.5,0.25,0,0.5,0,0,1,0,0.25,0,0.5,0,0,1,0,0.25,0,0.5,0,0,1,0,0.25,0,0.5,0,0,1,0,0.25,0,0.5,0,0,1,0,0,0,0,0.5,0,1,0,0,0,1,1,1,0,0.25,0,0.5,1,0,0
DEU,2017,0.3,0.1,0.5,0.25,0,0.5,0,0,1,0,0.25,0,0.5,0,0,1,0,0.25,0,0.5,0,0,1,0,0.25,0,0.5,0,0,1,0,0.25,0,0.5,0,0,1,0,0,0,0,0.5,0,1,0,0,0,1,1,1,0,0.25,0,0.5,1,0,0
DEU,2018,0.3,0.1,0.5,0.25,0,0.5,0,0,1,0,0.25,0,0.5,0,0,1,0,0.25,0,0.5,0,0,1,0,0.25,0,0.5,0,0,1,0,0.25,0,0.5,0,0,1,0,0,0,0,0.5,0,1,0,0,0,1,1,1,0,0.25,0,0.5,1,0,0
DEU,2019,0.3,0.1,0.5,0.25,0,0.5,0,0,1,0,0.25,0,0.5,0,0,1,0,0.25,0,0.5,0,0,1,0,0.25,0,0.5,0,0,1,0,0.25,0,0.5,0,0,1,0,0,0,0,0.5,0,1,0,0,0,1,1,1,0,0.25,0,0.5,1,0,0
DNK,2015,0.05,0.1,0,0,0,0,0,0,0,0,0,0,0,0,0,0,0,0,0,0,0,0,0,0,0,0,0,0,0,0,0,0,0,0,0,0,0,0,0,0,0,0,0,0,0,0,0,0,0,0,0,0.5,1,0,0,1,0
DNK,2016,0.05,0.1,0,0,0,0,0,0,0,0,0,0,0,0,0,0,0,0,0,0,0,0,0,0,0,0,0,0,0,0,0,0,0,0,0,0,0,0,0,0,0,0,0,0,0,0,0,0,0,0,0,0.5,1,0,0,1,0
DNK,2017,0.05,0.1,0,0,0,0,0,0,0,0,0,0,0,0,0,0,0,0,0,0,0,0,0,0,0,0,0,0,0,0,0,0,0,0,0,0,0,0,0,0,0,0,0,0,0,0,0,0,0,0,0,0.5,1,0,0,1,0
DNK,2018,0.05,0.1,0,0,0,0,0,0,0,0,0,0,0,0,0,0,0,0,0,0,0,0,0,0,0,0,0,0,0,0,0,0,0,0,0,0,0,0,0,0,0,0,0,0,0,0,0,0,0,0,0,0.5,1,0,0,1,0
DNK,2019,0.05,0.1,0,0,0,0,0,0,0,0,0,0,0,0,0,0,0,0,0,0,0,0,0,0,0,0,0,0,0,0,0,0,0,0,0,0,0,0,0,0,0,0,0,0,0,0,0,0,0,0,0,0.5,1,0,0,1,0
DOM,2015,0.25,0.1,0.4,0,0,0,0,0,0,0,0,0,0,0,0,0,0,0,0,0,0,0,0,0,0.25,0,0.5,0,1,0,0,0.25,0,0.5,0,1,0,0,0,0,0,0.5,0,1,1,1,1,0.5,0,1,0,0,0,0,0,0,0
DOM,2016,0.25,0.1,0.4,0,0,0,0,0,0,0,0,0,0,0,0,0,0,0,0,0,0,0,0,0,0.25,0,0.5,0,1,0,0,0.25,0,0.5,0,1,0,0,0,0,0,0.5,0,1,1,1,1,0.5,0,1,0,0,0,0,0,0,0
DOM,2017,0.325,0.25,0.4,0.25,0.5,0,0,0,0,1,0.25,0.5,0,0,0,0,1,0.25,0.5,0,0,0,0,1,0.25,0,0.5,0,1,0,0,0.25,0,0.5,0,1,0,0,0,0,0,0.5,0,1,1,1,1,0.5,0,1,0,0,0,0,0,0,0
DOM,2018,0.35,0.35,0.35,0.25,0.5,0,0,0,0,1,0.25,0.5,0,0,0,0,1,0.25,0.5,0,0,0,0,1,0.25,0.5,0,0,0,0,1,0.5,0.5,0.5,0,1,0,1,0,0,0,0.5,0,1,1,1,1,0.5,0,1,0,0,0,0,0,0,0
DOM,2019,0.375,0.35,0.4,0.25,0.5,0,0,0,0,1,0.25,0.5,0,0,0,0,1,0.25,0.5,0,0,0,0,1,0.5,0.5,0.5,0,1,0,1,0.5,0.5,0.5,0,1,0,1,0,0,0,0.5,0,1,1,1,1,0.5,0,1,0,0,0,0,0,0,0
DZA,2015,0.925,0.9,0.95,1,1,1,1,1,1,1,1,1,1,1,1,1,1,1,1,1,1,1,1,1,1,1,1,1,1,1,1,0.25,0,0.5,0,1,0,0,1,1,1,1,1,1,1,1,1,1,1,1,1,1,1,1,1,1,1
DZA,2016,0.925,0.9,0.95,1,1,1,1,1,1,1,1,1,1,1,1,1,1,1,1,1,1,1,1,1,1,1,1,1,1,1,1,0.25,0,0.5,0,1,0,0,1,1,1,1,1,1,1,1,1,1,1,1,1,1,1,1,1,1,1
DZA,2017,0.925,0.9,0.95,1,1,1,1,1,1,1,1,1,1,1,1,1,1,1,1,1,1,1,1,1,1,1,1,1,1,1,1,0.25,0,0.5,0,1,0,0,1,1,1,1,1,1,1,1,1,1,1,1,1,1,1,1,1,1,1
DZA,2018,0.825,0.7,0.95,1,1,1,1,1,1,1,1,1,1,1,1,1,1,1,1,1,1,1,1,1,1,1,1,1,1,1,1,0.25,0,0.5,0,1,0,0,0.5,0,1,1,1,1,0.5,0,1,1,1,1,0,1,1,1,1,1,1
DZA,2019,0.825,0.7,0.95,1,1,1,1,1,1,1,1,1,1,1,1,1,1,1,1,1,1,1,1,1,1,1,1,1,1,1,1,0.25,0,0.5,0,1,0,0,0.5,0,1,1,1,1,0.5,0,1,1,1,1,0,1,1,1,1,1,1
ECU,2015,0.525,0.05,1,0.5,0,1,0,1,1,0,0.5,0,1,0,1,1,0,0.5,0,1,0,1,1,0,0.75,0.5,1,1,1,1,0,0.5,0,1,0,1,1,0,0.5,0,1,0.5,0,1,0.5,0,1,0.5,0,1,0,0.5,0,1,1,0,1
ECU,2016,0.525,0.05,1,0.5,0,1,0,1,1,0,0.5,0,1,0,1,1,0,0.5,0,1,0,1,1,0,0.75,0.5,1,1,1,1,0,0.5,0,1,0,1,1,0,0.5,0,1,0.5,0,1,0.5,0,1,0.5,0,1,0,0.5,0,1,1,0,1
ECU,2017,0.525,0.05,1,0.5,0,1,0,1,1,0,0.5,0,1,0,1,1,0,0.5,0,1,0,1,1,0,0.75,0.5,1,1,1,1,0,0.5,0,1,0,1,1,0,0.5,0,1,0.5,0,1,0.5,0,1,0.5,0,1,0,0.5,0,1,1,0,1
ECU,2018,0.5,0,1,0.5,0,1,0,1,1,0,0.5,0,1,0,1,1,0,0.5,0,1,0,1,1,0,0.5,0,1,0,1,1,0,0.5,0,1,0,1,1,0,0.5,0,1,0.5,0,1,0.5,0,1,0.5,0,1,0,0.5,0,1,1,0,1
ECU,2019,0.5,0,1,0.5,0,1,0,1,1,0,0.5,0,1,0,1,1,0,0.5,0,1,0,1,1,0,0.5,0,1,0,1,1,0,0.5,0,1,0,1,1,0,0.5,0,1,0.5,0,1,0.5,0,1,0.5,0,1,0,0.5,0,1,1,0,1
EGY,2015,0.25,0.1,0.4,0.5,0,1,0,1,1,0,0.5,0,1,0,1,1,0,0.25,0,0.5,0,0,1,0,0.25,0,0.5,0,0,1,0,1,1,1,1,1,1,1,0,0,0,0,0,0,0,0,0,0,0,0,0,0,0,0,0,0,0
EGY,2016,0.25,0.1,0.4,0.5,0,1,0,1,1,0,0.5,0,1,0,1,1,0,0.25,0,0.5,0,0,1,0,0.25,0,0.5,0,0,1,0,1,1,1,1,1,1,1,0,0,0,0,0,0,0,0,0,0,0,0,0,0,0,0,0,0,0
EGY,2017,0.25,0.1,0.4,0.5,0,1,0,1,1,0,0.5,0,1,0,1,1,0,0.25,0,0.5,0,0,1,0,0.25,0,0.5,0,0,1,0,1,1,1,1,1,1,1,0,0,0,0,0,0,0,0,0,0,0,0,0,0,0,0,0,0,0
EGY,2018,0.25,0.1,0.4,0.5,0,1,0,1,1,0,0.5,0,1,0,1,1,0,0.25,0,0.5,0,0,1,0,0.25,0,0.5,0,0,1,0,1,1,1,1,1,1,1,0,0,0,0,0,0,0,0,0,0,0,0,0,0,0,0,0,0,0
EGY,2019,0.25,0.1,0.4,0.5,0,1,0,1,1,0,0.5,0,1,0,1,1,0,0.25,0,0.5,0,0,1,0,0.25,0,0.5,0,0,1,0,1,1,1,1,1,1,1,0,0,0,0,0,0,0,0,0,0,0,0,0,0,0,0,0,0,0
ESP,2015,0,0,0,0,0,0,0,0,0,0,0,0,0,0,0,0,0,0,0,0,0,0,0,0,0,0,0,0,0,0,0,0,0,0,0,0,0,0,0,0,0,0,0,0,0,0,0,0,0,0,0,0,0,0,0,0,0
ESP,2016,0,0,0,0,0,0,0,0,0,0,0,0,0,0,0,0,0,0,0,0,0,0,0,0,0,0,0,0,0,0,0,0,0,0,0,0,0,0,0,0,0,0,0,0,0,0,0,0,0,0,0,0,0,0,0,0,0
ESP,2017,0,0,0,0,0,0,0,0,0,0,0,0,0,0,0,0,0,0,0,0,0,0,0,0,0,0,0,0,0,0,0,0,0,0,0,0,0,0,0,0,0,0,0,0,0,0,0,0,0,0,0,0,0,0,0,0,0
ESP,2018,0,0,0,0,0,0,0,0,0,0,0,0,0,0,0,0,0,0,0,0,0,0,0,0,0,0,0,0,0,0,0,0,0,0,0,0,0,0,0,0,0,0,0,0,0,0,0,0,0,0,0,0,0,0,0,0,0
ESP,2019,0.15,0,0.3,0.25,0,0.5,0,0,1,0,0.25,0,0.5,0,0,1,0,0.25,0,0.5,0,0,1,0,0.25,0,0.5,0,0,1,0,0.25,0,0.5,0,0,1,0,0,0,0,0,0,0,0,0,0,0,0,0,0,0.25,0,0.5,1,0,0
ETH,2015,0.9,0.8,1,1,1,1,1,1,1,1,1,1,1,1,1,1,1,1,1,1,1,1,1,1,1,1,1,,,1,1,1,1,1,,,1,1,0.5,0,1,1,1,1,0.5,0,1,1,1,1,1,1,1,1,1,1,1
ETH,2016,0.9,0.8,1,1,1,1,1,1,1,1,1,1,1,1,1,1,1,1,1,1,1,1,1,1,1,1,1,,,1,1,1,1,1,,,1,1,0.5,0,1,1,1,1,0.5,0,1,1,1,1,1,1,1,1,1,1,1
ETH,2017,0.9,0.8,1,1,1,1,1,1,1,1,1,1,1,1,1,1,1,1,1,1,1,1,1,1,1,1,1,,,1,1,1,1,1,,,1,1,0.5,0,1,1,1,1,0.5,0,1,1,1,1,1,1,1,1,1,1,1
ETH,2018,0.9,0.8,1,1,1,1,1,1,1,1,1,1,1,1,1,1,1,1,1,1,1,1,1,1,1,1,1,,,1,1,1,1,1,,,1,1,0.5,0,1,1,1,1,0.5,0,1,1,1,1,1,1,1,1,1,1,1
ETH,2019,0.9,0.8,1,1,1,1,1,1,1,1,1,1,1,1,1,1,1,1,1,1,1,1,1,1,1,1,1,,,1,1,1,1,1,,,1,1,0.5,0,1,1,1,1,0.5,0,1,1,1,1,1,1,1,1,1,1,1
FIN,2015,0.125,0.25,0,0,0,0,0,0,0,0,0.25,0.5,0,0,0,0,1,0,0,0,0,0,0,0,0,0,0,0,0,0,0,0,0,0,0,0,0,0,0,0,0,0,0,0,0,0,0,0.5,1,0,0,0.5,1,0,0,1,0
FIN,2016,0.325,0.25,0.4,0.25,0,0.5,0,0,1,0,0.5,0.5,0.5,0,0,1,1,0.25,0,0.5,0,0,1,0,0.25,0,0.5,0,0,1,0,0.25,0,0.5,0,0,1,0,0,0,0,0.5,0,1,0,0,0,0.5,1,0,0,0.75,1,0.5,1,1,0
FIN,2017,0.325,0.25,0.4,0.25,0,0.5,0,0,1,0,0.5,0.5,0.5,0,0,1,1,0.25,0,0.5,0,0,1,0,0.25,0,0.5,0,0,1,0,0.25,0,0.5,0,0,1,0,0,0,0,0.5,0,1,0,0,0,0.5,1,0,0,0.75,1,0.5,1,1,0
FIN,2018,0.325,0.25,0.4,0.25,0,0.5,0,0,1,0,0.5,0.5,0.5,0,0,1,1,0.25,0,0.5,0,0,1,0,0.25,0,0.5,0,0,1,0,0.25,0,0.5,0,0,1,0,0,0,0,0.5,0,1,0,0,0,0.5,1,0,0,0.75,1,0.5,1,1,0
FIN,2019,0.325,0.25,0.4,0.25,0,0.5,0,0,1,0,0.5,0.5,0.5,0,0,1,1,0.25,0,0.5,0,0,1,0,0.25,0,0.5,0,0,1,0,0.25,0,0.5,0,0,1,0,0,0,0,0.5,0,1,0,0,0,0.5,1,0,0,0.75,1,0.5,1,1,0
FRA,2015,0.05,0,0.1,0,0,0,0,0,0,0,0,0,0,0,0,0,0,0.25,0,0.5,0,1,0,0,0.25,0,0.5,0,1,0,0,0,0,0,0,0,0,0,0,0,0,0,0,0,0,0,0,0,0,0,0,0,0,0,0,0,0
FRA,2016,0.05,0,0.1,0,0,0,0,0,0,0,0,0,0,0,0,0,0,0.25,0,0.5,0,1,0,0,0.25,0,0.5,0,1,0,0,0,0,0,0,0,0,0,0,0,0,0,0,0,0,0,0,0,0,0,0,0,0,0,0,0,0
FRA,2017,0.05,0,0.1,0,0,0,0,0,0,0,0,0,0,0,0,0,0,0.25,0,0.5,0,1,0,0,0.25,0,0.5,0,1,0,0,0,0,0,0,0,0,0,0,0,0,0,0,0,0,0,0,0,0,0,0,0,0,0,0,0,0
FRA,2018,0.05,0,0.1,0,0,0,0,0,0,0,0,0,0,0,0,0,0,0.25,0,0.5,0,1,0,0,0.25,0,0.5,0,1,0,0,0,0,0,0,0,0,0,0,0,0,0,0,0,0,0,0,0,0,0,0,0,0,0,0,0,0
FRA,2019,0.05,0,0.1,0,0,0,0,0,0,0,0,0,0,0,0,0,0,0.25,0,0.5,0,1,0,0,0.25,0,0.5,0,1,0,0,0,0,0,0,0,0,0,0,0,0,0,0,0,0,0,0,0,0,0,0,0,0,0,0,0,0
GBR,2015,0.05,0.1,0,0,0,0,0,0,0,0,0,0,0,0,0,0,0,0,0,0,0,0,0,0,0,0,0,0,0,0,0,0,0,0,0,0,0,0,0,0,0,0,0,0,0,0,0,0.5,1,0,0,0,0,0,0,0,0
GBR,2016,0.05,0.1,0,0,0,0,0,0,0,0,0,0,0,0,0,0,0,0,0,0,0,0,0,0,0,0,0,0,0,0,0,0,0,0,0,0,0,0,0,0,0,0,0,0,0,0,0,0.5,1,0,0,0,0,0,0,0,0
GBR,2017,0.05,0.1,0,0,0,0,0,0,0,0,0,0,0,0,0,0,0,0,0,0,0,0,0,0,0,0,0,0,0,0,0,0,0,0,0,0,0,0,0,0,0,0,0,0,0,0,0,0.5,1,0,0,0,0,0,0,0,0
GBR,2018,0.125,0.1,0.15,0.25,0,0.5,0,0,1,0,0,0,0,0,0,0,0,0.25,0,0.5,0,0,1,0,0.25,0,0.5,0,0,1,0,0,0,0,0,0,0,0,0,0,0,0,0,0,0,0,0,0.5,1,0,0,0,0,0,0,0,0
GBR,2019,0.125,0.1,0.15,0.25,0,0.5,0,0,1,0,0,0,0,0,0,0,0,0.25,0,0.5,0,0,1,0,0.25,0,0.5,0,0,1,0,0,0,0,0,0,0,0,0,0,0,0,0,0,0,0,0,0.5,1,0,0,0,0,0,0,0,0
GEO,2015,0.1,0.1,0.1,0.25,0,0.5,0,0,1,0,0.25,0,0.5,0,0,1,0,0,0,0,0,0,0,0,0,0,0,0,0,0,0,0,0,0,0,0,0,0,0,0,0,0,0,0,0,0,0,0,0,0,0,0.5,1,0,0,1,0
GEO,2016,0.05,0,0.1,0.25,0,0.5,0,0,1,0,0.25,0,0.5,0,0,1,0,0,0,0,0,0,0,0,0,0,0,0,0,0,0,0,0,0,0,0,0,0,0,0,0,0,0,0,0,0,0,0,0,0,0,0,0,0,0,0,0
GEO,2017,0.1,0.1,0.1,0.25,0,0.5,0,0,1,0,0.25,0,0.5,0,0,1,0,0,0,0,0,0,0,0,0,0,0,0,0,0,0,0,0,0,0,0,0,0,0,0,0,0,0,0,0,0,0,0,0,0,0,0.5,1,0,0,1,0
GEO,2018,0.1,0.1,0.1,0.25,0,0.5,0,0,1,0,0.25,0,0.5,0,0,1,0,0,0,0,0,0,0,0,0,0,0,0,0,0,0,0,0,0,0,0,0,0,0,0,0,0,0,0,0,0,0,0,0,0,0,0.5,1,0,0,1,0
GEO,2019,0.1,0.1,0.1,0.25,0,0.5,0,0,1,0,0.25,0,0.5,0,0,1,0,0,0,0,0,0,0,0,0,0,0,0,0,0,0,0,0,0,0,0,0,0,0,0,0,0,0,0,0,0,0,0,0,0,0,0.5,1,0,0,1,0
GHA,2015,0.325,0.4,0.25,0.5,0.5,0.5,1,1,0,0,0.5,0.5,0.5,1,1,0,0,0.5,0.5,0.5,1,1,0,0,0.5,0.5,0.5,1,1,0,0,0.25,0,0.5,0,1,0,0,0,0,0,0,0,0,0,0,0,0.5,1,0,0,0.5,1,0,0,1,0
GHA,2016,0.325,0.4,0.25,0.5,0.5,0.5,1,1,0,0,0.5,0.5,0.5,1,1,0,0,0.5,0.5,0.5,1,1,0,0,0.5,0.5,0.5,1,1,0,0,0.25,0,0.5,0,1,0,0,0,0,0,0,0,0,0,0,0,0.5,1,0,0,0.5,1,0,0,1,0
GHA,2017,0.325,0.4,0.25,0.5,0.5,0.5,1,1,0,0,0.5,0.5,0.5,1,1,0,0,0.5,0.5,0.5,1,1,0,0,0.5,0.5,0.5,1,1,0,0,0.25,0,0.5,0,1,0,0,0,0,0,0,0,0,0,0,0,0.5,1,0,0,0.5,1,0,0,1,0
GHA,2018,0.325,0.4,0.25,0.5,0.5,0.5,1,1,0,0,0.5,0.5,0.5,1,1,0,0,0.5,0.5,0.5,1,1,0,0,0.5,0.5,0.5,1,1,0,0,0.25,0,0.5,0,1,0,0,0,0,0,0,0,0,0,0,0,0.5,1,0,0,0.5,1,0,0,1,0
GHA,2019,0.325,0.4,0.25,0.5,0.5,0.5,1,1,0,0,0.5,0.5,0.5,1,1,0,0,0.5,0.5,0.5,1,1,0,0,0.5,0.5,0.5,1,1,0,0,0.25,0,0.5,0,1,0,0,0,0,0,0,0,0,0,0,0,0.5,1,0,0,0.5,1,0,0,1,0
GRC,2015,0.575,0.3,0.85,0.5,0,1,0,1,1,0,0.5,0,1,0,1,1,0,0.5,0,1,0,1,1,0,0.5,0,1,0,1,1,0,0.5,0,1,0,1,1,0,0,0,0,1,1,1,1,1,1,1,1,1,1,0.25,0,0.5,1,0,0
GRC,2016,0.675,0.5,0.85,0.5,0,1,0,1,1,0,0.75,0.5,1,1,1,1,0,0.75,0.5,1,1,1,1,0,0.75,0.5,1,1,1,1,0,0.75,0.5,1,1,1,1,0,0,0,0,1,1,1,1,1,1,1,1,1,1,0.25,0,0.5,1,0,0
GRC,2017,0.675,0.5,0.85,0.5,0,1,0,1,1,0,0.75,0.5,1,1,1,1,0,0.75,0.5,1,1,1,1,0,0.75,0.5,1,1,1,1,0,0.75,0.5,1,1,1,1,0,0,0,0,1,1,1,1,1,1,1,1,1,1,0.25,0,0.5,1,0,0
GRC,2018,0.675,0.5,0.85,0.5,0,1,0,1,1,0,0.75,0.5,1,1,1,1,0,0.75,0.5,1,1,1,1,0,0.75,0.5,1,1,1,1,0,0.75,0.5,1,1,1,1,0,0,0,0,1,1,1,1,1,1,1,1,1,1,0.25,0,0.5,1,0,0
GRC,2019,0.675,0.5,0.85,0.5,0,1,0,1,1,0,0.75,0.5,1,1,1,1,0,0.75,0.5,1,1,1,1,0,0.75,0.5,1,1,1,1,0,0.75,0.5,1,1,1,1,0,0,0,0,1,1,1,1,1,1,1,1,1,1,0.25,0,0.5,1,0,0
GTM,2015,0,0,0,0,0,0,0,0,0,0,0,0,0,0,0,0,0,0,0,0,0,0,0,0,0,0,0,0,0,0,0,0,0,0,0,0,0,0,0,0,0,0,0,0,0,0,0,0,0,0,0,0,0,0,0,0,0
GTM,2016,0.025,0,0.05,0,0,0,0,0,0,0,0.25,0,0.5,0,1,0,0,0,0,0,0,0,0,0,0,0,0,0,0,0,0,0,0,0,0,0,0,0,0,0,0,0,0,0,0,0,0,0,0,0,0,0,0,0,0,0,0
GTM,2017,0.05,0.05,0.05,0,0,0,0,0,0,0,0.5,0.5,0.5,0,1,0,1,0,0,0,0,0,0,0,0,0,0,0,0,0,0,0,0,0,0,0,0,0,0,0,0,0,0,0,0,0,0,0,0,0,0,0,0,0,0,0,0
GTM,2018,0.05,0.05,0.05,0,0,0,0,0,0,0,0.5,0.5,0.5,0,1,0,1,0,0,0,0,0,0,0,0,0,0,0,0,0,0,0,0,0,0,0,0,0,0,0,0,0,0,0,0,0,0,0,0,0,0,0,0,0,0,0,0
GTM,2019,0.05,0.05,0.05,0,0,0,0,0,0,0,0.5,0.5,0.5,0,1,0,1,0,0,0,0,0,0,0,0,0,0,0,0,0,0,0,0,0,0,0,0,0,0,0,0,0,0,0,0,0,0,0,0,0,0,0,0,0,0,0,0
HKG,2015,0.05,0.1,0,0,0,0,0,0,0,0,0,0,0,0,0,0,0,0,0,0,0,0,0,0,0,0,0,0,0,0,0,0,0,0,0,0,0,0,0,0,0,0,0,0,0,0,0,0,0,0,0,0.5,1,0,0,1,0
HKG,2016,0.05,0.1,0,0,0,0,0,0,0,0,0,0,0,0,0,0,0,0,0,0,0,0,0,0,0,0,0,0,0,0,0,0,0,0,0,0,0,0,0,0,0,0,0,0,0,0,0,0,0,0,0,0.5,1,0,0,1,0
HKG,2017,0.05,0.1,0,0,0,0,0,0,0,0,0,0,0,0,0,0,0,0,0,0,0,0,0,0,0,0,0,0,0,0,0,0,0,0,0,0,0,0,0,0,0,0,0,0,0,0,0,0,0,0,0,0.5,1,0,0,1,0
HKG,2018,0.05,0.1,0,0,0,0,0,0,0,0,0,0,0,0,0,0,0,0,0,0,0,0,0,0,0,0,0,0,0,0,0,0,0,0,0,0,0,0,0,0,0,0,0,0,0,0,0,0,0,0,0,0.5,1,0,0,1,0
HKG,2019,0.05,0.1,0,0,0,0,0,0,0,0,0,0,0,0,0,0,0,0,0,0,0,0,0,0,0,0,0,0,0,0,0,0,0,0,0,0,0,0,0,0,0,0,0,0,0,0,0,0,0,0,0,0.5,1,0,0,1,0
HUN,2015,0.075,0.1,0.05,0,0,0,0,0,0,0,0,0,0,0,0,0,0,0,0,0,0,0,0,0,0,0,0,0,0,0,0,0,0,0,0,0,0,0,0,0,0,0,0,0,0,0,0,0,0,0,0,0.75,1,0.5,1,1,0
HUN,2016,0.075,0.1,0.05,0,0,0,0,0,0,0,0,0,0,0,0,0,0,0,0,0,0,0,0,0,0,0,0,0,0,0,0,0,0,0,0,0,0,0,0,0,0,0,0,0,0,0,0,0,0,0,0,0.75,1,0.5,1,1,0
HUN,2017,0.075,0.1,0.05,0,0,0,0,0,0,0,0,0,0,0,0,0,0,0,0,0,0,0,0,0,0,0,0,0,0,0,0,0,0,0,0,0,0,0,0,0,0,0,0,0,0,0,0,0,0,0,0,0.75,1,0.5,1,1,0
HUN,2018,0.075,0.1,0.05,0,0,0,0,0,0,0,0,0,0,0,0,0,0,0,0,0,0,0,0,0,0,0,0,0,0,0,0,0,0,0,0,0,0,0,0,0,0,0,0,0,0,0,0,0,0,0,0,0.75,1,0.5,1,1,0
HUN,2019,0.075,0.1,0.05,0,0,0,0,0,0,0,0,0,0,0,0,0,0,0,0,0,0,0,0,0,0,0,0,0,0,0,0,0,0,0,0,0,0,0,0,0,0,0,0,0,0,0,0,0,0,0,0,0.75,1,0.5,1,1,0
IDN,2015,0.675,0.75,0.6,0.75,0.5,1,0,1,1,1,0.75,1,0.5,1,0,1,1,0.75,1,0.5,1,0,1,1,0.25,0.5,0,1,0,0,0,0.5,0.5,0.5,0,0,1,1,1,1,1,1,1,1,0.5,0,1,0.5,1,0,0,0.75,1,0.5,0,1,1
IDN,2016,0.675,0.75,0.6,0.75,0.5,1,0,1,1,1,0.75,1,0.5,1,0,1,1,0.75,1,0.5,1,0,1,1,0.25,0.5,0,1,0,0,0,0.5,0.5,0.5,0,0,1,1,1,1,1,1,1,1,0.5,0,1,0.5,1,0,0,0.75,1,0.5,0,1,1
IDN,2017,0.675,0.75,0.6,0.75,0.5,1,0,1,1,1,0.75,1,0.5,1,0,1,1,0.75,1,0.5,1,0,1,1,0.25,0.5,0,1,0,0,0,0.5,0.5,0.5,0,0,1,1,1,1,1,1,1,1,0.5,0,1,0.5,1,0,0,0.75,1,0.5,0,1,1
IDN,2018,0.7,0.75,0.65,0.75,0.5,1,0,1,1,1,0.75,1,0.5,1,0,1,1,1,1,1,1,1,1,1,0.25,0.5,0,1,0,0,0,0.5,0.5,0.5,0,0,1,1,1,1,1,1,1,1,0.5,0,1,0.5,1,0,0,0.75,1,0.5,0,1,1
IDN,2019,0.7,0.75,0.65,0.75,0.5,1,0,1,1,1,0.75,1,0.5,1,0,1,1,1,1,1,1,1,1,1,0.25,0.5,0,1,0,0,0,0.5,0.5,0.5,0,0,1,1,1,1,1,1,1,1,0.5,0,1,0.5,1,0,0,0.75,1,0.5,0,1,1
IND,2015,0.95,0.9,1,1,1,1,1,1,1,1,1,1,1,1,1,1,1,1,1,1,1,1,1,1,0.75,0.5,1,0,1,1,1,0.75,0.5,1,1,1,1,0,1,1,1,1,1,1,1,1,1,1,1,1,1,1,1,1,1,1,1
IND,2016,0.95,0.9,1,1,1,1,1,1,1,1,1,1,1,1,1,1,1,1,1,1,1,1,1,1,0.75,0.5,1,0,1,1,1,0.75,0.5,1,1,1,1,0,1,1,1,1,1,1,1,1,1,1,1,1,1,1,1,1,1,1,1
IND,2017,0.95,0.9,1,1,1,1,1,1,1,1,1,1,1,1,1,1,1,1,1,1,1,1,1,1,0.75,0.5,1,0,1,1,1,0.75,0.5,1,1,1,1,0,1,1,1,1,1,1,1,1,1,1,1,1,1,1,1,1,1,1,1
IND,2018,0.95,0.9,1,1,1,1,1,1,1,1,1,1,1,1,1,1,1,1,1,1,1,1,1,1,0.75,0.5,1,0,1,1,1,0.75,0.5,1,1,1,1,0,1,1,1,1,1,1,1,1,1,1,1,1,1,1,1,1,1,1,1
IND,2019,0.95,0.9,1,1,1,1,1,1,1,1,1,1,1,1,1,1,1,1,1,1,1,1,1,1,0.75,0.5,1,0,1,1,1,0.75,0.5,1,1,1,1,0,1,1,1,1,1,1,1,1,1,1,1,1,1,1,1,1,1,1,1
IRL,2015,0.05,0.1,0,0,0,0,0,0,0,0,0,0,0,0,0,0,0,0,0,0,0,0,0,0,0,0,0,0,0,0,0,0,0,0,0,0,0,0,0,0,0,0,0,0,0,0,0,0,0,0,0,0.5,1,0,0,1,0
IRL,2016,0.05,0.1,0,0,0,0,0,0,0,0,0,0,0,0,0,0,0,0,0,0,0,0,0,0,0,0,0,0,0,0,0,0,0,0,0,0,0,0,0,0,0,0,0,0,0,0,0,0,0,0,0,0.5,1,0,0,1,0
IRL,2017,0.05,0.1,0,0,0,0,0,0,0,0,0,0,0,0,0,0,0,0,0,0,0,0,0,0,0,0,0,0,0,0,0,0,0,0,0,0,0,0,0,0,0,0,0,0,0,0,0,0,0,0,0,0.5,1,0,0,1,0
IRL,2018,0.05,0.1,0,0,0,0,0,0,0,0,0,0,0,0,0,0,0,0,0,0,0,0,0,0,0,0,0,0,0,0,0,0,0,0,0,0,0,0,0,0,0,0,0,0,0,0,0,0,0,0,0,0.5,1,0,0,1,0
IRL,2019,0.05,0.1,0,0,0,0,0,0,0,0,0,0,0,0,0,0,0,0,0,0,0,0,0,0,0,0,0,0,0,0,0,0,0,0,0,0,0,0,0,0,0,0,0,0,0,0,0,0,0,0,0,0.5,1,0,0,1,0
IRN,2015,0.45,0.25,0.65,0.5,0.5,0.5,1,1,0,0,0.25,0,0.5,0,1,0,0,0.25,0,0.5,0,1,0,0,0.25,0,0.5,0,1,0,0,0.25,0,0.5,0,1,0,0,0.5,0,1,0.5,0,1,0.5,0,1,1,1,1,1,0.5,1,0,0,1,0
IRN,2016,0.45,0.25,0.65,0.5,0.5,0.5,1,1,0,0,0.25,0,0.5,0,1,0,0,0.25,0,0.5,0,1,0,0,0.25,0,0.5,0,1,0,0,0.25,0,0.5,0,1,0,0,0.5,0,1,0.5,0,1,0.5,0,1,1,1,1,1,0.5,1,0,0,1,0
IRN,2017,0.45,0.25,0.65,0.5,0.5,0.5,1,1,0,0,0.25,0,0.5,0,1,0,0,0.25,0,0.5,0,1,0,0,0.25,0,0.5,0,1,0,0,0.25,0,0.5,0,1,0,0,0.5,0,1,0.5,0,1,0.5,0,1,1,1,1,1,0.5,1,0,0,1,0
IRN,2018,0.45,0.25,0.65,0.5,0.5,0.5,1,1,0,0,0.25,0,0.5,0,1,0,0,0.25,0,0.5,0,1,0,0,0.25,0,0.5,0,1,0,0,0.25,0,0.5,0,1,0,0,0.5,0,1,0.5,0,1,0.5,0,1,1,1,1,1,0.5,1,0,0,1,0
IRN,2019,0.45,0.25,0.65,0.5,0.5,0.5,1,1,0,0,0.25,0,0.5,0,1,0,0,0.25,0,0.5,0,1,0,0,0.25,0,0.5,0,1,0,0,0.25,0,0.5,0,1,0,0,0.5,0,1,0.5,0,1,0.5,0,1,1,1,1,1,0.5,1,0,0,1,0
ISL,2015,0.9,0.9,0.9,1,1,1,1,1,1,1,1,1,1,1,1,1,1,1,1,1,1,1,1,1,1,1,1,1,1,1,1,1,1,1,1,1,1,1,0,0,0,1,1,1,1,1,1,1,1,1,1,1,1,1,1,1,1
ISL,2016,0.9,0.9,0.9,1,1,1,1,1,1,1,1,1,1,1,1,1,1,1,1,1,1,1,1,1,1,1,1,1,1,1,1,1,1,1,1,1,1,1,0,0,0,1,1,1,1,1,1,1,1,1,1,1,1,1,1,1,1
ISL,2017,0.85,0.9,0.8,1,1,1,1,1,1,1,1,1,1,1,1,1,1,1,1,1,1,1,1,1,1,1,1,1,1,1,1,1,1,1,1,1,1,1,0,0,0,1,1,1,1,1,1,1,1,1,1,0.5,1,0,0,1,0
ISL,2018,0.725,0.8,0.65,0.75,1,0.5,1,1,0,1,1,1,1,1,1,1,1,1,1,1,1,1,1,1,1,1,1,1,1,1,1,1,1,1,1,1,1,1,0,0,0,1,1,1,0,0,0,1,1,1,1,0.5,1,0,0,1,0
ISL,2019,0.2,0.25,0.15,0,0,0,0,0,0,0,0.5,0.5,0.5,1,1,0,0,0,0,0,0,0,0,0,0,0,0,0,0,0,0,1,1,1,1,1,1,1,0,0,0,0,0,0,0,0,0,0,0,0,0,0.5,1,0,0,1,0
ISR,2015,0.1,0.2,0,0,0,0,0,0,0,0,0,0,0,0,0,0,0,0,0,0,0,0,0,0,0,0,0,0,0,0,0,0,0,0,0,0,0,0,0,0,0,0,0,0,0,0,0,0.5,1,0,0,0.5,1,0,0,1,0
ISR,2016,0.1,0.2,0,0,0,0,0,0,0,0,0,0,0,0,0,0,0,0,0,0,0,0,0,0,0,0,0,0,0,0,0,0,0,0,0,0,0,0,0,0,0,0,0,0,0,0,0,0.5,1,0,0,0.5,1,0,0,1,0
ISR,2017,0.1,0.2,0,0,0,0,0,0,0,0,0,0,0,0,0,0,0,0,0,0,0,0,0,0,0,0,0,0,0,0,0,0,0,0,0,0,0,0,0,0,0,0,0,0,0,0,0,0.5,1,0,0,0.5,1,0,0,1,0
ISR,2018,0.1,0.2,0,0,0,0,0,0,0,0,0,0,0,0,0,0,0,0,0,0,0,0,0,0,0,0,0,0,0,0,0,0,0,0,0,0,0,0,0,0,0,0,0,0,0,0,0,0.5,1,0,0,0.5,1,0,0,1,0
ISR,2019,0.1,0.2,0,0,0,0,0,0,0,0,0,0,0,0,0,0,0,0,0,0,0,0,0,0,0,0,0,0,0,0,0,0,0,0,0,0,0,0,0,0,0,0,0,0,0,0,0,0.5,1,0,0,0.5,1,0,0,1,0
ITA,2015,0.025,0,0.05,0,0,0,0,0,0,0,0,0,0,0,0,0,0,0,0,0,0,0,0,0,0.25,0,0.5,0,1,0,0,0,0,0,0,0,0,0,0,0,0,0,0,0,0,0,0,0,0,0,0,0,0,0,0,0,0
ITA,2016,0.025,0,0.05,0,0,0,0,0,0,0,0,0,0,0,0,0,0,0,0,0,0,0,0,0,0.25,0,0.5,0,1,0,0,0,0,0,0,0,0,0,0,0,0,0,0,0,0,0,0,0,0,0,0,0,0,0,0,0,0
ITA,2017,0.025,0,0.05,0,0,0,0,0,0,0,0,0,0,0,0,0,0,0,0,0,0,0,0,0,0.25,0,0.5,0,1,0,0,0,0,0,0,0,0,0,0,0,0,0,0,0,0,0,0,0,0,0,0,0,0,0,0,0,0
ITA,2018,0.025,0,0.05,0,0,0,0,0,0,0,0,0,0,0,0,0,0,0,0,0,0,0,0,0,0.25,0,0.5,0,1,0,0,0,0,0,0,0,0,0,0,0,0,0,0,0,0,0,0,0,0,0,0,0,0,0,0,0,0
ITA,2019,0.025,0,0.05,0,0,0,0,0,0,0,0,0,0,0,0,0,0,0,0,0,0,0,0,0,0.25,0,0.5,0,1,0,0,0,0,0,0,0,0,0,0,0,0,0,0,0,0,0,0,0,0,0,0,0,0,0,0,0,0
JAM,2015,0.7,0.5,0.9,0.25,0,0.5,0,0,1,0,0.75,0.5,1,0,1,1,1,0.75,0.5,1,0,1,1,1,0.5,0.5,0.5,0,0,1,1,0.75,0.5,1,0,1,1,1,1,1,1,1,1,1,1,1,1,0.5,0,1,1,0.5,0,1,1,0,1
JAM,2016,0.725,0.55,0.9,0.5,0.5,0.5,1,0,1,0,0.75,0.5,1,0,1,1,1,0.75,0.5,1,0,1,1,1,0.5,0.5,0.5,0,0,1,1,0.75,0.5,1,0,1,1,1,1,1,1,1,1,1,1,1,1,0.5,0,1,1,0.5,0,1,1,0,1
JAM,2017,0.75,0.6,0.9,0.5,0.5,0.5,1,0,1,0,1,1,1,1,1,1,1,0.75,0.5,1,0,1,1,1,0.5,0.5,0.5,0,0,1,1,0.75,0.5,1,0,1,1,1,1,1,1,1,1,1,1,1,1,0.5,0,1,1,0.5,0,1,1,0,1
JAM,2018,0.75,0.6,0.9,0.5,0.5,0.5,1,0,1,0,1,1,1,1,1,1,1,0.75,0.5,1,0,1,1,1,0.5,0.5,0.5,0,0,1,1,0.75,0.5,1,0,1,1,1,1,1,1,1,1,1,1,1,1,0.5,0,1,1,0.5,0,1,1,0,1
JAM,2019,0.75,0.6,0.9,0.5,0.5,0.5,1,0,1,0,1,1,1,1,1,1,1,0.75,0.5,1,0,1,1,1,0.5,0.5,0.5,0,0,1,1,0.75,0.5,1,0,1,1,1,1,1,1,1,1,1,1,1,1,0.5,0,1,1,0.5,0,1,1,0,1
JPN,2015,0,0,0,0,0,0,0,0,0,0,0,0,0,0,0,0,0,0,0,0,0,0,0,0,0,0,0,0,0,0,0,0,0,0,0,0,0,0,0,0,0,0,0,0,0,0,0,0,0,0,0,0,0,0,0,0,0
JPN,2016,0,0,0,0,0,0,0,0,0,0,0,0,0,0,0,0,0,0,0,0,0,0,0,0,0,0,0,0,0,0,0,0,0,0,0,0,0,0,0,0,0,0,0,0,0,0,0,0,0,0,0,0,0,0,0,0,0
JPN,2017,0,0,0,0,0,0,0,0,0,0,0,0,0,0,0,0,0,0,0,0,0,0,0,0,0,0,0,0,0,0,0,0,0,0,0,0,0,0,0,0,0,0,0,0,0,0,0,0,0,0,0,0,0,0,0,0,0
JPN,2018,0,0,0,0,0,0,0,0,0,0,0,0,0,0,0,0,0,0,0,0,0,0,0,0,0,0,0,0,0,0,0,0,0,0,0,0,0,0,0,0,0,0,0,0,0,0,0,0,0,0,0,0,0,0,0,0,0
JPN,2019,0,0,0,0,0,0,0,0,0,0,0,0,0,0,0,0,0,0,0,0,0,0,0,0,0,0,0,0,0,0,0,0,0,0,0,0,0,0,0,0,0,0,0,0,0,0,0,0,0,0,0,0,0,0,0,0,0
KAZ,2015,0.325,0.2,0.45,0.75,0.5,1,0,1,1,1,0.75,0.5,1,0,1,1,1,0.75,0.5,1,0,1,1,1,0.75,0.5,1,0,1,1,1,0.25,0,0.5,0,1,0,0,0,0,0,0,0,0,0,0,0,0,0,0,0,0,0,0,0,0,0
KAZ,2016,0.25,0.05,0.45,0.75,0.5,1,0,1,1,1,0.5,0,1,0,1,1,0,0.5,0,1,0,1,1,0,0.5,0,1,0,1,1,0,0.25,0,0.5,0,1,0,0,0,0,0,0,0,0,0,0,0,0,0,0,0,0,0,0,0,0,0
KAZ,2017,0.325,0.2,0.45,0.75,0.5,1,0,1,1,1,0.75,0.5,1,0,1,1,1,0.75,0.5,1,0,1,1,1,0.75,0.5,1,0,1,1,1,0.25,0,0.5,0,1,0,0,0,0,0,0,0,0,0,0,0,0,0,0,0,0,0,0,0,0,0
KAZ,2018,0.1,0,0.2,0.25,0,0.5,0,0,1,0,0.25,0,0.5,0,0,1,0,0.25,0,0.5,0,0,1,0,0.25,0,0.5,0,0,1,0,0,0,0,0,0,0,0,0,0,0,0,0,0,0,0,0,0,0,0,0,0,0,0,0,0,0
KAZ,2019,0.075,0.1,0.05,0,0,0,0,0,0,0,0.5,0.5,0.5,0,1,0,1,0,0,0,0,0,0,0,0,0,0,0,0,0,0,0.25,0.5,0,0,0,0,1,0,0,0,0,0,0,0,0,0,0,0,0,0,0,0,0,0,0,0
KEN,2015,0.3,0.35,0.25,0.75,1,0.5,1,1,0,1,0.5,0.5,0.5,0,1,0,1,0.5,0.5,0.5,0,1,0,1,0.25,0,0.5,0,1,0,0,0.5,0.5,0.5,0,1,0,1,0,0,0,0,0,0,0,0,0,0,0,0,0,0.5,1,0,0,1,0
KEN,2016,0.3,0.35,0.25,0.75,1,0.5,1,1,0,1,0.5,0.5,0.5,0,1,0,1,0.5,0.5,0.5,0,1,0,1,0.25,0,0.5,0,1,0,0,0.5,0.5,0.5,0,1,0,1,0,0,0,0,0,0,0,0,0,0,0,0,0,0.5,1,0,0,1,0
KEN,2017,0.3,0.35,0.25,0.75,1,0.5,1,1,0,1,0.5,0.5,0.5,0,1,0,1,0.5,0.5,0.5,0,1,0,1,0.25,0,0.5,0,1,0,0,0.5,0.5,0.5,0,1,0,1,0,0,0,0,0,0,0,0,0,0,0,0,0,0.5,1,0,0,1,0
KEN,2018,0.3,0.35,0.25,0.75,1,0.5,1,1,0,1,0.5,0.5,0.5,0,1,0,1,0.5,0.5,0.5,0,1,0,1,0.25,0,0.5,0,1,0,0,0.5,0.5,0.5,0,1,0,1,0,0,0,0,0,0,0,0,0,0,0,0,0,0.5,1,0,0,1,0
KEN,2019,0.35,0.4,0.3,0.75,1,0.5,1,1,0,1,0.5,0.5,0.5,0,1,0,1,0.5,0.5,0.5,0,1,0,1,0.25,0,0.5,0,1,0,0,0.25,0,0.5,0,1,0,0,0,0,0,0,0,0,0,0,0,0.5,1,0,0,0.75,1,0.5,1,1,0
KGZ,2015,0.4278,0.5556,0.3,0.25,0,0.5,0,1,0,0,0.5,0.5,0.5,1,1,0,0,0.5,0.5,0.5,1,0,1,0,0.25,0,0.5,0,0,1,0,1,,1,,1,,,0.5,1,0,0.5,1,0,0,0,0,0.5,1,0,0,0.5,1,0,0,1,0
KGZ,2016,0.3889,0.5556,0.2222,0.25,0,0.5,0,1,0,0,0.5,0.5,0.5,1,1,0,0,0.5,0.5,0.5,1,0,1,0,0.25,0,0.5,0,0,1,0,,,,,,,,0.5,1,0,0.5,1,0,0,0,0,0.5,1,0,0,0.5,1,0,0,1,0
KGZ,2017,0.3889,0.5556,0.2222,0.25,0,0.5,0,1,0,0,0.5,0.5,0.5,1,1,0,0,0.5,0.5,0.5,1,0,1,0,0.25,0,0.5,0,0,1,0,,,,,,,,0.5,1,0,0.5,1,0,0,0,0,0.5,1,0,0,0.5,1,0,0,1,0
KGZ,2018,0.4444,0.5556,0.3333,0.5,0,1,0,1,1,0,0.75,0.5,1,1,1,1,0,0.5,0.5,0.5,1,0,1,0,0.25,0,0.5,0,0,1,0,,,,,,,,0.5,1,0,0.5,1,0,0,0,0,0.5,1,0,0,0.5,1,0,0,1,0
KGZ,2019,0.4444,0.5556,0.3333,0.5,0,1,0,1,1,0,0.75,0.5,1,1,1,1,0,0.5,0.5,0.5,1,0,1,0,0.25,0,0.5,0,0,1,0,,,,,,,,0.5,1,0,0.5,1,0,0,0,0,0.5,1,0,0,0.5,1,0,0,1,0
KOR,2015,0.15,0.15,0.15,0.25,0.5,0,1,0,0,0,0,0,0,0,0,0,0,0,0,0,0,0,0,0,0,0,0,0,0,0,0,0.25,0,0.5,0,0,1,0,0,0,0,0,0,0,0,0,0,1,1,1,0,0,0,0,0,0,0
KOR,2016,0.175,0.2,0.15,0.25,0.5,0,1,0,0,0,0,0,0,0,0,0,0,0,0,0,0,0,0,0,0,0,0,0,0,0,0,0.5,0.5,0.5,0,0,1,1,0,0,0,0,0,0,0,0,0,1,1,1,0,0,0,0,0,0,0
KOR,2017,0.175,0.2,0.15,0.25,0.5,0,1,0,0,0,0,0,0,0,0,0,0,0,0,0,0,0,0,0,0,0,0,0,0,0,0,0.5,0.5,0.5,0,0,1,1,0,0,0,0,0,0,0,0,0,1,1,1,0,0,0,0,0,0,0
KOR,2018,0.175,0.2,0.15,0.25,0.5,0,1,0,0,0,0,0,0,0,0,0,0,0,0,0,0,0,0,0,0,0,0,0,0,0,0,0.5,0.5,0.5,0,0,1,1,0,0,0,0,0,0,0,0,0,1,1,1,0,0,0,0,0,0,0
KOR,2019,0.175,0.2,0.15,0.25,0.5,0,1,0,0,0,0,0,0,0,0,0,0,0,0,0,0,0,0,0,0,0,0,0,0,0,0,0.5,0.5,0.5,0,0,1,1,0,0,0,0,0,0,0,0,0,1,1,1,0,0,0,0,0,0,0
KWT,2015,0.45,0.4,0.5,0.5,0.5,0.5,1,1,0,0,0.5,0.5,0.5,0,1,0,1,0.25,0,0.5,0,1,0,0,0.5,0.5,0.5,1,1,0,0,0.5,0.5,0.5,1,1,0,0,0.5,0,1,0.5,0,1,0,0,0,0.5,1,0,0,0.75,1,0.5,0,1,1
KWT,2016,0.45,0.4,0.5,0.5,0.5,0.5,1,1,0,0,0.5,0.5,0.5,0,1,0,1,0.25,0,0.5,0,1,0,0,0.5,0.5,0.5,1,1,0,0,0.5,0.5,0.5,1,1,0,0,0.5,0,1,0.5,0,1,0,0,0,0.5,1,0,0,0.75,1,0.5,0,1,1
KWT,2017,0.4,0.35,0.45,0.5,0.5,0.5,1,1,0,0,0.5,0.5,0.5,0,1,0,1,0.25,0,0.5,0,1,0,0,0,0,0,0,0,0,0,0.5,0.5,0.5,1,1,0,0,0.5,0,1,0.5,0,1,0,0,0,0.5,1,0,0,0.75,1,0.5,0,1,1
KWT,2018,0.4,0.35,0.45,0.5,0.5,0.5,1,1,0,0,0.5,0.5,0.5,0,1,0,1,0.25,0,0.5,0,1,0,0,0,0,0,0,0,0,0,0.5,0.5,0.5,1,1,0,0,0.5,0,1,0.5,0,1,0,0,0,0.5,1,0,0,0.75,1,0.5,0,1,1
KWT,2019,0.4,0.35,0.45,0.5,0.5,0.5,1,1,0,0,0.5,0.5,0.5,0,1,0,1,0.25,0,0.5,0,1,0,0,0,0,0,0,0,0,0,0.5,0.5,0.5,1,1,0,0,0.5,0,1,0.5,0,1,0,0,0,0.5,1,0,0,0.75,1,0.5,0,1,1
LBN,2015,0.8,0.65,0.95,1,1,1,1,1,1,1,1,1,1,1,1,1,1,1,1,1,1,1,1,1,0.5,0,1,0,1,1,0,0.75,0.5,1,0,1,1,1,0.5,0,1,1,1,1,1,1,1,0.5,0,1,0,0.75,1,0.5,1,1,0
LBN,2016,0.8,0.65,0.95,1,1,1,1,1,1,1,1,1,1,1,1,1,1,1,1,1,1,1,1,1,0.5,0,1,0,1,1,0,0.75,0.5,1,0,1,1,1,0.5,0,1,1,1,1,1,1,1,0.5,0,1,0,0.75,1,0.5,1,1,0
LBN,2017,0.8,0.65,0.95,1,1,1,1,1,1,1,1,1,1,1,1,1,1,1,1,1,1,1,1,1,0.5,0,1,0,1,1,0,0.75,0.5,1,0,1,1,1,0.5,0,1,1,1,1,1,1,1,0.5,0,1,0,0.75,1,0.5,1,1,0
LBN,2018,0.8,0.65,0.95,1,1,1,1,1,1,1,1,1,1,1,1,1,1,1,1,1,1,1,1,1,0.5,0,1,0,1,1,0,0.75,0.5,1,0,1,1,1,0.5,0,1,1,1,1,1,1,1,0.5,0,1,0,0.75,1,0.5,1,1,0
LBN,2019,0.825,0.7,0.95,1,1,1,1,1,1,1,1,1,1,1,1,1,1,1,1,1,1,1,1,1,0.75,0.5,1,1,1,1,0,0.75,0.5,1,0,1,1,1,0.5,0,1,1,1,1,1,1,1,0.5,0,1,0,0.75,1,0.5,1,1,0
LKA,2015,1,1,1,1,1,1,1,1,1,1,1,1,1,1,1,1,1,1,1,1,1,1,1,1,1,1,1,1,1,1,1,1,1,1,1,1,1,1,1,1,1,1,1,1,1,1,1,1,1,1,1,1,1,1,1,1,1
LKA,2016,0.95,1,0.9,1,1,1,1,1,1,1,1,1,1,1,1,1,1,1,1,1,1,1,1,1,0.75,1,0.5,1,1,0,1,1,1,1,1,1,1,1,1,1,1,1,1,1,1,1,1,1,1,1,1,0.75,1,0.5,0,1,1
LKA,2017,0.95,1,0.9,1,1,1,1,1,1,1,1,1,1,1,1,1,1,1,1,1,1,1,1,1,0.75,1,0.5,1,1,0,1,1,1,1,1,1,1,1,1,1,1,1,1,1,1,1,1,1,1,1,1,0.75,1,0.5,0,1,1
LKA,2018,0.95,1,0.9,1,1,1,1,1,1,1,1,1,1,1,1,1,1,1,1,1,1,1,1,1,0.75,1,0.5,1,1,0,1,1,1,1,1,1,1,1,1,1,1,1,1,1,1,1,1,1,1,1,1,0.75,1,0.5,0,1,1
LKA,2019,0.95,1,0.9,1,1,1,1,1,1,1,1,1,1,1,1,1,1,1,1,1,1,1,1,1,0.75,1,0.5,1,1,0,1,1,1,1,1,1,1,1,1,1,1,1,1,1,1,1,1,1,1,1,1,0.75,1,0.5,0,1,1
LVA,2015,0.05,0.1,0,0,0,0,0,0,0,0,0,0,0,0,0,0,0,0,0,0,0,0,0,0,0,0,0,0,0,0,0,0,0,0,0,0,0,0,0,0,0,0,0,0,0,0,0,0,0,0,0,0.5,1,0,0,1,0
LVA,2016,0.05,0.1,0,0,0,0,0,0,0,0,0,0,0,0,0,0,0,0,0,0,0,0,0,0,0,0,0,0,0,0,0,0,0,0,0,0,0,0,0,0,0,0,0,0,0,0,0,0,0,0,0,0.5,1,0,0,1,0
LVA,2017,0.05,0.1,0,0,0,0,0,0,0,0,0,0,0,0,0,0,0,0,0,0,0,0,0,0,0,0,0,0,0,0,0,0,0,0,0,0,0,0,0,0,0,0,0,0,0,0,0,0,0,0,0,0.5,1,0,0,1,0
LVA,2018,0.05,0.1,0,0,0,0,0,0,0,0,0,0,0,0,0,0,0,0,0,0,0,0,0,0,0,0,0,0,0,0,0,0,0,0,0,0,0,0,0,0,0,0,0,0,0,0,0,0,0,0,0,0.5,1,0,0,1,0
LVA,2019,0.05,0.1,0,0,0,0,0,0,0,0,0,0,0,0,0,0,0,0,0,0,0,0,0,0,0,0,0,0,0,0,0,0,0,0,0,0,0,0,0,0,0,0,0,0,0,0,0,0,0,0,0,0.5,1,0,0,1,0
MAR,2015,0.775,0.6,0.95,0.75,0.5,1,0,1,1,1,0.75,0.5,1,0,1,1,1,0.75,0.5,1,0,1,1,1,0.75,0.5,1,0,1,1,1,1,1,1,1,1,1,1,0.5,0,1,1,1,1,1,1,1,0.5,0,1,0,0.75,1,0.5,1,1,0
MAR,2016,0.775,0.6,0.95,0.75,0.5,1,0,1,1,1,0.75,0.5,1,0,1,1,1,0.75,0.5,1,0,1,1,1,0.75,0.5,1,0,1,1,1,1,1,1,1,1,1,1,0.5,0,1,1,1,1,1,1,1,0.5,0,1,0,0.75,1,0.5,1,1,0
MAR,2017,0.775,0.6,0.95,0.75,0.5,1,0,1,1,1,0.75,0.5,1,0,1,1,1,0.75,0.5,1,0,1,1,1,0.75,0.5,1,0,1,1,1,1,1,1,1,1,1,1,0.5,0,1,1,1,1,1,1,1,0.5,0,1,0,0.75,1,0.5,1,1,0
MAR,2018,0.775,0.6,0.95,0.75,0.5,1,0,1,1,1,0.75,0.5,1,0,1,1,1,0.75,0.5,1,0,1,1,1,0.75,0.5,1,0,1,1,1,1,1,1,1,1,1,1,0.5,0,1,1,1,1,1,1,1,0.5,0,1,0,0.75,1,0.5,1,1,0
MAR,2019,0.775,0.6,0.95,0.75,0.5,1,0,1,1,1,0.75,0.5,1,0,1,1,1,0.75,0.5,1,0,1,1,1,0.75,0.5,1,0,1,1,1,1,1,1,1,1,1,1,0.5,0,1,1,1,1,1,1,1,0.5,0,1,0,0.75,1,0.5,1,1,0
MDA,2015,0.65,0.45,0.85,1,1,1,1,1,1,1,1,1,1,1,1,1,1,0.75,0.5,1,1,1,1,0,0.5,0,1,0,1,1,0,1,1,1,1,1,1,1,0.5,0,1,0.5,0,1,0.5,0,1,0,0,0,0,0.75,1,0.5,0,1,1
MDA,2016,0.65,0.45,0.85,1,1,1,1,1,1,1,1,1,1,1,1,1,1,0.75,0.5,1,1,1,1,0,0.5,0,1,0,1,1,0,1,1,1,1,1,1,1,0.5,0,1,0.5,0,1,0.5,0,1,0,0,0,0,0.75,1,0.5,0,1,1
MDA,2017,0.65,0.45,0.85,1,1,1,1,1,1,1,1,1,1,1,1,1,1,0.75,0.5,1,1,1,1,0,0.5,0,1,0,1,1,0,1,1,1,1,1,1,1,0.5,0,1,0.5,0,1,0.5,0,1,0,0,0,0,0.75,1,0.5,0,1,1
MDA,2018,0.65,0.45,0.85,1,1,1,1,1,1,1,1,1,1,1,1,1,1,0.75,0.5,1,1,1,1,0,0.5,0,1,0,1,1,0,1,1,1,1,1,1,1,0.5,0,1,0.5,0,1,0.5,0,1,0,0,0,0,0.75,1,0.5,0,1,1
MDA,2019,0.65,0.45,0.85,1,1,1,1,1,1,1,1,1,1,1,1,1,1,0.75,0.5,1,1,1,1,0,0.5,0,1,0,1,1,0,1,1,1,1,1,1,1,0.5,0,1,0.5,0,1,0.5,0,1,0,0,0,0,0.75,1,0.5,0,1,1
MEX,2015,0.625,0.65,0.6,0.75,0.5,1,1,1,1,0,0.75,0.5,1,1,1,1,0,0.75,0.5,1,1,1,1,0,0.75,0.5,1,1,1,1,0,0.5,0.5,0.5,0,0,1,1,0,0,0,1,1,1,0.5,1,0,0.5,1,0,0,0.75,1,0.5,1,1,0
MEX,2016,0.625,0.65,0.6,0.75,0.5,1,1,1,1,0,0.75,0.5,1,1,1,1,0,0.75,0.5,1,1,1,1,0,0.75,0.5,1,1,1,1,0,0.5,0.5,0.5,0,0,1,1,0,0,0,1,1,1,0.5,1,0,0.5,1,0,0,0.75,1,0.5,1,1,0
MEX,2017,0.625,0.65,0.6,0.75,0.5,1,1,1,1,0,0.75,0.5,1,1,1,1,0,0.75,0.5,1,1,1,1,0,0.75,0.5,1,1,1,1,0,0.5,0.5,0.5,0,0,1,1,0,0,0,1,1,1,0.5,1,0,0.5,1,0,0,0.75,1,0.5,1,1,0
MEX,2018,0.625,0.65,0.6,0.75,0.5,1,1,1,1,0,0.75,0.5,1,1,1,1,0,0.75,0.5,1,1,1,1,0,0.75,0.5,1,1,1,1,0,0.5,0.5,0.5,0,0,1,1,0,0,0,1,1,1,0.5,1,0,0.5,1,0,0,0.75,1,0.5,1,1,0
MEX,2019,0.625,0.65,0.6,0.75,0.5,1,1,1,1,0,0.75,0.5,1,1,1,1,0,0.75,0.5,1,1,1,1,0,0.75,0.5,1,1,1,1,0,0.5,0.5,0.5,0,0,1,1,0,0,0,1,1,1,0.5,1,0,0.5,1,0,0,0.75,1,0.5,1,1,0
MLT,2015,0.075,0.1,0.05,0,0,0,0,0,0,0,0,0,0,0,0,0,0,0,0,0,0,0,0,0,0,0,0,0,0,0,0,0,0,0,0,0,0,0,0,0,0,0,0,0,0,0,0,0,0,0,0,0.75,1,0.5,0,1,1
MLT,2016,0.075,0.1,0.05,0,0,0,0,0,0,0,0,0,0,0,0,0,0,0,0,0,0,0,0,0,0,0,0,0,0,0,0,0,0,0,0,0,0,0,0,0,0,0,0,0,0,0,0,0,0,0,0,0.75,1,0.5,0,1,1
MLT,2017,0.075,0.1,0.05,0,0,0,0,0,0,0,0,0,0,0,0,0,0,0,0,0,0,0,0,0,0,0,0,0,0,0,0,0,0,0,0,0,0,0,0,0,0,0,0,0,0,0,0,0,0,0,0,0.75,1,0.5,0,1,1
MLT,2018,0.075,0.1,0.05,0,0,0,0,0,0,0,0,0,0,0,0,0,0,0,0,0,0,0,0,0,0,0,0,0,0,0,0,0,0,0,0,0,0,0,0,0,0,0,0,0,0,0,0,0,0,0,0,0.75,1,0.5,0,1,1
MLT,2019,0.175,0.2,0.15,1,1,1,1,1,1,1,0,0,0,0,0,0,0,0,0,0,0,0,0,0,0,0,0,0,0,0,0,0,0,0,0,0,0,0,0,0,0,0,0,0,0,0,0,0,0,0,0,0.75,1,0.5,0,1,1
MMR,2015,0.9,0.9,0.9,1,1,1,1,1,1,1,1,1,1,1,,1,1,1,1,1,1,1,1,1,1,1,1,,1,1,1,0,0,0,0,0,0,0,1,1,1,1,1,1,1,1,1,1,1,1,1,1,1,1,1,1,1
MMR,2016,0.9,0.9,0.9,1,1,1,1,1,1,1,1,1,1,1,,1,1,1,1,1,1,1,1,1,1,1,1,,1,1,1,0,0,0,0,0,0,0,1,1,1,1,1,1,1,1,1,1,1,1,1,1,1,1,1,1,1
MMR,2017,0.9,0.9,0.9,1,1,1,1,1,1,1,1,1,1,1,,1,1,1,1,1,1,1,1,1,1,1,1,,1,1,1,0,0,0,0,0,0,0,1,1,1,1,1,1,1,1,1,1,1,1,1,1,1,1,1,1,1
MMR,2018,0.9,0.9,0.9,1,1,1,1,1,1,1,1,1,1,1,,1,1,1,1,1,1,1,1,1,1,1,1,,1,1,1,0,0,0,0,0,0,0,1,1,1,1,1,1,1,1,1,1,1,1,1,1,1,1,1,1,1
MMR,2019,0.9,0.9,0.9,1,1,1,1,1,1,1,1,1,1,1,,1,1,1,1,1,1,1,1,1,1,1,1,,1,1,1,0,0,0,0,0,0,0,1,1,1,1,1,1,1,1,1,1,1,1,1,1,1,1,1,1,1
MUS,2015,0.125,0.25,0,0.25,0.5,0,1,0,0,0,0,0,0,0,0,0,0,0,0,0,0,0,0,0,0,0,0,0,0,0,0,0,0,0,0,0,0,0,0,0,0,0,0,0,0,0,0,0.5,1,0,0,0.5,1,0,0,1,0
MUS,2016,0.125,0.25,0,0.25,0.5,0,1,0,0,0,0,0,0,0,0,0,0,0,0,0,0,0,0,0,0,0,0,0,0,0,0,0,0,0,0,0,0,0,0,0,0,0,0,0,0,0,0,0.5,1,0,0,0.5,1,0,0,1,0
MUS,2017,0.125,0.25,0,0.25,0.5,0,1,0,0,0,0,0,0,0,0,0,0,0,0,0,0,0,0,0,0,0,0,0,0,0,0,0,0,0,0,0,0,0,0,0,0,0,0,0,0,0,0,0.5,1,0,0,0.5,1,0,0,1,0
MUS,2018,0.125,0.25,0,0.25,0.5,0,1,0,0,0,0,0,0,0,0,0,0,0,0,0,0,0,0,0,0,0,0,0,0,0,0,0,0,0,0,0,0,0,0,0,0,0,0,0,0,0,0,0.5,1,0,0,0.5,1,0,0,1,0
MUS,2019,0.125,0.25,0,0.25,0.5,0,1,0,0,0,0,0,0,0,0,0,0,0,0,0,0,0,0,0,0,0,0,0,0,0,0,0,0,0,0,0,0,0,0,0,0,0,0,0,0,0,0,0.5,1,0,0,0.5,1,0,0,1,0
MYS,2015,0.875,0.8,0.95,0.75,0.5,1,0,1,1,1,0.75,0.5,1,0,1,1,1,0.75,0.5,1,0,1,1,1,0.75,0.5,1,0,1,1,1,1,1,1,1,1,1,1,1,1,1,1,1,1,1,1,1,1,1,1,0,0.75,1,0.5,1,1,0
MYS,2016,0.875,0.8,0.95,0.75,0.5,1,0,1,1,1,0.75,0.5,1,0,1,1,1,0.75,0.5,1,0,1,1,1,0.75,0.5,1,0,1,1,1,1,1,1,1,1,1,1,1,1,1,1,1,1,1,1,1,1,1,1,0,0.75,1,0.5,1,1,0
MYS,2017,0.875,0.8,0.95,0.75,0.5,1,0,1,1,1,0.75,0.5,1,0,1,1,1,0.75,0.5,1,0,1,1,1,0.75,0.5,1,0,1,1,1,1,1,1,1,1,1,1,1,1,1,1,1,1,1,1,1,1,1,1,0,0.75,1,0.5,1,1,0
MYS,2018,0.875,0.8,0.95,0.75,0.5,1,0,1,1,1,0.75,0.5,1,0,1,1,1,0.75,0.5,1,0,1,1,1,0.75,0.5,1,0,1,1,1,1,1,1,1,1,1,1,1,1,1,1,1,1,1,1,1,1,1,1,0,0.75,1,0.5,1,1,0
MYS,2019,0.875,0.8,0.95,0.75,0.5,1,0,1,1,1,0.75,0.5,1,0,1,1,1,0.75,0.5,1,0,1,1,1,0.75,0.5,1,0,1,1,1,1,1,1,1,1,1,1,1,1,1,1,1,1,1,1,1,1,1,1,0,0.75,1,0.5,1,1,0
NGA,2015,0.2,0.15,0.25,0.25,0,0.5,0,0,1,0,0.25,0,0.5,0,0,1,0,0.5,0.5,0.5,1,0,1,0,0,0,0,0,0,0,0,0,0,0,0,0,0,0,1,1,1,0,0,0,0,0,0,0,0,0,0,0,0,0,0,0,0
NGA,2016,0.2,0.15,0.25,0.25,0,0.5,0,0,1,0,0.25,0,0.5,0,0,1,0,0.5,0.5,0.5,1,0,1,0,0,0,0,0,0,0,0,0,0,0,0,0,0,0,1,1,1,0,0,0,0,0,0,0,0,0,0,0,0,0,0,0,0
NGA,2017,0.2,0.15,0.25,0.25,0,0.5,0,0,1,0,0.25,0,0.5,0,0,1,0,0.5,0.5,0.5,1,0,1,0,0,0,0,0,0,0,0,0,0,0,0,0,0,0,1,1,1,0,0,0,0,0,0,0,0,0,0,0,0,0,0,0,0
NGA,2018,0.2,0.15,0.25,0.25,0,0.5,0,0,1,0,0.25,0,0.5,0,0,1,0,0.5,0.5,0.5,1,0,1,0,0,0,0,0,0,0,0,0,0,0,0,0,0,0,1,1,1,0,0,0,0,0,0,0,0,0,0,0,0,0,0,0,0
NGA,2019,0.25,0.15,0.35,0.25,0,0.5,0,0,1,0,0.25,0,0.5,0,0,1,0,0.5,0.5,0.5,1,0,1,0,0,0,0,0,0,0,0,0,0,0,0,0,0,0,1,1,1,0,0,0,0,0,0,0.5,0,1,0,0,0,0,0,0,0
NIC,2015,0.1,0.2,0,0,0,0,0,0,0,0,0,0,0,0,0,0,0,0,0,0,0,0,0,0,0,0,0,0,0,0,0,0,0,0,0,0,0,0,0.5,1,0,0.5,1,0,0,0,0,0,0,0,0,0,0,0,0,0,0
NIC,2016,0.1,0.2,0,0,0,0,0,0,0,0,0,0,0,0,0,0,0,0,0,0,0,0,0,0,0,0,0,0,0,0,0,0,0,0,0,0,0,0,0.5,1,0,0.5,1,0,0,0,0,0,0,0,0,0,0,0,0,0,0
NIC,2017,0.1,0.2,0,0,0,0,0,0,0,0,0,0,0,0,0,0,0,0,0,0,0,0,0,0,0,0,0,0,0,0,0,0,0,0,0,0,0,0,0.5,1,0,0.5,1,0,0,0,0,0,0,0,0,0,0,0,0,0,0
NIC,2018,0.1,0.2,0,0,0,0,0,0,0,0,0,0,0,0,0,0,0,0,0,0,0,0,0,0,0,0,0,0,0,0,0,0,0,0,0,0,0,0,0.5,1,0,0.5,1,0,0,0,0,0,0,0,0,0,0,0,0,0,0
NIC,2019,0.1,0.2,0,0,0,0,0,0,0,0,0,0,0,0,0,0,0,0,0,0,0,0,0,0,0,0,0,0,0,0,0,0,0,0,0,0,0,0,0.5,1,0,0.5,1,0,0,0,0,0,0,0,0,0,0,0,0,0,0
NLD,2015,0,0,0,0,0,0,0,0,0,0,0,0,0,0,0,0,0,0,0,0,0,0,0,0,0,0,0,0,0,0,0,0,0,0,0,0,0,0,0,0,0,0,0,0,0,0,0,0,0,0,0,0,0,0,0,0,0
NLD,2016,0,0,0,0,0,0,0,0,0,0,0,0,0,0,0,0,0,0,0,0,0,0,0,0,0,0,0,0,0,0,0,0,0,0,0,0,0,0,0,0,0,0,0,0,0,0,0,0,0,0,0,0,0,0,0,0,0
NLD,2017,0,0,0,0,0,0,0,0,0,0,0,0,0,0,0,0,0,0,0,0,0,0,0,0,0,0,0,0,0,0,0,0,0,0,0,0,0,0,0,0,0,0,0,0,0,0,0,0,0,0,0,0,0,0,0,0,0
NLD,2018,0,0,0,0,0,0,0,0,0,0,0,0,0,0,0,0,0,0,0,0,0,0,0,0,0,0,0,0,0,0,0,0,0,0,0,0,0,0,0,0,0,0,0,0,0,0,0,0,0,0,0,0,0,0,0,0,0
NLD,2019,0,0,0,0,0,0,0,0,0,0,0,0,0,0,0,0,0,0,0,0,0,0,0,0,0,0,0,0,0,0,0,0,0,0,0,0,0,0,0,0,0,0,0,0,0,0,0,0,0,0,0,0,0,0,0,0,0
NOR,2015,0.075,0.1,0.05,0,0,0,0,0,0,0,0,0,0,0,0,0,0,0,0,0,0,0,0,0,0,0,0,0,0,0,0,0.25,0,0.5,0,0,1,0,0,0,0,0,0,0,0,0,0,0,0,0,0,0.5,1,0,0,1,0
NOR,2016,0.075,0.1,0.05,0,0,0,0,0,0,0,0,0,0,0,0,0,0,0,0,0,0,0,0,0,0,0,0,0,0,0,0,0.25,0,0.5,0,0,1,0,0,0,0,0,0,0,0,0,0,0,0,0,0,0.5,1,0,0,1,0
NOR,2017,0.075,0.1,0.05,0,0,0,0,0,0,0,0,0,0,0,0,0,0,0,0,0,0,0,0,0,0,0,0,0,0,0,0,0.25,0,0.5,0,0,1,0,0,0,0,0,0,0,0,0,0,0,0,0,0,0.5,1,0,0,1,0
NOR,2018,0.075,0.1,0.05,0,0,0,0,0,0,0,0,0,0,0,0,0,0,0,0,0,0,0,0,0,0,0,0,0,0,0,0,0.25,0,0.5,0,0,1,0,0,0,0,0,0,0,0,0,0,0,0,0,0,0.5,1,0,0,1,0
NOR,2019,0.075,0.1,0.05,0,0,0,0,0,0,0,0,0,0,0,0,0,0,0,0,0,0,0,0,0,0,0,0,0,0,0,0,0.25,0,0.5,0,0,1,0,0,0,0,0,0,0,0,0,0,0,0,0,0,0.5,1,0,0,1,0
NZL,2015,0.1,0.2,0,0,0,0,0,0,0,0,0,0,0,0,0,0,0,0,0,0,0,0,0,0,0,0,0,0,0,0,0,0,0,0,0,0,0,0,0,0,0,0,0,0,0,0,0,0.5,1,0,0,0.5,1,0,0,1,0
NZL,2016,0.1,0.2,0,0,0,0,0,0,0,0,0,0,0,0,0,0,0,0,0,0,0,0,0,0,0,0,0,0,0,0,0,0,0,0,0,0,0,0,0,0,0,0,0,0,0,0,0,0.5,1,0,0,0.5,1,0,0,1,0
NZL,2017,0.1,0.2,0,0,0,0,0,0,0,0,0,0,0,0,0,0,0,0,0,0,0,0,0,0,0,0,0,0,0,0,0,0,0,0,0,0,0,0,0,0,0,0,0,0,0,0,0,0.5,1,0,0,0.5,1,0,0,1,0
NZL,2018,0.1,0.2,0,0,0,0,0,0,0,0,0,0,0,0,0,0,0,0,0,0,0,0,0,0,0,0,0,0,0,0,0,0,0,0,0,0,0,0,0,0,0,0,0,0,0,0,0,0.5,1,0,0,0.5,1,0,0,1,0
NZL,2019,0.1,0.2,0,0,0,0,0,0,0,0,0,0,0,0,0,0,0,0,0,0,0,0,0,0,0,0,0,0,0,0,0,0,0,0,0,0,0,0,0,0,0,0,0,0,0,0,0,0.5,1,0,0,0.5,1,0,0,1,0
OMN,2015,0.175,0.3,0.05,0.25,0.5,0,1,0,0,0,0,0,0,0,0,0,0,0,0,0,0,0,0,0,0,0,0,0,0,0,0,0.5,0.5,0.5,1,1,0,0,0,0,0,0,0,0,0,0,0,0.5,1,0,0,0.5,1,0,0,1,0
OMN,2016,0.2,0.3,0.1,0.25,0.5,0,1,0,0,0,0,0,0,0,0,0,0,0,0,0,0,0,0,0,0,0,0,0,0,0,0,0.75,0.5,1,1,1,1,0,0,0,0,0,0,0,0,0,0,0.5,1,0,0,0.5,1,0,0,1,0
OMN,2017,0.2,0.3,0.1,0.25,0.5,0,1,0,0,0,0,0,0,0,0,0,0,0,0,0,0,0,0,0,0,0,0,0,0,0,0,0.75,0.5,1,1,1,1,0,0,0,0,0,0,0,0,0,0,0.5,1,0,0,0.5,1,0,0,1,0
OMN,2018,0.2,0.3,0.1,0.25,0.5,0,1,0,0,0,0,0,0,0,0,0,0,0,0,0,0,0,0,0,0,0,0,0,0,0,0,0.75,0.5,1,1,1,1,0,0,0,0,0,0,0,0,0,0,0.5,1,0,0,0.5,1,0,0,1,0
OMN,2019,0.225,0.3,0.15,0.25,0.5,0,1,0,0,0,0,0,0,0,0,0,0,0,0,0,0,0,0,0,0,0,0,0,0,0,0,0.75,0.5,1,1,1,1,0,0,0,0,0,0,0,0,0,0,0.5,1,0,0,0.75,1,0.5,0,1,1
PAK,2015,0.7,0.55,0.85,1,1,1,1,1,1,1,0.75,0.5,1,0,1,1,1,0.75,0.5,1,0,1,1,1,0.75,0.5,1,0,1,1,1,1,1,1,1,1,1,1,0.5,0,1,0.5,0,1,0.5,1,0,1,1,1,0,0.25,0,0.5,1,0,0
PAK,2016,0.7,0.55,0.85,1,1,1,1,1,1,1,0.75,0.5,1,0,1,1,1,0.75,0.5,1,0,1,1,1,0.75,0.5,1,0,1,1,1,1,1,1,1,1,1,1,0.5,0,1,0.5,0,1,0.5,1,0,1,1,1,0,0.25,0,0.5,1,0,0
PAK,2017,0.7,0.55,0.85,1,1,1,1,1,1,1,0.75,0.5,1,0,1,1,1,0.75,0.5,1,0,1,1,1,0.75,0.5,1,0,1,1,1,1,1,1,1,1,1,1,0.5,0,1,0.5,0,1,0.5,1,0,1,1,1,0,0.25,0,0.5,1,0,0
PAK,2018,0.7,0.55,0.85,1,1,1,1,1,1,1,0.75,0.5,1,0,1,1,1,0.75,0.5,1,0,1,1,1,0.75,0.5,1,0,1,1,1,1,1,1,1,1,1,1,0.5,0,1,0.5,0,1,0.5,1,0,1,1,1,0,0.25,0,0.5,1,0,0
PAK,2019,0.825,0.7,0.95,1,1,1,1,1,1,1,0.75,0.5,1,0,1,1,1,0.75,0.5,1,0,1,1,1,1,1,1,1,1,1,1,1,1,1,1,1,1,1,0.5,0,1,1,1,1,1,1,1,1,1,1,0,0.25,0,0.5,1,0,0
PAN,2015,0,0,0,0,0,0,0,0,0,0,0,0,0,0,0,0,0,0,0,0,0,0,0,0,0,0,0,0,0,0,0,0,0,0,0,0,0,0,0,0,0,0,0,0,0,0,0,0,0,0,0,0,0,0,0,0,0
PAN,2016,0,0,0,0,0,0,0,0,0,0,0,0,0,0,0,0,0,0,0,0,0,0,0,0,0,0,0,0,0,0,0,0,0,0,0,0,0,0,0,0,0,0,0,0,0,0,0,0,0,0,0,0,0,0,0,0,0
PAN,2017,0,0,0,0,0,0,0,0,0,0,0,0,0,0,0,0,0,0,0,0,0,0,0,0,0,0,0,0,0,0,0,0,0,0,0,0,0,0,0,0,0,0,0,0,0,0,0,0,0,0,0,0,0,0,0,0,0
PAN,2018,0,0,0,0,0,0,0,0,0,0,0,0,0,0,0,0,0,0,0,0,0,0,0,0,0,0,0,0,0,0,0,0,0,0,0,0,0,0,0,0,0,0,0,0,0,0,0,0,0,0,0,0,0,0,0,0,0
PAN,2019,0,0,0,0,0,0,0,0,0,0,0,0,0,0,0,0,0,0,0,0,0,0,0,0,0,0,0,0,0,0,0,0,0,0,0,0,0,0,0,0,0,0,0,0,0,0,0,0,0,0,0,0,0,0,0,0,0
PER,2015,0,0,0,0,0,0,0,0,0,0,0,0,0,0,0,0,0,0,0,0,0,0,0,0,0,0,0,0,0,0,0,0,0,0,0,0,0,0,0,0,0,0,0,0,0,0,0,0,0,0,0,0,0,0,0,0,0
PER,2016,0,0,0,0,0,0,0,0,0,0,0,0,0,0,0,0,0,0,0,0,0,0,0,0,0,0,0,0,0,0,0,0,0,0,0,0,0,0,0,0,0,0,0,0,0,0,0,0,0,0,0,0,0,0,0,0,0
PER,2017,0,0,0,0,0,0,0,0,0,0,0,0,0,0,0,0,0,0,0,0,0,0,0,0,0,0,0,0,0,0,0,0,0,0,0,0,0,0,0,0,0,0,0,0,0,0,0,0,0,0,0,0,0,0,0,0,0
PER,2018,0,0,0,0,0,0,0,0,0,0,0,0,0,0,0,0,0,0,0,0,0,0,0,0,0,0,0,0,0,0,0,0,0,0,0,0,0,0,0,0,0,0,0,0,0,0,0,0,0,0,0,0,0,0,0,0,0
PER,2019,0,0,0,0,0,0,0,0,0,0,0,0,0,0,0,0,0,0,0,0,0,0,0,0,0,0,0,0,0,0,0,0,0,0,0,0,0,0,0,0,0,0,0,0,0,0,0,0,0,0,0,0,0,0,0,0,0
PHL,2015,0.875,0.75,1,1,1,1,1,1,1,1,0.75,0.5,1,0,1,1,1,0.75,0.5,1,0,1,1,1,0.75,0.5,1,0,1,1,1,1,1,1,1,1,1,1,1,1,1,1,1,1,1,1,1,0.5,0,1,0,1,1,1,1,1,1
PHL,2016,0.875,0.75,1,1,1,1,1,1,1,1,0.75,0.5,1,0,1,1,1,0.75,0.5,1,0,1,1,1,0.75,0.5,1,0,1,1,1,1,1,1,1,1,1,1,1,1,1,1,1,1,1,1,1,0.5,0,1,0,1,1,1,1,1,1
PHL,2017,0.975,0.95,1,1,1,1,1,1,1,1,0.75,0.5,1,0,1,1,1,1,1,1,1,1,1,1,1,1,1,1,1,1,1,1,1,1,1,1,1,1,1,1,1,1,1,1,1,1,1,1,1,1,0,1,1,1,1,1,1
PHL,2018,0.975,0.95,1,1,1,1,1,1,1,1,0.75,0.5,1,0,1,1,1,1,1,1,1,1,1,1,1,1,1,1,1,1,1,1,1,1,1,1,1,1,1,1,1,1,1,1,1,1,1,1,1,1,0,1,1,1,1,1,1
PHL,2019,0.9,0.95,0.85,1,1,1,1,1,1,1,0.75,0.5,1,0,1,1,1,1,1,1,1,1,1,1,1,1,1,1,1,1,1,1,1,1,1,1,1,1,1,1,1,1,1,1,1,1,1,0.5,1,0,0,0.75,1,0.5,0,1,1
POL,2015,0.6,0.45,0.75,0.75,0.5,1,0,1,1,1,0.75,0.5,1,0,1,1,1,0.75,1,0.5,1,0,1,1,0.25,0,0.5,0,0,1,0,0.75,0.5,1,0,1,1,1,0.5,0,1,0.5,0,1,0,0,0,1,1,1,0,0.75,1,0.5,1,1,0
POL,2016,0.6,0.45,0.75,0.75,0.5,1,0,1,1,1,0.75,0.5,1,0,1,1,1,0.75,1,0.5,1,0,1,1,0.25,0,0.5,0,0,1,0,0.75,0.5,1,0,1,1,1,0.5,0,1,0.5,0,1,0,0,0,1,1,1,0,0.75,1,0.5,1,1,0
POL,2017,0.6,0.45,0.75,0.75,0.5,1,0,1,1,1,0.75,0.5,1,0,1,1,1,0.75,1,0.5,1,0,1,1,0.25,0,0.5,0,0,1,0,0.75,0.5,1,0,1,1,1,0.5,0,1,0.5,0,1,0,0,0,1,1,1,0,0.75,1,0.5,1,1,0
POL,2018,0.6,0.45,0.75,0.75,0.5,1,0,1,1,1,0.75,0.5,1,0,1,1,1,0.75,1,0.5,1,0,1,1,0.25,0,0.5,0,0,1,0,0.75,0.5,1,0,1,1,1,0.5,0,1,0.5,0,1,0,0,0,1,1,1,0,0.75,1,0.5,1,1,0
POL,2019,0.65,0.55,0.75,1,1,1,1,1,1,1,1,1,1,1,1,1,1,0.75,1,0.5,1,0,1,1,0.25,0,0.5,0,0,1,0,0.75,0.5,1,0,1,1,1,0.5,0,1,0.5,0,1,0,0,0,1,1,1,0,0.75,1,0.5,1,1,0
PRT,2015,0.25,0.3,0.2,0.5,0.5,0.5,0,1,0,1,0.75,1,0.5,1,1,0,1,0.25,0,0.5,0,1,0,0,0.5,0.5,0.5,0,1,0,1,0,0,0,0,0,0,0,0,0,0,0,0,0,0,0,0,0.5,1,0,0,0,0,0,0,0,0
PRT,2016,0.25,0.3,0.2,0.5,0.5,0.5,0,1,0,1,0.75,1,0.5,1,1,0,1,0.25,0,0.5,0,1,0,0,0.5,0.5,0.5,0,1,0,1,0,0,0,0,0,0,0,0,0,0,0,0,0,0,0,0,0.5,1,0,0,0,0,0,0,0,0
PRT,2017,0.25,0.3,0.2,0.5,0.5,0.5,0,1,0,1,0.75,1,0.5,1,1,0,1,0.25,0,0.5,0,1,0,0,0.5,0.5,0.5,0,1,0,1,0,0,0,0,0,0,0,0,0,0,0,0,0,0,0,0,0.5,1,0,0,0,0,0,0,0,0
PRT,2018,0.25,0.3,0.2,0.5,0.5,0.5,0,1,0,1,0.75,1,0.5,1,1,0,1,0.25,0,0.5,0,1,0,0,0.5,0.5,0.5,0,1,0,1,0,0,0,0,0,0,0,0,0,0,0,0,0,0,0,0,0.5,1,0,0,0,0,0,0,0,0
PRT,2019,0.25,0.3,0.2,0.5,0.5,0.5,0,1,0,1,0.75,1,0.5,1,1,0,1,0.25,0,0.5,0,1,0,0,0.5,0.5,0.5,0,1,0,1,0,0,0,0,0,0,0,0,0,0,0,0,0,0,0,0,0.5,1,0,0,0,0,0,0,0,0
PRY,2015,0.2,0.1,0.3,0,0,0,0,0,0,0,0.25,0,0.5,0,0,1,0,0.25,0.5,0,1,0,0,0,0,0,0,0,0,0,0,0.5,0.5,0.5,1,1,0,0,0,0,0,0.5,0,1,0.5,0,1,0,0,0,0,0,0,0,0,0,0
PRY,2016,0.225,0.1,0.35,0.25,0,0.5,0,0,1,0,0.25,0,0.5,0,0,1,0,0.25,0.5,0,1,0,0,0,0,0,0,0,0,0,0,0.5,0.5,0.5,1,1,0,0,0,0,0,0.5,0,1,0.5,0,1,0,0,0,0,0,0,0,0,0,0
PRY,2017,0.225,0.1,0.35,0.25,0,0.5,0,0,1,0,0.25,0,0.5,0,0,1,0,0.25,0.5,0,1,0,0,0,0,0,0,0,0,0,0,0.5,0.5,0.5,1,1,0,0,0,0,0,0.5,0,1,0.5,0,1,0,0,0,0,0,0,0,0,0,0
PRY,2018,0.225,0.1,0.35,0.25,0,0.5,0,0,1,0,0.25,0,0.5,0,0,1,0,0.25,0.5,0,1,0,0,0,0,0,0,0,0,0,0,0.5,0.5,0.5,1,1,0,0,0,0,0,0.5,0,1,0.5,0,1,0,0,0,0,0,0,0,0,0,0
PRY,2019,0.225,0.05,0.4,0.5,0,1,0,1,1,0,0.25,0,0.5,0,0,1,0,0,0,0,0,0,0,0,0,0,0,0,0,0,0,0.5,0.5,0.5,1,1,0,0,0,0,0,0.5,0,1,0.5,0,1,0,0,0,0,0,0,0,0,0,0
QAT,2015,0.2,0.25,0.15,0.5,0.5,0.5,1,1,0,0,0.25,0,0.5,0,1,0,0,0,0,0,0,0,0,0,0,0,0,0,0,0,0,0.25,0,0.5,0,1,0,0,0,0,0,0,0,0,0,0,0,0.5,1,0,0,0.5,1,0,0,1,0
QAT,2016,0.2,0.25,0.15,0.5,0.5,0.5,1,1,0,0,0.25,0,0.5,0,1,0,0,0,0,0,0,0,0,0,0,0,0,0,0,0,0,0.25,0,0.5,0,1,0,0,0,0,0,0,0,0,0,0,0,0.5,1,0,0,0.5,1,0,0,1,0
QAT,2017,0.2,0.25,0.15,0.5,0.5,0.5,1,1,0,0,0.25,0,0.5,0,1,0,0,0,0,0,0,0,0,0,0,0,0,0,0,0,0,0.25,0,0.5,0,1,0,0,0,0,0,0,0,0,0,0,0,0.5,1,0,0,0.5,1,0,0,1,0
QAT,2018,0.2,0.25,0.15,0.5,0.5,0.5,1,1,0,0,0.25,0,0.5,0,1,0,0,0,0,0,0,0,0,0,0,0,0,0,0,0,0,0.25,0,0.5,0,1,0,0,0,0,0,0,0,0,0,0,0,0.5,1,0,0,0.5,1,0,0,1,0
QAT,2019,0.2,0.25,0.15,0.5,0.5,0.5,1,1,0,0,0.25,0,0.5,0,1,0,0,0,0,0,0,0,0,0,0,0,0,0,0,0,0,0.25,0,0.5,0,1,0,0,0,0,0,0,0,0,0,0,0,0.5,1,0,0,0.5,1,0,0,1,0
RUS,2015,0.4,0.5,0.3,0.75,1,0.5,1,1,0,1,0.5,0.5,0.5,0,1,0,1,0.75,1,0.5,1,1,0,1,0.5,0.5,0.5,0,1,0,1,0,0,0,0,0,0,0,0,0,0,0,0,0,0,0,0,1,1,1,0,0.5,1,0,0,1,0
RUS,2016,0.4,0.5,0.3,0.75,1,0.5,1,1,0,1,0.5,0.5,0.5,0,1,0,1,0.75,1,0.5,1,1,0,1,0.5,0.5,0.5,0,1,0,1,0,0,0,0,0,0,0,0,0,0,0,0,0,0,0,0,1,1,1,0,0.5,1,0,0,1,0
RUS,2017,0.425,0.5,0.35,1,1,1,1,1,1,1,0.5,0.5,0.5,0,1,0,1,0.75,1,0.5,1,1,0,1,0.5,0.5,0.5,0,1,0,1,0,0,0,0,0,0,0,0,0,0,0,0,0,0,0,0,1,1,1,0,0.5,1,0,0,1,0
RUS,2018,0.575,0.55,0.6,1,1,1,1,1,1,1,0.5,0.5,0.5,0,1,0,1,0.75,1,0.5,1,1,0,1,1,1,1,1,1,1,1,0,0,0,0,0,0,0,0,0,0,0.5,0,1,0.5,0,1,1,1,1,0,0.5,1,0,0,1,0
RUS,2019,0.55,0.55,0.55,1,1,1,1,1,1,1,0.5,0.5,0.5,0,1,0,1,0.75,1,0.5,1,1,0,1,0.75,1,0.5,1,1,0,1,0,0,0,0,0,0,0,0,0,0,0.5,0,1,0.5,0,1,1,1,1,0,0.5,1,0,0,1,0
SAU,2015,0.825,0.85,0.8,1,1,1,1,1,1,1,1,1,1,1,1,1,1,1,1,1,1,1,1,1,0.5,0,1,0,1,1,0,0.75,0.5,1,0,1,1,1,1,1,1,1,1,1,1,1,1,0.5,1,0,0,0.5,1,0,0,1,0
SAU,2016,0.825,0.85,0.8,1,1,1,1,1,1,1,1,1,1,1,1,1,1,1,1,1,1,1,1,1,0.5,0,1,0,1,1,0,0.75,0.5,1,0,1,1,1,1,1,1,1,1,1,1,1,1,0.5,1,0,0,0.5,1,0,0,1,0
SAU,2017,0.875,0.85,0.9,1,1,1,1,1,1,1,1,1,1,1,1,1,1,1,1,1,1,1,1,1,0.5,0,1,0,1,1,0,0.75,0.5,1,0,1,1,1,1,1,1,1,1,1,1,1,1,1,1,1,0,0.5,1,0,0,1,0
SAU,2018,0.875,0.85,0.9,1,1,1,1,1,1,1,1,1,1,1,1,1,1,1,1,1,1,1,1,1,0.5,0,1,0,1,1,0,0.75,0.5,1,0,1,1,1,1,1,1,1,1,1,1,1,1,1,1,1,0,0.5,1,0,0,1,0
SAU,2019,0.875,0.85,0.9,1,1,1,1,1,1,1,1,1,1,1,1,1,1,1,1,1,1,1,1,1,0.5,0,1,0,1,1,0,0.75,0.5,1,0,1,1,1,1,1,1,1,1,1,1,1,1,1,1,1,0,0.5,1,0,0,1,0
SGP,2015,0.125,0.1,0.15,0,0,0,0,0,0,0,0,0,0,0,0,0,0,0,0,0,0,0,0,0,0,0,0,0,0,0,0,0,0,0,0,0,0,0,0,0,0,0.5,0,1,0,0,0,0,0,0,0,0.75,1,0.5,0,1,1
SGP,2016,0.125,0.1,0.15,0,0,0,0,0,0,0,0,0,0,0,0,0,0,0,0,0,0,0,0,0,0,0,0,0,0,0,0,0,0,0,0,0,0,0,0,0,0,0.5,0,1,0,0,0,0,0,0,0,0.75,1,0.5,0,1,1
SGP,2017,0.125,0.1,0.15,0,0,0,0,0,0,0,0,0,0,0,0,0,0,0,0,0,0,0,0,0,0,0,0,0,0,0,0,0,0,0,0,0,0,0,0,0,0,0.5,0,1,0,0,0,0,0,0,0,0.75,1,0.5,0,1,1
SGP,2018,0.125,0.1,0.15,0,0,0,0,0,0,0,0,0,0,0,0,0,0,0,0,0,0,0,0,0,0,0,0,0,0,0,0,0,0,0,0,0,0,0,0,0,0,0.5,0,1,0,0,0,0,0,0,0,0.75,1,0.5,0,1,1
SGP,2019,0.125,0.1,0.15,0,0,0,0,0,0,0,0,0,0,0,0,0,0,0,0,0,0,0,0,0,0,0,0,0,0,0,0,0,0,0,0,0,0,0,0,0,0,0.5,0,1,0,0,0,0,0,0,0,0.75,1,0.5,0,1,1
SLV,2015,0.175,0.1,0.25,0.25,0,0.5,0,0,1,0,0.25,0,0.5,0,0,1,0,0.25,0,0.5,0,0,1,0,0.25,0,0.5,0,0,1,0,0.25,0,0.5,0,0,1,0,0,0,0,0,0,0,0,0,0,0.5,1,0,0,0,0,0,0,0,0
SLV,2016,0.175,0.1,0.25,0.25,0,0.5,0,0,1,0,0.25,0,0.5,0,0,1,0,0.25,0,0.5,0,0,1,0,0.25,0,0.5,0,0,1,0,0.25,0,0.5,0,0,1,0,0,0,0,0,0,0,0,0,0,0.5,1,0,0,0,0,0,0,0,0
SLV,2017,0.225,0.1,0.35,0.25,0,0.5,0,0,1,0,0.25,0,0.5,0,0,1,0,0.25,0,0.5,0,0,1,0,0.25,0,0.5,0,0,1,0,0.25,0,0.5,0,0,1,0,0,0,0,0.5,0,1,0,0,0,0.5,1,0,0,0,0,0,0,0,0
SLV,2018,0.225,0.1,0.35,0.25,0,0.5,0,0,1,0,0.25,0,0.5,0,0,1,0,0.25,0,0.5,0,0,1,0,0.25,0,0.5,0,0,1,0,0.25,0,0.5,0,0,1,0,0,0,0,0.5,0,1,0,0,0,0.5,1,0,0,0,0,0,0,0,0
SLV,2019,0.225,0.1,0.35,0.25,0,0.5,0,0,1,0,0.25,0,0.5,0,0,1,0,0.25,0,0.5,0,0,1,0,0.25,0,0.5,0,0,1,0,0.25,0,0.5,0,0,1,0,0,0,0,0.5,0,1,0,0,0,0.5,1,0,0,0,0,0,0,0,0
SVN,2015,0.425,0.45,0.4,0.5,0.5,0.5,0,1,0,1,0.5,0.5,0.5,0,1,0,1,0.5,0.5,0.5,0,1,0,1,0.5,0.5,0.5,0,1,0,1,0.5,0.5,0.5,0,1,0,1,0,0,0,0.5,0,1,0,0,0,0.5,1,0,0,0.75,1,0.5,1,1,0
SVN,2016,0.375,0.35,0.4,0.5,0.5,0.5,0,1,0,1,0.5,0.5,0.5,0,1,0,1,0.5,0.5,0.5,0,1,0,1,0.5,0.5,0.5,0,1,0,1,0.5,0.5,0.5,0,1,0,1,0,0,0,0.5,0,1,0,0,0,0,0,0,0,0.75,1,0.5,1,1,0
SVN,2017,0.375,0.35,0.4,0.5,0.5,0.5,0,1,0,1,0.5,0.5,0.5,0,1,0,1,0.5,0.5,0.5,0,1,0,1,0.5,0.5,0.5,0,1,0,1,0.5,0.5,0.5,0,1,0,1,0,0,0,0.5,0,1,0,0,0,0,0,0,0,0.75,1,0.5,1,1,0
SVN,2018,0.375,0.35,0.4,0.5,0.5,0.5,0,1,0,1,0.5,0.5,0.5,0,1,0,1,0.5,0.5,0.5,0,1,0,1,0.5,0.5,0.5,0,1,0,1,0.5,0.5,0.5,0,1,0,1,0,0,0,0.5,0,1,0,0,0,0,0,0,0,0.75,1,0.5,1,1,0
SVN,2019,0.275,0.15,0.4,0.25,0,0.5,0,1,0,0,0.25,0,0.5,0,1,0,0,0.25,0,0.5,0,1,0,0,0.5,0.5,0.5,0,1,0,1,0.25,0,0.5,0,1,0,0,0,0,0,0.5,0,1,0,0,0,0,0,0,0,0.75,1,0.5,1,1,0
SWE,2015,0,0,0,0,0,0,0,0,0,0,0,0,0,0,0,0,0,0,0,0,0,0,0,0,0,0,0,0,0,0,0,0,0,0,0,0,0,0,0,0,0,0,0,0,0,0,0,0,0,0,0,0,0,0,0,0,0
SWE,2016,0.2,0,0.4,0.25,0,0.5,0,0,1,0,0.25,0,0.5,0,0,1,0,0.25,0,0.5,0,0,1,0,0.25,0,0.5,0,0,1,0,0.25,0,0.5,0,0,1,0,0,0,0,0.5,0,1,0,0,0,0,0,0,0,0.25,0,0.5,1,0,0
SWE,2017,0.2,0,0.4,0.25,0,0.5,0,0,1,0,0.25,0,0.5,0,0,1,0,0.25,0,0.5,0,0,1,0,0.25,0,0.5,0,0,1,0,0.25,0,0.5,0,0,1,0,0,0,0,0.5,0,1,0,0,0,0,0,0,0,0.25,0,0.5,1,0,0
SWE,2018,0.2,0,0.4,0.25,0,0.5,0,0,1,0,0.25,0,0.5,0,0,1,0,0.25,0,0.5,0,0,1,0,0.25,0,0.5,0,0,1,0,0.25,0,0.5,0,0,1,0,0,0,0,0.5,0,1,0,0,0,0,0,0,0,0.25,0,0.5,1,0,0
SWE,2019,0.2,0,0.4,0.25,0,0.5,0,0,1,0,0.25,0,0.5,0,0,1,0,0.25,0,0.5,0,0,1,0,0.25,0,0.5,0,0,1,0,0.25,0,0.5,0,0,1,0,0,0,0,0.5,0,1,0,0,0,0,0,0,0,0.25,0,0.5,1,0,0
SWZ,2015,0.8,0.7,0.9,0.75,0.5,1,0,1,1,1,0.75,0.5,1,0,1,1,1,0.5,0.5,0.5,0,0,1,1,0.5,0.5,0.5,0,0,1,1,1,1,1,1,1,1,1,1,1,1,1,1,1,1,1,1,0.5,0,1,0,1,1,1,1,1,1
SWZ,2016,0.8,0.7,0.9,0.75,0.5,1,0,1,1,1,0.75,0.5,1,0,1,1,1,0.5,0.5,0.5,0,0,1,1,0.5,0.5,0.5,0,0,1,1,1,1,1,1,1,1,1,1,1,1,1,1,1,1,1,1,0.5,0,1,0,1,1,1,1,1,1
SWZ,2017,0.8,0.7,0.9,0.75,0.5,1,0,1,1,1,0.75,0.5,1,0,1,1,1,0.5,0.5,0.5,0,0,1,1,0.5,0.5,0.5,0,0,1,1,1,1,1,1,1,1,1,1,1,1,1,1,1,1,1,1,0.5,0,1,0,1,1,1,1,1,1
SWZ,2018,0.8,0.7,0.9,0.75,0.5,1,0,1,1,1,0.75,0.5,1,0,1,1,1,0.5,0.5,0.5,0,0,1,1,0.5,0.5,0.5,0,0,1,1,1,1,1,1,1,1,1,1,1,1,1,1,1,1,1,1,0.5,0,1,0,1,1,1,1,1,1
SWZ,2019,0.8,0.7,0.9,0.75,0.5,1,0,1,1,1,0.75,0.5,1,0,1,1,1,0.5,0.5,0.5,0,0,1,1,0.5,0.5,0.5,0,0,1,1,1,1,1,1,1,1,1,1,1,1,1,1,1,1,1,1,0.5,0,1,0,1,1,1,1,1,1
TGO,2015,0.7,0.45,0.95,0.5,0,1,0,1,1,0,0.75,0.5,1,0,1,1,1,0.5,0,1,0,1,1,0,0.5,0,1,0,1,1,0,0.75,1,0.5,1,0,1,1,1,1,1,1,1,1,1,1,1,0.5,0,1,1,0.5,0,1,1,0,1
TGO,2016,0.7,0.45,0.95,0.5,0,1,0,1,1,0,0.75,0.5,1,0,1,1,1,0.5,0,1,0,1,1,0,0.5,0,1,0,1,1,0,0.75,1,0.5,1,0,1,1,1,1,1,1,1,1,1,1,1,0.5,0,1,1,0.5,0,1,1,0,1
TGO,2017,0.7,0.45,0.95,0.5,0,1,0,1,1,0,0.75,0.5,1,0,1,1,1,0.5,0,1,0,1,1,0,0.5,0,1,0,1,1,0,0.75,1,0.5,1,0,1,1,1,1,1,1,1,1,1,1,1,0.5,0,1,1,0.5,0,1,1,0,1
TGO,2018,0.7,0.45,0.95,0.5,0,1,0,1,1,0,0.75,0.5,1,0,1,1,1,0.5,0,1,0,1,1,0,0.5,0,1,0,1,1,0,0.75,1,0.5,1,0,1,1,1,1,1,1,1,1,1,1,1,0.5,0,1,1,0.5,0,1,1,0,1
TGO,2019,0.7,0.45,0.95,0.5,0,1,0,1,1,0,0.75,0.5,1,0,1,1,1,0.5,0,1,0,1,1,0,0.5,0,1,0,1,1,0,0.75,1,0.5,1,0,1,1,1,1,1,1,1,1,1,1,1,0.5,0,1,1,0.5,0,1,1,0,1
THA,2015,0.725,0.7,0.75,1,1,1,1,1,1,1,1,1,1,1,1,1,1,1,1,1,1,1,1,1,0.5,0,1,0,1,1,0,1,1,1,1,1,1,1,0,0,0,1,1,1,0.5,0,1,0.5,1,0,0,0.75,1,0.5,1,1,0
THA,2016,0.725,0.7,0.75,1,1,1,1,1,1,1,1,1,1,1,1,1,1,1,1,1,1,1,1,1,0.5,0,1,0,1,1,0,1,1,1,1,1,1,1,0,0,0,1,1,1,0.5,0,1,0.5,1,0,0,0.75,1,0.5,1,1,0
THA,2017,0.725,0.7,0.75,1,1,1,1,1,1,1,1,1,1,1,1,1,1,1,1,1,1,1,1,1,0.5,0,1,0,1,1,0,1,1,1,1,1,1,1,0,0,0,1,1,1,0.5,0,1,0.5,1,0,0,0.75,1,0.5,1,1,0
THA,2018,0.725,0.7,0.75,1,1,1,1,1,1,1,1,1,1,1,1,1,1,1,1,1,1,1,1,1,0.5,0,1,0,1,1,0,1,1,1,1,1,1,1,0,0,0,1,1,1,0.5,0,1,0.5,1,0,0,0.75,1,0.5,1,1,0
THA,2019,0.725,0.7,0.75,1,1,1,1,1,1,1,1,1,1,1,1,1,1,1,1,1,1,1,1,1,0.5,0,1,0,1,1,0,1,1,1,1,1,1,1,0,0,0,1,1,1,0.5,0,1,0.5,1,0,0,0.75,1,0.5,1,1,0
TUN,2015,1,1,1,1,1,1,1,1,1,1,1,1,1,1,1,1,1,1,1,1,1,1,1,1,1,1,1,1,1,1,1,1,1,1,1,1,1,1,1,1,1,1,1,1,1,1,1,1,1,1,0,1,1,1,1,1,1
TUN,2016,1,1,1,1,1,1,1,1,1,1,1,1,1,1,1,1,1,1,1,1,1,1,1,1,1,1,1,1,1,1,1,1,1,1,1,1,1,1,1,1,1,1,1,1,1,1,1,1,1,1,0,1,1,1,1,1,1
TUN,2017,0.975,0.95,1,0.75,0.5,1,0,1,1,1,1,1,1,1,1,1,1,1,1,1,1,1,1,1,1,1,1,1,1,1,1,1,1,1,1,1,1,1,1,1,1,1,1,1,1,1,1,1,1,1,0,1,1,1,1,1,1
TUN,2018,0.975,0.95,1,0.75,0.5,1,0,1,1,1,1,1,1,1,1,1,1,1,1,1,1,1,1,1,1,1,1,1,1,1,1,1,1,1,1,1,1,1,1,1,1,1,1,1,1,1,1,1,1,1,0,1,1,1,1,1,1
TUN,2019,0.9,0.9,0.9,0.75,0.5,1,0,1,1,1,1,1,1,1,1,1,1,1,1,1,1,1,1,1,0.75,0.5,1,0,1,1,1,1,1,1,1,1,1,1,1,1,1,0.5,1,0,1,1,1,1,1,1,0,1,1,1,1,1,1
TUR,2015,0.7,0.65,0.75,1,1,1,1,1,1,1,0.75,0.5,1,1,1,1,0,0.75,0.5,1,0,1,1,1,0.75,0.5,1,0,1,1,1,0.5,0,1,0,1,1,0,1,1,1,1,1,1,0,0,0,0.5,1,0,0,0.75,1,0.5,1,1,0
TUR,2016,0.7,0.65,0.75,1,1,1,1,1,1,1,0.75,0.5,1,1,1,1,0,0.75,0.5,1,0,1,1,1,0.75,0.5,1,0,1,1,1,0.5,0,1,0,1,1,0,1,1,1,1,1,1,0,0,0,0.5,1,0,0,0.75,1,0.5,1,1,0
TUR,2017,0.7,0.65,0.75,1,1,1,1,1,1,1,0.75,0.5,1,1,1,1,0,0.75,0.5,1,0,1,1,1,0.75,0.5,1,0,1,1,1,0.5,0,1,0,1,1,0,1,1,1,1,1,1,0,0,0,0.5,1,0,0,0.75,1,0.5,1,1,0
TUR,2018,0.7,0.65,0.75,1,1,1,1,1,1,1,0.75,0.5,1,1,1,1,0,0.75,0.5,1,0,1,1,1,0.75,0.5,1,0,1,1,1,0.5,0,1,0,1,1,0,1,1,1,1,1,1,0,0,0,0.5,1,0,0,0.75,1,0.5,1,1,0
TUR,2019,0.7,0.65,0.75,1,1,1,1,1,1,1,0.75,0.5,1,1,1,1,0,0.75,0.5,1,0,1,1,1,0.75,0.5,1,0,1,1,1,0.5,0,1,0,1,1,0,1,1,1,1,1,1,0,0,0,0.5,1,0,0,0.75,1,0.5,1,1,0
TZA,2015,1,1,1,1,1,1,1,1,1,1,1,1,1,1,1,1,1,1,1,1,1,1,1,1,1,1,1,1,1,1,1,1,1,1,1,1,1,1,1,1,1,1,1,1,1,1,1,1,1,1,0,1,1,1,1,1,1
TZA,2016,0.8,0.75,0.85,0.5,0.5,0.5,0,0,1,1,1,1,1,1,1,1,1,1,1,1,1,1,1,1,1,1,1,1,1,1,1,1,1,1,1,1,1,1,0,0,0,1,1,1,1,1,1,0.5,0,1,0,1,1,1,1,1,1
TZA,2017,0.8,0.75,0.85,0.5,0.5,0.5,0,0,1,1,1,1,1,1,1,1,1,1,1,1,1,1,1,1,1,1,1,1,1,1,1,1,1,1,1,1,1,1,0,0,0,1,1,1,1,1,1,0.5,0,1,0,1,1,1,1,1,1
TZA,2018,0.8,0.75,0.85,0.5,0.5,0.5,0,0,1,1,1,1,1,1,1,1,1,1,1,1,1,1,1,1,1,1,1,1,1,1,1,1,1,1,1,1,1,1,0,0,0,1,1,1,1,1,1,0.5,0,1,0,1,1,1,1,1,1
TZA,2019,0.8,0.75,0.85,0.5,0.5,0.5,0,0,1,1,1,1,1,1,1,1,1,1,1,1,1,1,1,1,1,1,1,1,1,1,1,1,1,1,1,1,1,1,0,0,0,1,1,1,1,1,1,0.5,0,1,0,1,1,1,1,1,1
UGA,2015,0.05,0.1,0,0,0,0,0,0,0,0,0,0,0,0,0,0,0,0,0,0,0,0,0,0,0,0,0,0,0,0,0,0,0,0,0,0,0,0,0,0,0,0,0,0,0,0,0,0,0,0,0,0.5,1,0,0,1,0
UGA,2016,0.05,0.1,0,0,0,0,0,0,0,0,0,0,0,0,0,0,0,0,0,0,0,0,0,0,0,0,0,0,0,0,0,0,0,0,0,0,0,0,0,0,0,0,0,0,0,0,0,0,0,0,0,0.5,1,0,0,1,0
UGA,2017,0.05,0.1,0,0,0,0,0,0,0,0,0,0,0,0,0,0,0,0,0,0,0,0,0,0,0,0,0,0,0,0,0,0,0,0,0,0,0,0,0,0,0,0,0,0,0,0,0,0,0,0,0,0.5,1,0,0,1,0
UGA,2018,0.05,0.1,0,0,0,0,0,0,0,0,0,0,0,0,0,0,0,0,0,0,0,0,0,0,0,0,0,0,0,0,0,0,0,0,0,0,0,0,0,0,0,0,0,0,0,0,0,0,0,0,0,0.5,1,0,0,1,0
UGA,2019,0.05,0.1,0,0,0,0,0,0,0,0,0,0,0,0,0,0,0,0,0,0,0,0,0,0,0,0,0,0,0,0,0,0,0,0,0,0,0,0,0,0,0,0,0,0,0,0,0,0,0,0,0,0.5,1,0,0,1,0
UKR,2015,0.825,0.7,0.95,1,1,1,1,1,1,1,1,1,1,1,1,1,1,1,1,1,1,1,1,1,1,1,1,1,1,1,1,1,1,1,1,1,1,1,0.5,0,1,1,1,1,0.5,0,1,1,1,1,1,0.25,0,0.5,1,0,0
UKR,2016,0.825,0.7,0.95,1,1,1,1,1,1,1,1,1,1,1,1,1,1,1,1,1,1,1,1,1,1,1,1,1,1,1,1,1,1,1,1,1,1,1,0.5,0,1,1,1,1,0.5,0,1,1,1,1,1,0.25,0,0.5,1,0,0
UKR,2017,0.825,0.7,0.95,1,1,1,1,1,1,1,1,1,1,1,1,1,1,1,1,1,1,1,1,1,1,1,1,1,1,1,1,1,1,1,1,1,1,1,0.5,0,1,1,1,1,0.5,0,1,1,1,1,1,0.25,0,0.5,1,0,0
UKR,2018,0.75,0.55,0.95,0.75,0.5,1,0,1,1,1,1,1,1,1,1,1,1,1,1,1,1,1,1,1,1,1,1,1,1,1,1,1,1,1,1,1,1,1,0.5,0,1,1,1,1,0.5,0,1,0.5,0,1,1,0.25,0,0.5,1,0,0
UKR,2019,0.75,0.55,0.95,0.75,0.5,1,0,1,1,1,1,1,1,1,1,1,1,1,1,1,1,1,1,1,1,1,1,1,1,1,1,1,1,1,1,1,1,1,0.5,0,1,1,1,1,0.5,0,1,0.5,0,1,1,0.25,0,0.5,1,0,0
URY,2015,0,0,0,0,0,0,0,0,0,0,0,0,0,0,0,0,0,0,0,0,0,0,0,0,0,0,0,0,0,0,0,0,0,0,0,0,0,0,0,0,0,0,0,0,0,0,0,0,0,0,0,0,0,0,0,0,0
URY,2016,0,0,0,0,0,0,0,0,0,0,0,0,0,0,0,0,0,0,0,0,0,0,0,0,0,0,0,0,0,0,0,0,0,0,0,0,0,0,0,0,0,0,0,0,0,0,0,0,0,0,0,0,0,0,0,0,0
URY,2017,0,0,0,0,0,0,0,0,0,0,0,0,0,0,0,0,0,0,0,0,0,0,0,0,0,0,0,0,0,0,0,0,0,0,0,0,0,0,0,0,0,0,0,0,0,0,0,0,0,0,0,0,0,0,0,0,0
URY,2018,0,0,0,0,0,0,0,0,0,0,0,0,0,0,0,0,0,0,0,0,0,0,0,0,0,0,0,0,0,0,0,0,0,0,0,0,0,0,0,0,0,0,0,0,0,0,0,0,0,0,0,0,0,0,0,0,0
URY,2019,0,0,0,0,0,0,0,0,0,0,0,0,0,0,0,0,0,0,0,0,0,0,0,0,0,0,0,0,0,0,0,0,0,0,0,0,0,0,0,0,0,0,0,0,0,0,0,0,0,0,0,0,0,0,0,0,0
USA,2015,0.125,0.1,0.15,0,0,0,0,0,0,0,0.25,0,0.5,0,1,0,0,0.25,0,0.5,0,1,0,0,0.25,0,0.5,0,1,0,0,0,0,0,0,0,0,0,0,0,0,0,0,0,0,0,0,0,0,0,0,0.5,1,0,0,1,0
USA,2016,0.125,0.1,0.15,0,0,0,0,0,0,0,0.25,0,0.5,0,1,0,0,0.25,0,0.5,0,1,0,0,0.25,0,0.5,0,1,0,0,0,0,0,0,0,0,0,0,0,0,0,0,0,0,0,0,0,0,0,0,0.5,1,0,0,1,0
USA,2017,0.125,0.1,0.15,0,0,0,0,0,0,0,0.25,0,0.5,0,1,0,0,0.25,0,0.5,0,1,0,0,0.25,0,0.5,0,1,0,0,0,0,0,0,0,0,0,0,0,0,0,0,0,0,0,0,0,0,0,0,0.5,1,0,0,1,0
USA,2018,0.125,0.1,0.15,0,0,0,0,0,0,0,0.25,0,0.5,0,1,0,0,0.25,0,0.5,0,1,0,0,0.25,0,0.5,0,1,0,0,0,0,0,0,0,0,0,0,0,0,0,0,0,0,0,0,0,0,0,0,0.5,1,0,0,1,0
USA,2019,0.125,0.1,0.15,0,0,0,0,0,0,0,0.25,0,0.5,0,1,0,0,0.25,0,0.5,0,1,0,0,0.25,0,0.5,0,1,0,0,0,0,0,0,0,0,0,0,0,0,0,0,0,0,0,0,0,0,0,0,0.5,1,0,0,1,0
UZB,2015,0.85,0.8,0.9,1,1,1,1,1,1,1,1,1,1,1,1,1,1,1,1,1,1,1,1,1,1,1,1,1,1,1,1,1,1,1,1,1,,1,0.5,0,1,0.5,0,1,1,1,1,0.5,1,0,1,1,1,1,1,1,1
UZB,2016,0.85,0.8,0.9,1,1,1,1,1,1,1,1,1,1,1,1,1,1,1,1,1,1,1,1,1,1,1,1,1,1,1,1,1,1,1,1,1,,1,0.5,0,1,0.5,0,1,1,1,1,0.5,1,0,1,1,1,1,1,1,1
UZB,2017,0.85,0.8,0.9,1,1,1,1,1,1,1,1,1,1,1,1,1,1,1,1,1,1,1,1,1,1,1,1,1,1,1,1,1,1,1,1,1,,1,0.5,0,1,0.5,0,1,1,1,1,0.5,1,0,1,1,1,1,1,1,1
UZB,2018,0.9,0.8,1,1,1,1,1,1,1,1,1,1,1,1,1,1,1,1,1,1,1,1,1,1,1,1,1,1,1,1,1,1,1,1,1,1,,1,0.5,0,1,0.5,0,1,1,1,1,1,1,1,1,1,1,1,1,1,1
UZB,2019,0.9,0.8,1,1,1,1,1,1,1,1,1,1,1,1,1,1,1,1,1,1,1,1,1,1,1,1,1,1,1,1,1,1,1,1,1,1,,1,0.5,0,1,0.5,0,1,1,1,1,1,1,1,1,1,1,1,1,1,1
VEN,2015,0.675,0.85,0.5,0.75,1,0.5,1,1,0,1,0.75,1,0.5,1,1,0,1,0.5,0.5,0.5,0,1,0,1,0.75,1,0.5,1,1,0,1,0.75,1,0.5,1,1,0,1,1,1,,1,1,,1,1,1,0.5,1,0,1,0.25,0,0.5,1,0,0
VEN,2016,0.675,0.85,0.5,0.75,1,0.5,1,1,0,1,0.75,1,0.5,1,1,0,1,0.5,0.5,0.5,0,1,0,1,0.75,1,0.5,1,1,0,1,0.75,1,0.5,1,1,0,1,1,1,,1,1,,1,1,1,0.5,1,0,1,0.25,0,0.5,1,0,0
VEN,2017,0.675,0.85,0.5,0.75,1,0.5,1,1,0,1,0.75,1,0.5,1,1,0,1,0.5,0.5,0.5,0,1,0,1,0.75,1,0.5,1,1,0,1,0.75,1,0.5,1,1,0,1,1,1,,1,1,,1,1,1,0.5,1,0,1,0.25,0,0.5,1,0,0
VEN,2018,0.675,0.85,0.5,0.75,1,0.5,1,1,0,1,0.75,1,0.5,1,1,0,1,0.5,0.5,0.5,0,1,0,1,0.75,1,0.5,1,1,0,1,0.75,1,0.5,1,1,0,1,1,1,,1,1,,1,1,1,0.5,1,0,1,0.25,0,0.5,1,0,0
VEN,2019,0.675,0.85,0.5,0.75,1,0.5,1,1,0,1,0.75,1,0.5,1,1,0,1,0.5,0.5,0.5,0,1,0,1,0.75,1,0.5,1,1,0,1,0.75,1,0.5,1,1,0,1,1,1,,1,1,,1,1,1,0.5,1,0,1,0.25,0,0.5,1,0,0
VNM,2015,0.875,0.85,0.9,1,1,1,1,1,1,1,1,1,1,1,1,1,1,1,1,1,1,1,1,1,1,1,1,1,1,1,1,0.75,0.5,1,0,1,1,1,1,1,1,1,1,1,0.5,0,1,1,1,1,0,0.5,1,0,,1,0
VNM,2016,0.875,0.85,0.9,1,1,1,1,1,1,1,1,1,1,1,1,1,1,1,1,1,1,1,1,1,1,1,1,1,1,1,1,0.75,0.5,1,0,1,1,1,1,1,1,1,1,1,0.5,0,1,1,1,1,0,0.5,1,0,,1,0
VNM,2017,0.875,0.85,0.9,1,1,1,1,1,1,1,1,1,1,1,1,1,1,1,1,1,1,1,1,1,1,1,1,1,1,1,1,0.75,0.5,1,0,1,1,1,1,1,1,1,1,1,0.5,0,1,1,1,1,0,0.5,1,0,,1,0
VNM,2018,0.875,0.85,0.9,1,1,1,1,1,1,1,1,1,1,1,1,1,1,1,1,1,1,1,1,1,1,1,1,1,1,1,1,0.75,0.5,1,0,1,1,1,1,1,1,1,1,1,0.5,0,1,1,1,1,0,0.5,1,0,,1,0
VNM,2019,0.875,0.85,0.9,1,1,1,1,1,1,1,1,1,1,1,1,1,1,1,1,1,1,1,1,1,1,1,1,1,1,1,1,0.75,0.5,1,0,1,1,1,1,1,1,1,1,1,0.5,0,1,1,1,1,0,0.5,1,0,0,1,0
YEM,2015,0.1,0.2,0,0,0,0,0,0,0,0,0,0,0,0,0,0,0,0,0,0,0,0,0,0,0,0,0,0,0,0,0,0,0,0,0,0,0,0,0,0,0,0.5,1,0,0,0,0,0.5,1,0,0,0,0,0,0,0,0
YEM,2016,0.1,0.2,0,0,0,0,0,0,0,0,0,0,0,0,0,0,0,0,0,0,0,0,0,0,0,0,0,0,0,0,0,0,0,0,0,0,0,0,0,0,0,0.5,1,0,0,0,0,0.5,1,0,0,0,0,0,0,0,0
YEM,2017,0.1,0.2,0,0,0,0,0,0,0,0,0,0,0,0,0,0,0,0,0,0,0,0,0,0,0,0,0,0,0,0,0,0,0,0,0,0,0,0,0,0,0,0.5,1,0,0,0,0,0.5,1,0,0,0,0,0,0,0,0
YEM,2018,0.1,0.2,0,0,0,0,0,0,0,0,0,0,0,0,0,0,0,0,0,0,0,0,0,0,0,0,0,0,0,0,0,0,0,0,0,0,0,0,0,0,0,0.5,1,0,0,0,0,0.5,1,0,0,0,0,0,0,0,0
YEM,2019,0.1,0.2,0,0,0,0,0,0,0,0,0,0,0,0,0,0,0,0,0,0,0,0,0,0,0,0,0,0,0,0,0,0,0,0,0,0,0,0,0,0,0,0.5,1,0,0,0,0,0.5,1,0,0,0,0,0,0,0,0
ZAF,2015,0.7,0.45,0.95,0.75,0.5,1,0,1,1,1,0.75,0.5,1,0,1,1,1,0.75,0.5,1,0,1,1,1,0.75,0.5,1,0,1,1,1,0.75,0.5,1,0,1,1,1,0.5,0,1,1,1,1,0.5,0,1,1,1,1,0,0.25,0,0.5,1,0,0
ZAF,2016,0.7,0.45,0.95,0.75,0.5,1,0,1,1,1,0.75,0.5,1,0,1,1,1,0.75,0.5,1,0,1,1,1,0.75,0.5,1,0,1,1,1,0.75,0.5,1,0,1,1,1,0.5,0,1,1,1,1,0.5,0,1,1,1,1,0,0.25,0,0.5,1,0,0
ZAF,2017,0.75,0.55,0.95,0.75,0.5,1,0,1,1,1,0.75,0.5,1,0,1,1,1,0.75,0.5,1,0,1,1,1,0.75,0.5,1,0,1,1,1,0.75,0.5,1,0,1,1,1,0.5,0,1,1,1,1,0.5,0,1,1,1,1,0,0.75,1,0.5,1,1,0
ZAF,2018,0.75,0.55,0.95,0.75,0.5,1,0,1,1,1,0.75,0.5,1,0,1,1,1,0.75,0.5,1,0,1,1,1,0.75,0.5,1,0,1,1,1,0.75,0.5,1,0,1,1,1,0.5,0,1,1,1,1,0.5,0,1,1,1,1,0,0.75,1,0.5,1,1,0
ZAF,2019,0.75,0.55,0.95,0.75,0.5,1,0,1,1,1,0.75,0.5,1,0,1,1,1,0.75,0.5,1,0,1,1,1,0.75,0.5,1,0,1,1,1,0.75,0.5,1,0,1,1,1,0.5,0,1,1,1,1,0.5,0,1,1,1,1,0,0.75,1,0.5,1,1,0
ZMB,2015,0,0,0,0,0,0,0,0,0,0,0,0,0,0,0,0,0,0,0,0,0,0,0,0,0,0,0,0,0,0,0,0,0,0,0,0,0,0,0,0,0,0,0,0,0,0,0,0,0,0,0,0,0,0,0,0,0
ZMB,2016,0,0,0,0,0,0,0,0,0,0,0,0,0,0,0,0,0,0,0,0,0,0,0,0,0,0,0,0,0,0,0,0,0,0,0,0,0,0,0,0,0,0,0,0,0,0,0,0,0,0,0,0,0,0,0,0,0
ZMB,2017,0,0,0,0,0,0,0,0,0,0,0,0,0,0,0,0,0,0,0,0,0,0,0,0,0,0,0,0,0,0,0,0,0,0,0,0,0,0,0,0,0,0,0,0,0,0,0,0,0,0,0,0,0,0,0,0,0
ZMB,2018,0,0,0,0,0,0,0,0,0,0,0,0,0,0,0,0,0,0,0,0,0,0,0,0,0,0,0,0,0,0,0,0,0,0,0,0,0,0,0,0,0,0,0,0,0,0,0,0,0,0,0,0,0,0,0,0,0
ZMB,2019,0,0,0,0,0,0,0,0,0,0,0,0,0,0,0,0,0,0,0,0,0,0,0,0,0,0,0,0,0,0,0,0,0,0,0,0,0,0,0,0,0,0,0,0,0,0,0,0,0,0,0,0,0,0,0,0,0
