iso3,year,share
AFG,2011,0.0901
AFG,2014,0.0996
AFG,2017,0.1489
AFG,2021,0.0965
AGO,2011,0.3920
AGO,2014,0.2932
ALB,2011,0.2827
ALB,2014,0.3799
ALB,2017,0.4002
ALB,2021,0.4417
ALB,2024,0.4607
ARE,2011,0.5973
ARE,2014,0.8374
ARE,2017,0.8821
ARE,2021,0.8574
ARG,2011,0.3313
ARG,2014,0.5020
ARG,2017,0.4871
ARG,2021,0.7163
ARG,2024,0.8174
ARM,2011,0.1749
ARM,2014,0.1767
ARM,2017,0.4776
ARM,2021,0.5535
ARM,2024,0.7137
AUS,2011,0.9906
AUS,2014,0.9886
AUS,2017,0.9952
AUS,2021,0.9932
AUS,2024,0.9801
AUT,2011,0.9708
AUT,2014,0.9673
AUT,2017,0.9816
AUT,2021,0.9995
AUT,2024,0.9951
AZE,2011,0.1490
AZE,2014,0.2915
AZE,2017,0.2857
AZE,2022,0.4626
AZE,2024,0.5630
BDI,2011,0.0724
BDI,2014,0.0711
BEL,2011,0.9631
BEL,2014,0.9813
BEL,2017,0.9864
BEL,2021,0.9901
BEL,2024,0.9824
BEN,2011,0.1046
BEN,2014,0.1662
BEN,2017,0.3849
BEN,2021,0.4861
BEN,2024,0.5184
BFA,2011,0.1335
BFA,2014,0.1436
BFA,2017,0.4316
BFA,2021,0.3611
BFA,2024,0.5143
BGD,2011,0.3174
BGD,2014,0.3099
BGD,2017,0.5005
BGD,2021,0.5281
BGD,2024,0.4328
BGR,2011,0.5282
BGR,2014,0.6299
BGR,2017,0.7220
BGR,2021,0.8397
BGR,2024,0.8472
BHR,2011,0.6451
BHR,2014,0.8194
BHR,2017,0.8261
BHR,2024,0.8232
BIH,2011,0.5621
BIH,2014,0.5269
BIH,2017,0.5884
BIH,2021,0.7934
BIH,2024,0.7746
BLR,2011,0.5860
BLR,2014,0.7198
BLR,2017,0.8116
BLZ,2014,0.4821
BLZ,2024,0.6797
BOL,2011,0.2803
BOL,2014,0.4180
BOL,2017,0.5441
BOL,2021,0.6889
BOL,2024,0.5685
BRA,2011,0.5586
BRA,2014,0.6812
BRA,2017,0.7004
BRA,2021,0.8404
BRA,2024,0.8638
BTN,2014,0.3367
BWA,2011,0.3026
BWA,2014,0.5196
BWA,2017,0.5103
BWA,2022,0.5876
BWA,2024,0.6144
CAF,2011,0.0330
CAF,2017,0.1375
CAN,2011,0.9580
CAN,2014,0.9910
CAN,2017,0.9973
CAN,2021,0.9963
CAN,2024,0.9840
CHE,2014,0.9799
CHE,2017,0.9843
CHE,2021,0.9949
CHE,2024,0.9841
CHL,2011,0.4218
CHL,2014,0.6326
CHL,2017,0.7435
CHL,2021,0.8706
CHL,2024,0.8507
CHN,2011,0.6382
CHN,2014,0.7897
CHN,2017,0.7953
CHN,2021,0.8871
CHN,2024,0.8938
CIV,2014,0.3432
CIV,2017,0.4133
CIV,2021,0.5076
CIV,2024,0.5757
CMR,2011,0.1481
CMR,2014,0.1218
CMR,2017,0.3459
CMR,2021,0.5165
CMR,2024,0.6087
COD,2011,0.0370
COD,2014,0.1748
COD,2017,0.2583
COD,2022,0.2744
COD,2024,0.3921
COG,2011,0.1005
COG,2014,0.1707
COG,2017,0.2609
COG,2021,0.4714
COG,2024,0.5558
COL,2011,0.3043
COL,2014,0.3900
COL,2017,0.4576
COL,2021,0.5972
COL,2024,0.5706
COM,2011,0.2169
COM,2022,0.3425
COM,2024,0.4546
CRI,2011,0.5036
CRI,2014,0.6455
CRI,2017,0.6784
CRI,2021,0.6849
CRI,2024,0.7135
CYP,2011,0.8524
CYP,2014,0.9015
CYP,2017,0.8872
CYP,2021,0.9313
CYP,2024,0.9613
CZE,2011,0.8065
CZE,2014,0.8218
CZE,2017,0.8099
CZE,2021,0.9494
CZE,2024,0.9228
DEU,2011,0.9813
DEU,2014,0.9876
DEU,2017,0.9914
DEU,2021,0.9998
DEU,2024,0.9830
DJI,2011,0.1227
DNK,2011,0.9974
DNK,2014,1.0000
DNK,2017,0.9992
DNK,2021,1.0000
DNK,2024,0.9865
DOM,2011,0.3820
DOM,2014,0.5409
DOM,2017,0.5624
DOM,2021,0.5130
DOM,2024,0.6478
DZA,2011,0.3329
DZA,2014,0.5048
DZA,2017,0.4278
DZA,2021,0.4410
DZA,2024,0.3529
ECU,2011,0.3674
ECU,2014,0.4621
ECU,2017,0.5125
ECU,2021,0.6418
ECU,2024,0.6451
EGY,2011,0.0972
EGY,2014,0.1413
EGY,2017,0.3278
EGY,2021,0.2744
EGY,2024,0.4311
ESP,2011,0.9328
ESP,2014,0.9758
ESP,2017,0.9376
ESP,2021,0.9830
ESP,2024,0.9838
EST,2011,0.9682
EST,2014,0.9767
EST,2017,0.9799
EST,2021,0.9938
EST,2024,0.9890
ETH,2014,0.2179
ETH,2017,0.3483
ETH,2022,0.4648
ETH,2024,0.4883
FIN,2011,0.9965
FIN,2014,1.0000
FIN,2017,0.9979
FIN,2021,0.9953
FIN,2024,0.9984
FRA,2011,0.9698
FRA,2014,0.9658
FRA,2017,0.9400
FRA,2021,0.9924
FRA,2024,0.9919
GAB,2011,0.1895
GAB,2014,0.3301
GAB,2017,0.5860
GAB,2021,0.6609
GAB,2024,0.6818
GBR,2011,0.9720
GBR,2014,0.9893
GBR,2017,0.9637
GBR,2021,0.9976
GBR,2024,0.9928
GEO,2011,0.3298
GEO,2014,0.3967
GEO,2017,0.6123
GEO,2021,0.7050
GEO,2024,0.7882
GHA,2011,0.2943
GHA,2014,0.4051
GHA,2017,0.5772
GHA,2021,0.6823
GHA,2024,0.8124
GIN,2011,0.0369
GIN,2014,0.0696
GIN,2017,0.2349
GIN,2021,0.3044
GIN,2024,0.3605
GMB,2017,0.2856
GMB,2022,0.3301
GMB,2024,0.3816
GRC,2011,0.7794
GRC,2014,0.8752
GRC,2017,0.8547
GRC,2021,0.9488
GRC,2024,0.8855
GTM,2011,0.2232
GTM,2014,0.4135
GTM,2017,0.4411
GTM,2022,0.3698
GTM,2024,0.3828
HKG,2011,0.8869
HKG,2014,0.9615
HKG,2017,0.9528
HKG,2021,0.9780
HKG,2024,0.9731
HND,2011,0.2051
HND,2014,0.3149
HND,2017,0.4534
HND,2021,0.3785
HND,2024,0.4244
HRV,2011,0.8839
HRV,2014,0.8603
HRV,2017,0.8614
HRV,2021,0.9180
HRV,2024,0.9264
HTI,2011,0.2201
HTI,2014,0.1886
HTI,2017,0.3262
HUN,2011,0.7267
HUN,2014,0.7226
HUN,2017,0.7494
HUN,2021,0.8822
HUN,2024,0.8696
IDN,2011,0.1958
IDN,2014,0.3606
IDN,2017,0.4886
IDN,2021,0.5176
IDN,2024,0.5633
IND,2011,0.3523
IND,2014,0.5314
IND,2017,0.7988
IND,2021,0.7753
IND,2024,0.8902
IRL,2011,0.9389
IRL,2014,0.9471
IRL,2017,0.9534
IRL,2021,0.9966
IRL,2024,0.9829
IRN,2011,0.7368
IRN,2014,0.9228
IRN,2017,0.9398
IRN,2021,0.8998
IRN,2024,0.9106
IRQ,2011,0.1055
IRQ,2014,0.1097
IRQ,2017,0.2267
IRQ,2021,0.1857
IRQ,2024,0.3016
ISL,2021,1.0000
ISL,2024,0.9985
ISR,2011,0.9047
ISR,2014,0.8995
ISR,2017,0.9281
ISR,2021,0.9293
ISR,2024,0.8927
ITA,2011,0.7101
ITA,2014,0.8733
ITA,2017,0.9379
ITA,2021,0.9729
ITA,2024,0.8602
JAM,2011,0.7099
JAM,2014,0.7846
JAM,2021,0.7330
JOR,2011,0.2547
JOR,2014,0.2462
JOR,2017,0.4249
JOR,2021,0.4712
JOR,2024,0.4646
JPN,2011,0.9642
JPN,2014,0.9665
JPN,2017,0.9824
JPN,2021,0.9849
JPN,2024,0.9852
KAZ,2011,0.4211
KAZ,2014,0.5391
KAZ,2017,0.5870
KAZ,2021,0.8111
KAZ,2024,0.8705
KEN,2011,0.4234
KEN,2014,0.7466
KEN,2017,0.8157
KEN,2021,0.7920
KEN,2024,0.9012
KGZ,2011,0.0376
KGZ,2014,0.1847
KGZ,2017,0.3994
KGZ,2021,0.4509
KGZ,2024,0.7226
KHM,2011,0.0366
KHM,2014,0.2217
KHM,2017,0.2167
KHM,2021,0.3339
KHM,2024,0.3903
KOR,2011,0.9305
KOR,2014,0.9436
KOR,2017,0.9485
KOR,2021,0.9867
KOR,2024,0.9689
KWT,2011,0.8677
KWT,2014,0.7291
KWT,2017,0.7984
KWT,2024,0.7446
LAO,2011,0.2677
LAO,2017,0.2906
LAO,2021,0.3732
LAO,2024,0.3765
LBN,2011,0.3703
LBN,2014,0.4693
LBN,2017,0.4475
LBN,2021,0.2070
LBN,2024,0.2304
LBR,2011,0.1880
LBR,2017,0.3571
LBR,2021,0.5163
LBR,2024,0.5221
LBY,2017,0.6567
LBY,2024,0.3312
LKA,2011,0.6853
LKA,2014,0.8269
LKA,2017,0.7365
LKA,2021,0.8927
LKA,2024,0.8169
LSO,2011,0.1850
LSO,2017,0.4556
LSO,2022,0.6363
LSO,2024,0.6157
LTU,2011,0.7376
LTU,2014,0.7791
LTU,2017,0.8288
LTU,2021,0.9353
LTU,2024,0.9899
LUX,2011,0.9459
LUX,2014,0.9617
LUX,2017,0.9877
LVA,2011,0.8966
LVA,2014,0.9022
LVA,2017,0.9322
LVA,2021,0.9662
LVA,2024,0.9497
MAR,2021,0.4437
MAR,2024,0.4439
MDA,2011,0.1807
MDA,2014,0.1776
MDA,2017,0.4379
MDA,2021,0.6425
MDA,2024,0.5554
MDG,2011,0.0552
MDG,2014,0.0855
MDG,2017,0.1787
MDG,2022,0.2630
MDG,2024,0.2445
MDV,2017,0.7955
MEX,2011,0.2743
MEX,2014,0.3914
MEX,2017,0.3604
MEX,2022,0.4897
MEX,2024,0.5303
MKD,2011,0.7370
MKD,2014,0.7180
MKD,2017,0.7657
MKD,2021,0.8529
MKD,2024,0.8425
MLI,2011,0.0821
MLI,2014,0.2008
MLI,2017,0.3542
MLI,2021,0.4350
MLI,2024,0.5475
MLT,2011,0.9527
MLT,2014,0.9633
MLT,2017,0.9736
MLT,2021,0.9645
MLT,2024,0.9656
MMR,2014,0.2278
MMR,2017,0.2599
MMR,2021,0.4779
MNE,2011,0.5044
MNE,2014,0.5983
MNE,2017,0.6836
MNE,2024,0.7541
MNG,2011,0.7772
MNG,2014,0.9182
MNG,2017,0.9297
MNG,2021,0.9846
MNG,2024,0.9828
MOZ,2017,0.4167
MOZ,2021,0.4949
MOZ,2024,0.5439
MRT,2011,0.1746
MRT,2014,0.2287
MRT,2017,0.2087
MRT,2022,0.2346
MRT,2024,0.2731
MUS,2011,0.8012
MUS,2014,0.8221
MUS,2017,0.8984
MUS,2021,0.9053
MUS,2024,0.8960
MWI,2011,0.1654
MWI,2014,0.1809
MWI,2017,0.3371
MWI,2021,0.4271
MWI,2024,0.5037
MYS,2011,0.6617
MYS,2014,0.8067
MYS,2017,0.8534
MYS,2021,0.8837
MYS,2024,0.8869
NAM,2014,0.5883
NAM,2017,0.8063
NAM,2021,0.7135
NAM,2024,0.7292
NER,2011,0.0152
NER,2014,0.0671
NER,2017,0.1552
NER,2022,0.1169
NER,2024,0.1483
NGA,2011,0.2967
NGA,2014,0.4444
NGA,2017,0.3967
NGA,2021,0.4532
NGA,2024,0.6326
NIC,2011,0.1422
NIC,2014,0.1944
NIC,2017,0.3086
NIC,2021,0.2603
NIC,2024,0.2347
NLD,2011,0.9866
NLD,2014,0.9930
NLD,2017,0.9964
NLD,2021,0.9973
NLD,2024,0.9917
NOR,2014,1.0000
NOR,2017,0.9975
NOR,2021,0.9948
NOR,2024,0.9856
NPL,2011,0.2531
NPL,2014,0.3380
NPL,2017,0.4539
NPL,2021,0.5400
NPL,2024,0.5999
NZL,2011,0.9944
NZL,2014,0.9953
NZL,2017,0.9918
NZL,2021,0.9875
NZL,2024,0.9786
OMN,2011,0.7360
OMN,2024,0.6954
PAK,2011,0.1031
PAK,2014,0.1304
PAK,2017,0.2129
PAK,2021,0.2098
PAK,2024,0.2730
PAN,2011,0.2493
PAN,2014,0.4366
PAN,2017,0.4649
PAN,2021,0.4497
PAN,2024,0.6410
PER,2011,0.2046
PER,2014,0.2898
PER,2017,0.4260
PER,2021,0.5750
PER,2024,0.5931
PHL,2011,0.2656
PHL,2014,0.3129
PHL,2017,0.3450
PHL,2021,0.5137
PHL,2024,0.5018
POL,2011,0.7019
POL,2014,0.7786
POL,2017,0.8673
POL,2021,0.9572
POL,2024,0.8614
PRI,2014,0.6974
PRT,2011,0.8123
PRT,2014,0.8739
PRT,2017,0.9234
PRT,2021,0.9265
PRT,2024,0.9140
PRY,2011,0.2172
PRY,2017,0.4865
PRY,2021,0.5442
PRY,2024,0.6092
PSE,2011,0.1943
PSE,2014,0.2424
PSE,2017,0.2502
PSE,2021,0.3364
PSE,2024,0.3962
QAT,2011,0.6588
ROU,2011,0.4459
ROU,2014,0.6084
ROU,2017,0.5775
ROU,2021,0.6912
ROU,2024,0.7134
RUS,2011,0.4818
RUS,2014,0.6738
RUS,2017,0.7576
RUS,2021,0.8972
RUS,2024,0.7934
RWA,2011,0.3276
RWA,2014,0.4212
RWA,2017,0.5002
SAU,2011,0.4642
SAU,2014,0.6941
SAU,2017,0.7170
SAU,2021,0.7432
SAU,2024,0.7884
SDN,2011,0.0690
SDN,2014,0.1527
SEN,2011,0.0582
SEN,2014,0.1542
SEN,2017,0.4234
SEN,2021,0.5596
SEN,2024,0.7646
SGP,2011,0.9822
SGP,2014,0.9635
SGP,2017,0.9793
SGP,2021,0.9755
SGP,2024,0.9797
SLE,2011,0.1534
SLE,2014,0.1558
SLE,2017,0.1981
SLE,2021,0.2885
SLE,2024,0.3862
SLV,2011,0.1376
SLV,2014,0.3672
SLV,2017,0.3035
SLV,2021,0.3585
SLV,2024,0.4340
SOM,2014,0.3866
SRB,2011,0.6222
SRB,2014,0.8309
SRB,2017,0.7144
SRB,2021,0.8942
SRB,2024,0.8325
SSD,2017,0.0857
SSD,2021,0.0583
SVK,2011,0.7958
SVK,2014,0.7724
SVK,2017,0.8418
SVK,2021,0.9562
SVK,2024,0.9222
SVN,2011,0.9714
SVN,2014,0.9724
SVN,2017,0.9753
SVN,2021,0.9905
SVN,2024,0.9875
SWE,2011,0.9899
SWE,2014,0.9972
SWE,2017,0.9974
SWE,2021,0.9969
SWE,2024,0.9857
SWZ,2011,0.2857
SWZ,2022,0.6618
SWZ,2024,0.6512
SYR,2011,0.2325
TCD,2011,0.0896
TCD,2014,0.1243
TCD,2017,0.2176
TCD,2022,0.2365
TCD,2024,0.2090
TGO,2011,0.1019
TGO,2014,0.1825
TGO,2017,0.4529
TGO,2021,0.4961
TGO,2024,0.5743
THA,2011,0.7267
THA,2014,0.7814
THA,2017,0.8159
THA,2021,0.9558
THA,2024,0.9182
TJK,2011,0.0253
TJK,2014,0.1146
TJK,2017,0.4702
TJK,2021,0.3949
TJK,2024,0.5452
TKM,2011,0.0040
TKM,2017,0.4058
TTO,2011,0.7592
TTO,2017,0.8078
TTO,2024,0.7459
TUN,2014,0.2743
TUN,2017,0.3691
TUN,2021,0.3685
TUN,2024,0.3784
TUR,2011,0.5760
TUR,2014,0.5668
TUR,2017,0.6859
TUR,2021,0.7409
TUR,2024,0.8155
TZA,2011,0.1726
TZA,2014,0.3978
TZA,2017,0.4675
TZA,2021,0.5243
TZA,2024,0.5983
UGA,2011,0.2046
UGA,2014,0.4445
UGA,2017,0.5920
UGA,2021,0.6591
UGA,2024,0.7283
UKR,2011,0.4127
UKR,2014,0.5271
UKR,2017,0.6290
UKR,2021,0.8356
UKR,2024,0.8758
URY,2011,0.2354
URY,2014,0.4559
URY,2017,0.6387
URY,2021,0.7413
URY,2024,0.7375
USA,2011,0.8796
USA,2014,0.9358
USA,2017,0.9312
USA,2021,0.9495
USA,2024,0.9702
UZB,2011,0.2250
UZB,2014,0.4071
UZB,2017,0.3709
UZB,2021,0.4413
UZB,2024,0.5966
VEN,2011,0.4412
VEN,2014,0.5703
VEN,2017,0.7349
VEN,2021,0.8439
VEN,2024,0.8732
VNM,2011,0.2137
VNM,2014,0.3095
VNM,2017,0.3080
VNM,2022,0.5627
VNM,2024,0.7055
XKX,2011,0.4431
XKX,2014,0.4780
XKX,2017,0.5227
XKX,2021,0.5801
XKX,2024,0.6416
YEM,2011,0.0366
YEM,2014,0.0645
YEM,2022,0.1190
ZAF,2011,0.5365
ZAF,2014,0.7032
ZAF,2017,0.6922
ZAF,2021,0.8538
ZAF,2024,0.8113
ZMB,2011,0.2136
ZMB,2014,0.3564
ZMB,2017,0.4586
ZMB,2021,0.4852
ZMB,2024,0.7270
ZWE,2011,0.3965
ZWE,2014,0.3239
ZWE,2017,0.5529
ZWE,2021,0.5975
ZWE,2024,0.4952
