iso3,patience,risk_taking,positive_reciprocity,negative_reciprocity,altruism,trust
AFG,-0.20136,0.12076,0.28964,0.25471,0.16646,0.31596
ARE,-0.09132,0.08652,0.0732,0.2219,0.15418,0.50711
ARG,-0.22931,0.0415,0.15968,-0.14046,0.02735,-0.20673
AUS,0.657,0.13714,0.06966,0.02219,0.15533,0.29897
AUT,0.60829,-0.06183,0.16105,-0.05542,-0.03536,0.15463
BGD,0.08114,-0.19807,0.15437,0.11329,0.90646,-0.17337
BIH,-0.24726,-0.12564,0.09646,0.42935,-0.11531,-0.19311
BOL,0.07133,0.10304,0.10792,-0.00374,-0.00519,-0.16033
BRA,-0.26004,-0.2506,0.35124,-0.20163,0.46436,-0.00269
BWA,0.23399,0.69738,-0.25867,-0.17272,-0.14206,-0.33846
CAN,0.71848,0.18355,0.1968,0.0229,0.22934,0.24528
CHE,0.66974,-0.01934,0.12516,-0.01074,0.09471,0.08828
CHL,-0.15541,0.12537,0.02495,-0.12847,-0.10584,-0.08321
CHN,0.3981,-0.01981,0.47934,0.02585,0.50483,0.55281
CMR,-0.42749,-0.53506,0.15298,-0.32454,0.14826,-0.53092
COL,-0.34593,-0.04517,0.19964,-0.30921,0.09587,0.00555
CRI,-0.16307,0.00167,0.14476,-0.43378,0.41821,-0.1491
CZE,0.38435,-0.02046,-0.30194,0.29034,-0.93962,-0.45068
DEU,0.6244,-0.04449,-0.07987,-0.29427,-0.051,-0.11882
DZA,0.05982,0.39153,-0.59826,0.2549,-0.00997,-0.17737
EGY,-0.38319,-0.2809,0.56998,0.03484,0.63415,0.60902
ESP,0.19847,-0.1584,0.31589,0.17694,-0.12915,0.24104
EST,0.02531,-0.29543,-0.49283,-0.22174,-0.56669,0.08613
FIN,0.59955,-0.28276,0.0886,-0.13624,-0.2501,0.09991
FRA,0.35687,-0.0301,-0.12235,0.52805,-0.17471,-0.16548
GBR,0.53502,0.04868,-0.03833,0.02455,0.02845,0.2347
GEO,-0.48543,-0.08132,0.56275,-0.25436,0.62782,-0.20485
GHA,0.08462,0.61845,-0.22071,-0.07418,0.11105,-0.19802
GRC,-0.36009,-0.15707,-0.04377,0.42932,-0.17282,-0.35151
GTM,-0.25726,-0.21859,-0.06493,-0.48931,-0.134,-0.36296
HRV,-0.09371,0.06844,0.1886,0.73891,-0.07095,0.10512
HTI,-0.37566,0.01933,-0.69852,0.23039,-0.52285,-0.15751
HUN,-0.43092,-0.49846,-0.06583,-0.16625,-0.59088,0.53217
IDN,-0.36182,-0.32164,0.14521,0.15127,0.10293,0.2636
IND,-0.10873,-0.27525,-0.45383,0.0712,-0.26762,-0.20398
IRN,-0.38072,0.33788,0.55093,0.11851,0.5905,0.30047
IRQ,-0.41696,0.16579,-0.28883,0.09444,-0.23216,0.28962
ISR,0.45681,0.24376,-0.00995,0.19927,-0.32634,-0.05366
ITA,0.10849,-0.09365,0.17642,0.31128,0.34591,-0.07473
JOR,-0.41848,-0.1248,0.28745,-0.31516,0.15912,0.3898
JPN,0.10841,-0.35584,-0.23702,0.22034,-0.24104,-0.51873
KAZ,-0.25866,0.24511,0.30767,-0.20161,0.17297,0.15294
KEN,-0.07622,0.2439,-0.3185,-0.09605,-0.31699,-0.4223
KHM,-0.1199,-0.40464,0.17168,-0.06205,-0.21616,-0.07914
KOR,0.36925,-0.03935,-0.16841,0.66479,0.39362,-0.09921
LKA,-0.10093,0.06271,0.26989,-0.11727,0.5116,-0.2722
LTU,-0.06174,-0.04594,-0.53169,0.05421,-0.72996,-0.1775
MAR,-0.31073,-0.06896,0.55314,-0.48759,0.55904,-0.09031
MDA,0.19501,-0.03477,0.20628,0.4949,0.18737,0.00118
MEX,-0.10843,-0.13892,-1.03798,-0.11465,-0.81309,-0.35707
MWI,-0.04559,0.47504,0.02389,-0.40469,-0.08847,-0.47344
NGA,-0.20042,0.38598,-0.37476,0.1765,-0.14436,-0.0578
NIC,-0.61252,-0.54723,-0.41597,-0.38825,-0.17819,0.02299
NLD,0.95171,0.18933,-0.1484,0.41444,-0.19006,0.29806
PAK,-0.08311,0.01962,-0.02244,0.15997,-0.27611,-0.10337
PER,-0.10893,0.15494,-0.08683,0.02901,-0.13272,-0.09692
PHL,0.09911,0.29465,0.21248,-0.15015,0.38087,0.35706
POL,0.07167,-0.07357,-0.16396,0.29653,-0.37012,-0.14705
PRT,-0.31164,-0.79243,0.18641,-0.37548,0.04927,0.08259
ROU,-0.26815,-0.22955,-0.11752,-0.38202,-0.23912,-0.21705
RUS,-0.07528,-0.32336,-0.09341,-0.15547,-0.06924,-0.15077
RWA,-0.60603,-0.28969,-0.57998,-0.05933,-0.14199,-0.12548
SAU,0.20012,0.69575,-0.48708,0.59956,-0.37127,0.30015
SRB,-0.13782,-0.12962,0.37642,-0.0439,-0.31642,-0.1602
SUR,0.00672,0.17821,0.16492,0.01512,0.09016,0.11636
SWE,1.07145,0.05185,-0.0277,-0.09452,-0.16686,0.30693
THA,-0.22973,-0.12359,0.30433,0.23696,-0.14669,0.34844
TUR,-0.0474,0.02343,-0.44318,0.51676,-0.27897,0.12911
TZA,-0.32498,0.49187,-0.88646,0.04065,-0.45672,-0.14714
UGA,-0.25526,0.16259,-0.27727,-0.17409,-0.28195,-0.70644
UKR,-0.18167,-0.21867,0.16584,-0.19131,-0.12227,-0.09239
USA,0.81126,0.11659,0.20365,0.01155,0.40643,0.15037
VEN,-0.22712,0.24952,0.04784,-0.20395,0.0804,0.11499
VNM,0.1105,-0.00868,-0.26563,-0.14013,-0.15892,0.14363
ZAF,0.05791,0.9706,-0.83418,0.02678,-0.32111,-0.16692
ZWE,-0.23859,0.52319,-0.16466,-0.12766,-0.04084,-0.50913
