iso3,census_year,regions,total,less_than_primary,primary,secondary,university
ARG,2001,major,3.82,2.36,3.05,5.21,7.95
ARG,2001,minor,7.39,6.28,6.47,8.83,11.54
ARM,2011,major,2.79,1.01,1.79,2.71,3.69
BLR,1999,major,6.85,4.38,4.39,8.01,7.47
BOL,2001,major,7.36,5.02,7.79,9.60,10.05
BOL,2001,minor,12.48,9.48,13.60,14.95,13.10
BRA,2010,major,2.67,1.98,2.88,2.98,3.68
BRA,2010,minor,7.59,5.91,8.16,8.56,9.44
BWA,2011,major,22.32,7.98,21.04,34.69,41.33
CAN,2001,major,3.34,0.97,2.22,3.29,5.34
CAN,2001,minor,12.42,5.75,8.66,12.90,17.42
CHE,2000,major,6.34,3.92,-,6.22,11.89
CHE,2000,minor,20.51,14.38,-,20.73,28.07
CHL,2002,major,7.58,4.39,6.73,9.64,12.19
CHL,2002,minor,17.37,10.06,15.56,21.79,28.95
CHN,2000,major,12.30,4.27,11.03,24.45,35.19
CMR,2005,major,8.83,4.40,10.15,16.78,16.21
CMR,2005,minor,12.95,6.66,14.98,23.39,21.86
COL,2005,major,4.34,2.81,4.30,5.49,5.86
COL,2005,minor,7.59,5.79,7.54,8.96,8.87
CRI,2011,major,5.54,4.43,4.98,6.14,7.69
CRI,2011,minor,10.63,8.59,9.58,11.57,14.74
CUB,2002,major,2.61,1.69,2.58,2.78,3.11
CUB,2002,minor,5.71,3.43,5.08,6.63,8.48
DOM,2010,major,5.13,4.21,5.30,6.13,4.95
DOM,2010,minor,6.24,5.16,6.52,7.34,5.97
ECU,2010,major,5.22,3.91,5.23,6.47,5.26
EGY,2006,major,1.65,1.26,1.25,1.99,2.65
ESP,2011,major,3.75,2.10,2.75,4.59,6.60
ESP,2011,minor,10.72,4.99,8.10,13.88,16.92
ETH,2007,major,9.06,6.22,19.31,28.03,34.79
FJI,2005,major,15.58,8.73,13.56,20.97,23.86
FRA,2006,major,6.62,2.69,3.90,6.60,12.55
FRA,2006,minor,10.44,4.48,5.89,10.56,19.64
GHA,2000,major,3.97,2.90,4.53,6.44,5.82
GHA,2000,minor,6.62,4.63,7.78,10.79,10.34
GIN,1996,major,13.65,11.99,23.87,32.59,36.16
GIN,1996,minor,5.96,6.03,6.12,5.31,3.31
GRC,2001,major,6.17,2.34,3.88,8.82,10.27
GRC,2001,minor,10.39,3.70,6.86,14.40,17.53
HTI,2003,major,2.41,2.07,2.95,2.95,2.12
IDN,2005,major,2.18,0.64,1.73,4.41,5.66
IDN,2005,minor,4.39,1.38,3.57,8.59,11.60
IND,1999,major,1.21,0.83,1.33,1.78,2.84
IND,1999,minor,3.92,2.65,4.05,6.06,9.92
IRN,2006,major,3.99,1.62,4.05,5.78,7.42
IRN,2006,minor,6.84,2.94,6.85,9.84,12.75
IRQ,1997,major,2.88,2.83,2.92,2.84,3.21
JAM,2001,major,8.87,3.73,4.50,11.82,14.50
KEN,2009,major,16.61,7.62,16.40,29.12,40.65
KGZ,1999,major,8.12,2.37,5.35,9.26,10.64
KGZ,1999,minor,11.39,3.60,7.48,13.07,14.19
KHM,2008,major,10.34,8.14,11.64,18.83,30.49
MAR,2004,major,5.29,1.65,5.44,7.98,17.40
MAR,2004,minor,8.83,3.99,9.21,13.10,23.51
MEX,2010,major,3.60,1.86,3.38,4.76,6.12
MEX,2010,minor,7.03,3.57,6.69,9.22,11.77
MLI,2009,major,6.74,5.64,9.83,19.01,17.71
MLI,2009,minor,7.98,6.82,11.35,20.88,18.99
MOZ,2007,major,2.88,2.06,6.10,11.70,15.81
MOZ,2007,minor,7.63,6.28,13.28,20.28,19.45
MWI,2008,major,10.63,7.17,14.61,26.71,41.80
MYS,2000,major,5.29,1.65,5.44,7.98,17.40
MYS,2000,minor,8.83,3.99,9.21,13.10,23.51
NIC,2005,major,2.87,2.82,2.75,2.99,3.69
NIC,2005,minor,4.61,4.80,4.42,4.23,5.12
NPL,2001,major,6.09,3.90,4.09,5.20,11.20
PER,2007,major,6.87,3.96,6.79,8.29,8.21
PER,2007,minor,9.45,5.92,9.44,11.11,11.13
PHL,2000,major,3.62,1.76,3.05,4.80,5.03
PHL,2000,minor,4.97,2.68,4.24,6.39,7.08
PRT,2011,major,2.74,1.29,2.36,3.67,6.49
PRT,2011,minor,6.79,2.88,6.57,9.79,14.46
PRY,2002,major,10.87,7.62,11.18,12.91,13.34
PRY,2002,minor,14.94,11.42,15.61,17.11,15.79
ROU,2002,major,2.12,0.81,1.31,1.96,5.29
RWA,2002,minor,13.77,11.23,18.36,43.91,68.72
SEN,2002,major,4.29,3.62,5.56,9.23,8.18
SEN,2002,minor,8.63,7.25,11.70,16.60,15.48
SLV,2007,major,3.26,2.58,3.51,4.02,5.15
SLV,2007,minor,5.87,4.55,6.47,7.48,8.10
SVN,2002,major,2.26,1.18,1.28,2.29,6.19
SVN,2002,minor,7.27,2.99,4.81,7.97,13.47
THA,2000,major,4.39,1.90,5.33,8.51,8.32
TTO,2000,major,8.91,5.15,7.15,10.77,20.27
UGA,2002,minor,8.79,6.23,10.86,17.67,24.44
URY,2011,major,5.14,2.75,4.44,7.70,6.53
URY,2011,minor,7.28,4.92,6.92,9.31,7.36
USA,2000,major,9.00,4.84,5.81,8.43,13.79
VNM,2009,major,5.00,2.18,4.82,9.71,8.79
VNM,2009,minor,7.41,3.20,6.84,13.82,16.99
ZAF,2001,major,4.67,2.46,4.20,7.58,10.80
